USE poliklinika;

SET FOREIGN_KEY_CHECKS = 0;
TRUNCATE TABLE uplata;
TRUNCATE TABLE stavka_racuna;
TRUNCATE TABLE racun;
TRUNCATE TABLE nacin_placanja;
TRUNCATE TABLE preporuceni_lijek;
TRUNCATE TABLE terapija;
TRUNCATE TABLE laboratorijski_rezultat;
TRUNCATE TABLE laboratorijski_parametar;
TRUNCATE TABLE nalaz;
TRUNCATE TABLE tip_nalaza;
TRUNCATE TABLE pregled_dijagnoza;
TRUNCATE TABLE dijagnoza;
TRUNCATE TABLE pregled_usluga;
TRUNCATE TABLE pregled;
TRUNCATE TABLE termin_pacijenta_usluga;
TRUNCATE TABLE termin_pacijenta;
TRUNCATE TABLE raspored_zaposlenika;
TRUNCATE TABLE cijena_usluge;
TRUNCATE TABLE usluga;
TRUNCATE TABLE zaposlenik;
TRUNCATE TABLE specijalizacija;
TRUNCATE TABLE ordinacija;
TRUNCATE TABLE odjel;
TRUNCATE TABLE pacijent;
SET FOREIGN_KEY_CHECKS = 1;

-- pacijent: 200 redaka
INSERT INTO pacijent (id, oib, mbo, ime, prezime, spol, datum_rodjenja, broj_mobitela, email_adresa, adresa_stanovanja, grad, biljeska, vrijeme_kreiranja, vrijeme_azuriranja) VALUES
(1, 30000000001, 100000001, 'Ana', 'Maric', 'ž', '1991-05-08', '+385911000001', 'ana.maric1@example.hr', 'Europska avenija 146', 'Zagreb', 'Nema posebnih napomena.', '2026-01-05 08:01:00', '2026-01-08 08:01:00'),
(2, 30000000002, 100000002, 'Luka', 'Boric', 'm', '2013-03-05', '+385911000002', 'luka.boric2@example.hr', 'Kneza Branimira 141', 'Rijeka', 'Pacijent donosi vanjske nalaze.', '2026-02-13 08:02:00', '2026-02-16 08:02:00'),
(3, 30000000003, 100000003, 'Lucija', 'Simic', 'ž', '1970-12-10', '+385911000003', 'lucija.simic3@example.hr', 'Radnicka 113', 'Dakovo', 'Kontrolni pregledi po potrebi.', '2026-01-27 08:03:00', '2026-01-27 08:03:00'),
(4, 30000000004, 100000004, 'Matej', 'Peric', 'm', '1953-06-01', '+385911000004', 'matej.peric4@example.hr', 'Kapucinska 59', 'Nasice', 'Alergija navedena u anamnezi.', '2026-02-08 08:04:00', '2026-02-08 08:04:00'),
(5, 30000000005, 100000005, 'Mia', 'Erceg', 'ž', '1952-04-03', '+385911000005', 'mia.erceg5@example.hr', 'Radnicka 19', 'Dakovo', 'Alergija navedena u anamnezi.', '2026-01-04 08:05:00', '2026-01-06 08:05:00'),
(6, 30000000006, 100000006, 'Hrvoje', 'Kralj', 'm', '2014-03-24', '+385911000006', 'hrvoje.kralj6@example.hr', 'Gunduliceva 122', 'Split', 'Kontrolni pregledi po potrebi.', '2026-02-07 08:06:00', '2026-02-10 08:06:00'),
(7, 30000000007, 100000007, 'Lucija', 'Maric', 'ž', '1957-11-14', '+385911000007', 'lucija.maric7@example.hr', 'Dubrovacka 106', 'Vinkovci', 'Nema posebnih napomena.', '2026-01-24 08:07:00', '2026-01-24 08:07:00'),
(8, 30000000008, 100000008, 'Marko', 'Vidovic', 'm', '1988-02-08', '+385911000008', 'marko.vidovic8@example.hr', 'Europska avenija 138', 'Vinkovci', 'Alergija navedena u anamnezi.', '2026-01-14 08:08:00', '2026-01-17 08:08:00'),
(9, 30000000009, 100000009, 'Iva', 'Vukovic', 'ž', '2004-04-28', '+385911000009', 'iva.vukovic9@example.hr', 'Kneza Branimira 141', 'Zagreb', 'Nema posebnih napomena.', '2026-01-06 08:09:00', '2026-01-06 08:09:00'),
(10, 30000000010, 100000010, 'Luka', 'Boric', 'm', '1975-03-14', '+385911000010', 'luka.boric10@example.hr', 'Kneza Branimira 55', 'Slavonski Brod', 'Nema posebnih napomena.', '2026-02-02 08:10:00', '2026-02-03 08:10:00'),
(11, 30000000011, 100000011, 'Ivana', 'Horvat', 'ž', '1994-05-26', '+385911000011', 'ivana.horvat11@example.hr', 'Zagrebacka 109', 'Dakovo', 'Kontrolni pregledi po potrebi.', '2026-01-31 08:11:00', '2026-02-01 08:11:00'),
(12, 30000000012, 100000012, 'Filip', 'Bozic', 'm', '1972-01-19', '+385911000012', 'filip.bozic12@example.hr', 'Vukovarska 81', 'Osijek', 'Nema posebnih napomena.', '2026-02-05 08:12:00', '2026-02-08 08:12:00'),
(13, 30000000013, 100000013, 'Paula', 'Barisic', 'ž', '1965-01-17', '+385911000013', 'paula.barisic13@example.hr', 'Trpimirova 18', 'Nasice', 'Nema posebnih napomena.', '2026-01-07 08:13:00', '2026-01-08 08:13:00'),
(14, 30000000014, 100000014, 'Ante', 'Maric', 'm', '2017-04-19', '+385911000014', 'ante.maric14@example.hr', 'Vukovarska 21', 'Slavonski Brod', 'Pacijent donosi vanjske nalaze.', '2026-02-09 08:14:00', '2026-02-11 08:14:00'),
(15, 30000000015, 100000015, 'Lucija', 'Kolar', 'ž', '1985-04-09', '+385911000015', 'lucija.kolar15@example.hr', 'Trpimirova 77', 'Vinkovci', 'Pacijent donosi vanjske nalaze.', '2026-01-27 08:15:00', '2026-01-27 08:15:00'),
(16, 30000000016, 100000016, 'Ivan', 'Matic', 'm', '2017-02-03', '+385911000016', 'ivan.matic16@example.hr', 'Europska avenija 130', 'Pula', 'Alergija navedena u anamnezi.', '2026-02-05 08:16:00', '2026-02-07 08:16:00'),
(17, 30000000017, 100000017, 'Mia', 'Peric', 'ž', '1992-05-06', '+385911000017', 'mia.peric17@example.hr', 'Kapucinska 78', 'Nasice', 'Nema posebnih napomena.', '2026-01-30 08:17:00', '2026-02-01 08:17:00'),
(18, 30000000018, 100000018, 'Petar', 'Novak', 'm', '1978-02-04', '+385911000018', 'petar.novak18@example.hr', 'Trpimirova 70', 'Pula', 'Alergija navedena u anamnezi.', '2026-02-06 08:18:00', '2026-02-08 08:18:00'),
(19, 30000000019, 100000019, 'Lucija', 'Kolar', 'ž', '1978-09-16', '+385911000019', 'lucija.kolar19@example.hr', 'Vukovarska 24', 'Slavonski Brod', 'Pacijent donosi vanjske nalaze.', '2026-01-18 08:19:00', '2026-01-18 08:19:00'),
(20, 30000000020, 100000020, 'Ivan', 'Pavlovic', 'm', '1961-11-09', '+385911000020', 'ivan.pavlovic20@example.hr', 'Kneza Branimira 142', 'Slavonski Brod', 'Nema posebnih napomena.', '2026-01-12 08:20:00', '2026-01-12 08:20:00'),
(21, 30000000021, 100000021, 'Mia', 'Erceg', 'ž', '1964-09-02', '+385911000021', 'mia.erceg21@example.hr', 'Gunduliceva 142', 'Rijeka', 'Kontrolni pregledi po potrebi.', '2026-01-25 08:21:00', '2026-01-26 08:21:00'),
(22, 30000000022, 100000022, 'Marko', 'Bozic', 'm', '1991-01-12', '+385911000022', 'marko.bozic22@example.hr', 'Europska avenija 27', 'Varazdin', 'Kontrolni pregledi po potrebi.', '2026-01-15 08:22:00', '2026-01-16 08:22:00'),
(23, 30000000023, 100000023, 'Nika', 'Juric', 'ž', '1967-07-01', '+385911000023', 'nika.juric23@example.hr', 'Radnicka 106', 'Split', 'Pacijent donosi vanjske nalaze.', '2026-01-13 08:23:00', '2026-01-14 08:23:00'),
(24, 30000000024, 100000024, 'Petar', 'Vidovic', 'm', '1949-08-08', '+385911000024', 'petar.vidovic24@example.hr', 'Kneza Branimira 90', 'Pula', 'Alergija navedena u anamnezi.', '2026-01-14 08:24:00', '2026-01-15 08:24:00'),
(25, 30000000025, 100000025, 'Ana', 'Kolar', 'ž', '1969-07-11', '+385911000025', 'ana.kolar25@example.hr', 'Ilica 72', 'Varazdin', 'Kontrolni pregledi po potrebi.', '2026-01-19 08:25:00', '2026-01-21 08:25:00'),
(26, 30000000026, 100000026, 'Ivan', 'Maric', 'm', '1978-03-19', '+385911000026', 'ivan.maric26@example.hr', 'Vukovarska 28', 'Nasice', 'Kontrolni pregledi po potrebi.', '2026-01-18 08:26:00', '2026-01-20 08:26:00'),
(27, 30000000027, 100000027, 'Katarina', 'Knezevic', 'ž', '2010-02-13', '+385911000027', 'katarina.knezevic27@example.hr', 'Europska avenija 66', 'Osijek', 'Kontrolni pregledi po potrebi.', '2026-02-07 08:27:00', '2026-02-07 08:27:00'),
(28, 30000000028, 100000028, 'Lovro', 'Simic', 'm', '1970-06-14', '+385911000028', 'lovro.simic28@example.hr', 'Radnicka 81', 'Zagreb', 'Pacijent donosi vanjske nalaze.', '2026-01-06 08:28:00', '2026-01-08 08:28:00'),
(29, 30000000029, 100000029, 'Tea', 'Pavlovic', 'ž', '1996-12-10', '+385911000029', 'tea.pavlovic29@example.hr', 'Trpimirova 50', 'Slavonski Brod', 'Kontrolni pregledi po potrebi.', '2026-02-06 08:29:00', '2026-02-07 08:29:00'),
(30, 30000000030, 100000030, 'Tin', 'Lovric', 'm', '1983-07-18', '+385911000030', 'tin.lovric30@example.hr', 'Zagrebacka 74', 'Split', 'Kontrolni pregledi po potrebi.', '2026-01-02 08:30:00', '2026-01-04 08:30:00'),
(31, 30000000031, 100000031, 'Karla', 'Matic', 'ž', '2001-11-07', '+385911000031', 'karla.matic31@example.hr', 'Kneza Branimira 44', 'Zagreb', 'Pacijent donosi vanjske nalaze.', '2026-02-03 08:31:00', '2026-02-05 08:31:00'),
(32, 30000000032, 100000032, 'Luka', 'Boric', 'm', '1975-11-10', '+385911000032', 'luka.boric32@example.hr', 'Europska avenija 38', 'Osijek', 'Nema posebnih napomena.', '2026-01-16 08:32:00', '2026-01-17 08:32:00'),
(33, 30000000033, 100000033, 'Dora', 'Radic', 'ž', '1954-08-14', '+385911000033', 'dora.radic33@example.hr', 'Gunduliceva 50', 'Slavonski Brod', 'Kontrolni pregledi po potrebi.', '2026-02-11 08:33:00', '2026-02-14 08:33:00'),
(34, 30000000034, 100000034, 'Matej', 'Novak', 'm', '1945-02-25', '+385911000034', 'matej.novak34@example.hr', 'Europska avenija 46', 'Dakovo', 'Kontrolni pregledi po potrebi.', '2026-01-29 08:34:00', '2026-01-29 08:34:00'),
(35, 30000000035, 100000035, 'Lana', 'Peric', 'ž', '1960-08-05', '+385911000035', 'lana.peric35@example.hr', 'Kapucinska 144', 'Nasice', 'Pacijent donosi vanjske nalaze.', '2026-01-31 08:35:00', '2026-02-03 08:35:00'),
(36, 30000000036, 100000036, 'Tin', 'Zoric', 'm', '2009-07-27', '+385911000036', 'tin.zoric36@example.hr', 'Kneza Branimira 41', 'Vinkovci', 'Kontrolni pregledi po potrebi.', '2026-02-06 08:36:00', '2026-02-08 08:36:00'),
(37, 30000000037, 100000037, 'Nika', 'Bencic', 'ž', '1980-09-16', '+385911000037', 'nika.bencic37@example.hr', 'Europska avenija 71', 'Vinkovci', 'Nema posebnih napomena.', '2026-02-11 08:37:00', '2026-02-13 08:37:00'),
(38, 30000000038, 100000038, 'Matej', 'Vukovic', 'm', '1987-06-18', '+385911000038', 'matej.vukovic38@example.hr', 'Trpimirova 39', 'Split', 'Kontrolni pregledi po potrebi.', '2026-01-07 08:38:00', '2026-01-08 08:38:00'),
(39, 30000000039, 100000039, 'Lucija', 'Babic', 'ž', '1998-07-11', '+385911000039', 'lucija.babic39@example.hr', 'Kneza Branimira 107', 'Osijek', 'Alergija navedena u anamnezi.', '2026-02-05 08:39:00', '2026-02-08 08:39:00'),
(40, 30000000040, 100000040, 'Ante', 'Boric', 'm', '1947-10-13', '+385911000040', 'ante.boric40@example.hr', 'Vukovarska 91', 'Pula', 'Kontrolni pregledi po potrebi.', '2026-02-01 08:40:00', '2026-02-04 08:40:00'),
(41, 30000000041, 100000041, 'Lana', 'Zoric', 'ž', '2014-10-08', '+385911000041', 'lana.zoric41@example.hr', 'Europska avenija 70', 'Slavonski Brod', 'Kontrolni pregledi po potrebi.', '2026-02-02 08:41:00', '2026-02-02 08:41:00'),
(42, 30000000042, 100000042, 'Ante', 'Pavlovic', 'm', '1996-12-06', '+385911000042', 'ante.pavlovic42@example.hr', 'Trpimirova 137', 'Osijek', 'Kontrolni pregledi po potrebi.', '2026-01-31 08:42:00', '2026-01-31 08:42:00'),
(43, 30000000043, 100000043, 'Mia', 'Bencic', 'ž', '1999-03-28', '+385911000043', 'mia.bencic43@example.hr', 'Trpimirova 13', 'Pula', 'Kontrolni pregledi po potrebi.', '2026-01-31 08:43:00', '2026-02-02 08:43:00'),
(44, 30000000044, 100000044, 'Filip', 'Matic', 'm', '1986-06-25', '+385911000044', 'filip.matic44@example.hr', 'Zagrebacka 108', 'Pula', 'Nema posebnih napomena.', '2026-01-26 08:44:00', '2026-01-29 08:44:00'),
(45, 30000000045, 100000045, 'Ana', 'Zoric', 'ž', '2014-01-12', '+385911000045', 'ana.zoric45@example.hr', 'Ilica 11', 'Osijek', 'Alergija navedena u anamnezi.', '2026-01-16 08:45:00', '2026-01-17 08:45:00'),
(46, 30000000046, 100000046, 'Ivan', 'Radic', 'm', '1964-04-05', '+385911000046', 'ivan.radic46@example.hr', 'Ilica 145', 'Split', 'Kontrolni pregledi po potrebi.', '2026-02-01 08:46:00', '2026-02-03 08:46:00'),
(47, 30000000047, 100000047, 'Marija', 'Juric', 'ž', '1959-03-10', '+385911000047', 'marija.juric47@example.hr', 'Gunduliceva 7', 'Pula', 'Kontrolni pregledi po potrebi.', '2026-01-08 08:47:00', '2026-01-11 08:47:00'),
(48, 30000000048, 100000048, 'Filip', 'Babic', 'm', '1976-02-23', '+385911000048', 'filip.babic48@example.hr', 'Gunduliceva 31', 'Nasice', 'Nema posebnih napomena.', '2026-01-21 08:48:00', '2026-01-23 08:48:00'),
(49, 30000000049, 100000049, 'Lana', 'Knezevic', 'ž', '1992-02-17', '+385911000049', 'lana.knezevic49@example.hr', 'Radnicka 4', 'Slavonski Brod', 'Kontrolni pregledi po potrebi.', '2026-02-12 08:49:00', '2026-02-12 08:49:00'),
(50, 30000000050, 100000050, 'Bruno', 'Grgic', 'm', '2003-12-05', '+385911000050', 'bruno.grgic50@example.hr', 'Trpimirova 134', 'Pula', 'Kontrolni pregledi po potrebi.', '2026-01-29 08:50:00', '2026-02-01 08:50:00'),
(51, 30000000051, 100000051, 'Tea', 'Zoric', 'ž', '1979-06-28', '+385911000051', 'tea.zoric51@example.hr', 'Ilica 72', 'Vinkovci', 'Alergija navedena u anamnezi.', '2026-01-17 08:51:00', '2026-01-20 08:51:00'),
(52, 30000000052, 100000052, 'Domagoj', 'Radic', 'm', '1993-06-01', '+385911000052', 'domagoj.radic52@example.hr', 'Radnicka 47', 'Vinkovci', 'Alergija navedena u anamnezi.', '2026-02-02 08:52:00', '2026-02-04 08:52:00'),
(53, 30000000053, 100000053, 'Lea', 'Pavlovic', 'ž', '1980-10-23', '+385911000053', 'lea.pavlovic53@example.hr', 'Kapucinska 3', 'Dakovo', 'Alergija navedena u anamnezi.', '2026-01-19 08:53:00', '2026-01-19 08:53:00'),
(54, 30000000054, 100000054, 'Matej', 'Zoric', 'm', '1997-08-18', '+385911000054', 'matej.zoric54@example.hr', 'Kneza Branimira 126', 'Vinkovci', 'Nema posebnih napomena.', '2026-01-17 08:54:00', '2026-01-17 08:54:00'),
(55, 30000000055, 100000055, 'Martina', 'Peric', 'ž', '1996-12-08', '+385911000055', 'martina.peric55@example.hr', 'Gunduliceva 95', 'Vinkovci', 'Pacijent donosi vanjske nalaze.', '2026-01-21 08:55:00', '2026-01-24 08:55:00'),
(56, 30000000056, 100000056, 'Roko', 'Pavlovic', 'm', '1990-12-15', '+385911000056', 'roko.pavlovic56@example.hr', 'Zagrebacka 65', 'Split', 'Nema posebnih napomena.', '2026-01-19 08:56:00', '2026-01-20 08:56:00'),
(57, 30000000057, 100000057, 'Katarina', 'Maric', 'ž', '2013-12-06', '+385911000057', 'katarina.maric57@example.hr', 'Europska avenija 124', 'Pula', 'Pacijent donosi vanjske nalaze.', '2026-01-14 08:57:00', '2026-01-14 08:57:00'),
(58, 30000000058, 100000058, 'Filip', 'Bozic', 'm', '1974-06-06', '+385911000058', 'filip.bozic58@example.hr', 'Vukovarska 137', 'Rijeka', 'Pacijent donosi vanjske nalaze.', '2026-01-21 08:58:00', '2026-01-21 08:58:00'),
(59, 30000000059, 100000059, 'Petra', 'Simic', 'ž', '1982-12-05', '+385911000059', 'petra.simic59@example.hr', 'Kneza Branimira 27', 'Osijek', 'Pacijent donosi vanjske nalaze.', '2026-02-11 08:59:00', '2026-02-14 08:59:00'),
(60, 30000000060, 100000060, 'Hrvoje', 'Matic', 'm', '1988-03-02', '+385911000060', 'hrvoje.matic60@example.hr', 'Kneza Branimira 30', 'Zagreb', 'Kontrolni pregledi po potrebi.', '2026-01-18 09:00:00', '2026-01-21 09:00:00'),
(61, 30000000061, 100000061, 'Mia', 'Lovric', 'ž', '1951-03-05', '+385911000061', 'mia.lovric61@example.hr', 'Zagrebacka 22', 'Split', 'Nema posebnih napomena.', '2026-02-07 09:01:00', '2026-02-10 09:01:00'),
(62, 30000000062, 100000062, 'Tin', 'Radic', 'm', '1973-09-13', '+385911000062', 'tin.radic62@example.hr', 'Kneza Branimira 77', 'Nasice', 'Kontrolni pregledi po potrebi.', '2026-01-30 09:02:00', '2026-02-01 09:02:00'),
(63, 30000000063, 100000063, 'Barbara', 'Radic', 'ž', '1952-10-24', '+385911000063', 'barbara.radic63@example.hr', 'Europska avenija 55', 'Pula', 'Nema posebnih napomena.', '2026-01-08 09:03:00', '2026-01-09 09:03:00'),
(64, 30000000064, 100000064, 'Matej', 'Juric', 'm', '2015-02-06', '+385911000064', 'matej.juric64@example.hr', 'Dubrovacka 116', 'Nasice', 'Kontrolni pregledi po potrebi.', '2026-01-02 09:04:00', '2026-01-04 09:04:00'),
(65, 30000000065, 100000065, 'Petra', 'Peric', 'ž', '1981-12-10', '+385911000065', 'petra.peric65@example.hr', 'Kneza Branimira 19', 'Split', 'Pacijent donosi vanjske nalaze.', '2026-02-15 09:05:00', '2026-02-16 09:05:00'),
(66, 30000000066, 100000066, 'Bruno', 'Maric', 'm', '2014-04-21', '+385911000066', 'bruno.maric66@example.hr', 'Zagrebacka 37', 'Zagreb', 'Nema posebnih napomena.', '2026-01-11 09:06:00', '2026-01-12 09:06:00'),
(67, 30000000067, 100000067, 'Martina', 'Radic', 'ž', '2017-05-15', '+385911000067', 'martina.radic67@example.hr', 'Kneza Branimira 78', 'Slavonski Brod', 'Pacijent donosi vanjske nalaze.', '2026-01-09 09:07:00', '2026-01-12 09:07:00'),
(68, 30000000068, 100000068, 'Stjepan', 'Babic', 'm', '1950-07-24', '+385911000068', 'stjepan.babic68@example.hr', 'Gunduliceva 65', 'Osijek', 'Nema posebnih napomena.', '2026-01-22 09:08:00', '2026-01-23 09:08:00'),
(69, 30000000069, 100000069, 'Barbara', 'Lovric', 'ž', '1947-11-27', '+385911000069', 'barbara.lovric69@example.hr', 'Gunduliceva 11', 'Rijeka', 'Kontrolni pregledi po potrebi.', '2026-01-19 09:09:00', '2026-01-22 09:09:00'),
(70, 30000000070, 100000070, 'Nikola', 'Juric', 'm', '2000-11-27', '+385911000070', 'nikola.juric70@example.hr', 'Ilica 121', 'Varazdin', 'Kontrolni pregledi po potrebi.', '2026-02-02 09:10:00', '2026-02-04 09:10:00'),
(71, 30000000071, 100000071, 'Katarina', 'Kolar', 'ž', '1958-03-11', '+385911000071', 'katarina.kolar71@example.hr', 'Kneza Branimira 74', 'Slavonski Brod', 'Nema posebnih napomena.', '2026-01-28 09:11:00', '2026-01-31 09:11:00'),
(72, 30000000072, 100000072, 'Luka', 'Pavlovic', 'm', '1977-06-04', '+385911000072', 'luka.pavlovic72@example.hr', 'Kapucinska 1', 'Dakovo', 'Kontrolni pregledi po potrebi.', '2026-01-27 09:12:00', '2026-01-30 09:12:00'),
(73, 30000000073, 100000073, 'Petra', 'Kralj', 'ž', '2011-06-20', '+385911000073', 'petra.kralj73@example.hr', 'Kneza Branimira 14', 'Split', 'Pacijent donosi vanjske nalaze.', '2026-02-02 09:13:00', '2026-02-03 09:13:00'),
(74, 30000000074, 100000074, 'Tomislav', 'Matic', 'm', '2007-02-01', '+385911000074', 'tomislav.matic74@example.hr', 'Gunduliceva 62', 'Rijeka', 'Pacijent donosi vanjske nalaze.', '2026-02-11 09:14:00', '2026-02-11 09:14:00'),
(75, 30000000075, 100000075, 'Lana', 'Knezevic', 'ž', '1956-04-27', '+385911000075', 'lana.knezevic75@example.hr', 'Kneza Branimira 31', 'Rijeka', 'Kontrolni pregledi po potrebi.', '2026-01-09 09:15:00', '2026-01-11 09:15:00'),
(76, 30000000076, 100000076, 'Lovro', 'Erceg', 'm', '1979-07-27', '+385911000076', 'lovro.erceg76@example.hr', 'Kneza Branimira 63', 'Vinkovci', 'Alergija navedena u anamnezi.', '2026-02-01 09:16:00', '2026-02-04 09:16:00'),
(77, 30000000077, 100000077, 'Lucija', 'Radic', 'ž', '2010-12-05', '+385911000077', 'lucija.radic77@example.hr', 'Zagrebacka 107', 'Varazdin', 'Pacijent donosi vanjske nalaze.', '2026-01-06 09:17:00', '2026-01-06 09:17:00'),
(78, 30000000078, 100000078, 'Tomislav', 'Zoric', 'm', '1983-10-19', '+385911000078', 'tomislav.zoric78@example.hr', 'Kneza Branimira 39', 'Vinkovci', 'Kontrolni pregledi po potrebi.', '2026-02-13 09:18:00', '2026-02-15 09:18:00'),
(79, 30000000079, 100000079, 'Katarina', 'Simic', 'ž', '2014-07-15', '+385911000079', 'katarina.simic79@example.hr', 'Europska avenija 62', 'Nasice', 'Kontrolni pregledi po potrebi.', '2026-01-22 09:19:00', '2026-01-23 09:19:00'),
(80, 30000000080, 100000080, 'Bruno', 'Kovac', 'm', '1985-12-16', '+385911000080', 'bruno.kovac80@example.hr', 'Dubrovacka 99', 'Rijeka', 'Kontrolni pregledi po potrebi.', '2026-02-16 09:20:00', '2026-02-16 09:20:00'),
(81, 30000000081, 100000081, 'Sara', 'Barisic', 'ž', '1987-02-28', '+385911000081', 'sara.barisic81@example.hr', 'Ilica 135', 'Vinkovci', 'Nema posebnih napomena.', '2026-01-30 09:21:00', '2026-01-31 09:21:00'),
(82, 30000000082, 100000082, 'Bruno', 'Bencic', 'm', '1964-02-16', '+385911000082', 'bruno.bencic82@example.hr', 'Radnicka 102', 'Zagreb', 'Pacijent donosi vanjske nalaze.', '2026-01-18 09:22:00', '2026-01-21 09:22:00'),
(83, 30000000083, 100000083, 'Katarina', 'Bencic', 'ž', '2007-09-02', '+385911000083', 'katarina.bencic83@example.hr', 'Ilica 61', 'Pula', 'Alergija navedena u anamnezi.', '2026-02-10 09:23:00', '2026-02-10 09:23:00'),
(84, 30000000084, 100000084, 'Bruno', 'Maric', 'm', '1957-08-06', '+385911000084', 'bruno.maric84@example.hr', 'Zagrebacka 8', 'Osijek', 'Pacijent donosi vanjske nalaze.', '2026-02-15 09:24:00', '2026-02-15 09:24:00'),
(85, 30000000085, 100000085, 'Martina', 'Grgic', 'ž', '1992-07-05', '+385911000085', 'martina.grgic85@example.hr', 'Kapucinska 106', 'Nasice', 'Alergija navedena u anamnezi.', '2026-01-17 09:25:00', '2026-01-18 09:25:00'),
(86, 30000000086, 100000086, 'Karlo', 'Babic', 'm', '1993-10-22', '+385911000086', 'karlo.babic86@example.hr', 'Kneza Branimira 150', 'Rijeka', 'Alergija navedena u anamnezi.', '2026-01-17 09:26:00', '2026-01-20 09:26:00'),
(87, 30000000087, 100000087, 'Lea', 'Matic', 'ž', '1977-11-01', '+385911000087', 'lea.matic87@example.hr', 'Zagrebacka 140', 'Rijeka', 'Nema posebnih napomena.', '2026-01-31 09:27:00', '2026-02-03 09:27:00'),
(88, 30000000088, 100000088, 'Mario', 'Lovric', 'm', '1983-11-14', '+385911000088', 'mario.lovric88@example.hr', 'Zagrebacka 117', 'Pula', 'Alergija navedena u anamnezi.', '2026-02-15 09:28:00', '2026-02-18 09:28:00'),
(89, 30000000089, 100000089, 'Dora', 'Maric', 'ž', '1975-07-19', '+385911000089', 'dora.maric89@example.hr', 'Gunduliceva 76', 'Pula', 'Nema posebnih napomena.', '2026-01-24 09:29:00', '2026-01-27 09:29:00'),
(90, 30000000090, 100000090, 'Nikola', 'Horvat', 'm', '2017-11-25', '+385911000090', 'nikola.horvat90@example.hr', 'Gunduliceva 128', 'Pula', 'Alergija navedena u anamnezi.', '2026-01-05 09:30:00', '2026-01-07 09:30:00'),
(91, 30000000091, 100000091, 'Nika', 'Bencic', 'ž', '1969-10-09', '+385911000091', 'nika.bencic91@example.hr', 'Trpimirova 25', 'Osijek', 'Pacijent donosi vanjske nalaze.', '2026-02-14 09:31:00', '2026-02-17 09:31:00'),
(92, 30000000092, 100000092, 'Marko', 'Lovric', 'm', '1991-12-05', '+385911000092', 'marko.lovric92@example.hr', 'Zagrebacka 84', 'Slavonski Brod', 'Alergija navedena u anamnezi.', '2026-01-07 09:32:00', '2026-01-08 09:32:00'),
(93, 30000000093, 100000093, 'Sara', 'Simic', 'ž', '1991-09-17', '+385911000093', 'sara.simic93@example.hr', 'Trpimirova 66', 'Vinkovci', 'Pacijent donosi vanjske nalaze.', '2026-01-19 09:33:00', '2026-01-21 09:33:00'),
(94, 30000000094, 100000094, 'Petar', 'Matic', 'm', '1954-03-25', '+385911000094', 'petar.matic94@example.hr', 'Dubrovacka 143', 'Varazdin', 'Nema posebnih napomena.', '2026-01-16 09:34:00', '2026-01-19 09:34:00'),
(95, 30000000095, 100000095, 'Ana', 'Vukovic', 'ž', '2013-02-15', '+385911000095', 'ana.vukovic95@example.hr', 'Zagrebacka 150', 'Slavonski Brod', 'Pacijent donosi vanjske nalaze.', '2026-01-25 09:35:00', '2026-01-25 09:35:00'),
(96, 30000000096, 100000096, 'Matej', 'Tomic', 'm', '1948-10-18', '+385911000096', 'matej.tomic96@example.hr', 'Gunduliceva 57', 'Zagreb', 'Kontrolni pregledi po potrebi.', '2026-01-22 09:36:00', '2026-01-24 09:36:00'),
(97, 30000000097, 100000097, 'Tea', 'Maric', 'ž', '1962-01-02', '+385911000097', 'tea.maric97@example.hr', 'Kneza Branimira 30', 'Zagreb', 'Alergija navedena u anamnezi.', '2026-01-21 09:37:00', '2026-01-22 09:37:00'),
(98, 30000000098, 100000098, 'Ante', 'Matic', 'm', '1992-11-24', '+385911000098', 'ante.matic98@example.hr', 'Kapucinska 108', 'Nasice', 'Alergija navedena u anamnezi.', '2026-02-15 09:38:00', '2026-02-18 09:38:00'),
(99, 30000000099, 100000099, 'Ema', 'Tomic', 'ž', '1997-05-02', '+385911000099', 'ema.tomic99@example.hr', 'Radnicka 56', 'Vinkovci', 'Kontrolni pregledi po potrebi.', '2026-02-15 09:39:00', '2026-02-16 09:39:00'),
(100, 30000000100, 100000100, 'Mario', 'Maric', 'm', '1992-09-21', '+385911000100', 'mario.maric100@example.hr', 'Vukovarska 102', 'Pula', 'Alergija navedena u anamnezi.', '2026-01-24 09:40:00', '2026-01-24 09:40:00'),
(101, 30000000101, 100000101, 'Karla', 'Babic', 'ž', '1972-11-21', '+385911000101', 'karla.babic101@example.hr', 'Vukovarska 13', 'Varazdin', 'Alergija navedena u anamnezi.', '2026-02-09 09:41:00', '2026-02-10 09:41:00'),
(102, 30000000102, 100000102, 'Domagoj', 'Kralj', 'm', '1953-09-07', '+385911000102', 'domagoj.kralj102@example.hr', 'Europska avenija 60', 'Varazdin', 'Alergija navedena u anamnezi.', '2026-02-08 09:42:00', '2026-02-08 09:42:00'),
(103, 30000000103, 100000103, 'Lea', 'Novak', 'ž', '1961-09-09', '+385911000103', 'lea.novak103@example.hr', 'Ilica 7', 'Rijeka', 'Nema posebnih napomena.', '2026-01-13 09:43:00', '2026-01-15 09:43:00'),
(104, 30000000104, 100000104, 'Matej', 'Lovric', 'm', '1986-01-06', '+385911000104', 'matej.lovric104@example.hr', 'Vukovarska 33', 'Slavonski Brod', 'Nema posebnih napomena.', '2026-01-18 09:44:00', '2026-01-18 09:44:00'),
(105, 30000000105, 100000105, 'Dora', 'Matic', 'ž', '1991-09-19', '+385911000105', 'dora.matic105@example.hr', 'Kneza Branimira 129', 'Split', 'Nema posebnih napomena.', '2026-01-08 09:45:00', '2026-01-10 09:45:00'),
(106, 30000000106, 100000106, 'Stjepan', 'Bencic', 'm', '1948-01-16', '+385911000106', 'stjepan.bencic106@example.hr', 'Dubrovacka 28', 'Vinkovci', 'Kontrolni pregledi po potrebi.', '2026-01-27 09:46:00', '2026-01-27 09:46:00'),
(107, 30000000107, 100000107, 'Mia', 'Pavlovic', 'ž', '1963-02-05', '+385911000107', 'mia.pavlovic107@example.hr', 'Gunduliceva 150', 'Dakovo', 'Pacijent donosi vanjske nalaze.', '2026-01-19 09:47:00', '2026-01-22 09:47:00'),
(108, 30000000108, 100000108, 'Tin', 'Barisic', 'm', '1982-08-17', '+385911000108', 'tin.barisic108@example.hr', 'Dubrovacka 26', 'Zagreb', 'Alergija navedena u anamnezi.', '2026-02-09 09:48:00', '2026-02-12 09:48:00'),
(109, 30000000109, 100000109, 'Karla', 'Peric', 'ž', '1997-06-27', '+385911000109', 'karla.peric109@example.hr', 'Dubrovacka 107', 'Zagreb', 'Pacijent donosi vanjske nalaze.', '2026-01-31 09:49:00', '2026-02-03 09:49:00'),
(110, 30000000110, 100000110, 'Dario', 'Kolar', 'm', '1977-06-05', '+385911000110', 'dario.kolar110@example.hr', 'Kneza Branimira 18', 'Zagreb', 'Nema posebnih napomena.', '2026-02-14 09:50:00', '2026-02-14 09:50:00'),
(111, 30000000111, 100000111, 'Tea', 'Maric', 'ž', '1992-03-18', '+385911000111', 'tea.maric111@example.hr', 'Gunduliceva 144', 'Dakovo', 'Pacijent donosi vanjske nalaze.', '2026-01-05 09:51:00', '2026-01-05 09:51:00'),
(112, 30000000112, 100000112, 'Bruno', 'Grgic', 'm', '1999-12-02', '+385911000112', 'bruno.grgic112@example.hr', 'Gunduliceva 80', 'Varazdin', 'Nema posebnih napomena.', '2026-01-20 09:52:00', '2026-01-21 09:52:00'),
(113, 30000000113, 100000113, 'Sara', 'Kolar', 'ž', '2006-04-28', '+385911000113', 'sara.kolar113@example.hr', 'Radnicka 143', 'Varazdin', 'Nema posebnih napomena.', '2026-01-08 09:53:00', '2026-01-10 09:53:00'),
(114, 30000000114, 100000114, 'Domagoj', 'Peric', 'm', '1999-09-25', '+385911000114', 'domagoj.peric114@example.hr', 'Gunduliceva 143', 'Osijek', 'Pacijent donosi vanjske nalaze.', '2026-02-10 09:54:00', '2026-02-10 09:54:00'),
(115, 30000000115, 100000115, 'Iva', 'Vukovic', 'ž', '1984-06-12', '+385911000115', 'iva.vukovic115@example.hr', 'Trpimirova 37', 'Nasice', 'Kontrolni pregledi po potrebi.', '2026-01-02 09:55:00', '2026-01-02 09:55:00'),
(116, 30000000116, 100000116, 'Josip', 'Zoric', 'm', '1948-02-24', '+385911000116', 'josip.zoric116@example.hr', 'Europska avenija 97', 'Slavonski Brod', 'Kontrolni pregledi po potrebi.', '2026-02-04 09:56:00', '2026-02-06 09:56:00'),
(117, 30000000117, 100000117, 'Iva', 'Grgic', 'ž', '1984-12-11', '+385911000117', 'iva.grgic117@example.hr', 'Gunduliceva 22', 'Osijek', 'Alergija navedena u anamnezi.', '2026-02-07 09:57:00', '2026-02-08 09:57:00'),
(118, 30000000118, 100000118, 'Tin', 'Kovac', 'm', '1955-05-15', '+385911000118', 'tin.kovac118@example.hr', 'Dubrovacka 125', 'Nasice', 'Kontrolni pregledi po potrebi.', '2026-02-13 09:58:00', '2026-02-16 09:58:00'),
(119, 30000000119, 100000119, 'Lea', 'Kralj', 'ž', '2010-02-12', '+385911000119', 'lea.kralj119@example.hr', 'Ilica 73', 'Nasice', 'Kontrolni pregledi po potrebi.', '2026-01-29 09:59:00', '2026-01-31 09:59:00'),
(120, 30000000120, 100000120, 'Marko', 'Peric', 'm', '1995-10-02', '+385911000120', 'marko.peric120@example.hr', 'Europska avenija 78', 'Split', 'Alergija navedena u anamnezi.', '2026-01-02 10:00:00', '2026-01-04 10:00:00'),
(121, 30000000121, 100000121, 'Martina', 'Pavlovic', 'ž', '1960-01-16', '+385911000121', 'martina.pavlovic121@example.hr', 'Trpimirova 34', 'Slavonski Brod', 'Alergija navedena u anamnezi.', '2026-01-29 10:01:00', '2026-01-31 10:01:00'),
(122, 30000000122, 100000122, 'Luka', 'Vidovic', 'm', '1950-07-01', '+385911000122', 'luka.vidovic122@example.hr', 'Ilica 81', 'Nasice', 'Kontrolni pregledi po potrebi.', '2026-01-31 10:02:00', '2026-02-03 10:02:00'),
(123, 30000000123, 100000123, 'Tea', 'Bozic', 'ž', '1959-07-01', '+385911000123', 'tea.bozic123@example.hr', 'Trpimirova 118', 'Varazdin', 'Nema posebnih napomena.', '2026-01-22 10:03:00', '2026-01-25 10:03:00'),
(124, 30000000124, 100000124, 'Petar', 'Peric', 'm', '2000-10-13', '+385911000124', 'petar.peric124@example.hr', 'Ilica 102', 'Pula', 'Pacijent donosi vanjske nalaze.', '2026-02-04 10:04:00', '2026-02-05 10:04:00'),
(125, 30000000125, 100000125, 'Katarina', 'Boric', 'ž', '1966-02-17', '+385911000125', 'katarina.boric125@example.hr', 'Ilica 136', 'Dakovo', 'Alergija navedena u anamnezi.', '2026-02-11 10:05:00', '2026-02-13 10:05:00'),
(126, 30000000126, 100000126, 'Mario', 'Zoric', 'm', '1963-04-04', '+385911000126', 'mario.zoric126@example.hr', 'Zagrebacka 51', 'Rijeka', 'Alergija navedena u anamnezi.', '2026-01-11 10:06:00', '2026-01-11 10:06:00'),
(127, 30000000127, 100000127, 'Iva', 'Boric', 'ž', '2008-08-25', '+385911000127', 'iva.boric127@example.hr', 'Gunduliceva 115', 'Nasice', 'Pacijent donosi vanjske nalaze.', '2026-02-07 10:07:00', '2026-02-09 10:07:00'),
(128, 30000000128, 100000128, 'Josip', 'Matic', 'm', '1953-08-15', '+385911000128', 'josip.matic128@example.hr', 'Zagrebacka 71', 'Nasice', 'Nema posebnih napomena.', '2026-02-11 10:08:00', '2026-02-13 10:08:00'),
(129, 30000000129, 100000129, 'Paula', 'Babic', 'ž', '1984-08-15', '+385911000129', 'paula.babic129@example.hr', 'Vukovarska 95', 'Pula', 'Nema posebnih napomena.', '2026-01-04 10:09:00', '2026-01-04 10:09:00'),
(130, 30000000130, 100000130, 'Tin', 'Radic', 'm', '2009-07-15', '+385911000130', 'tin.radic130@example.hr', 'Kapucinska 11', 'Vinkovci', 'Alergija navedena u anamnezi.', '2026-02-08 10:10:00', '2026-02-10 10:10:00'),
(131, 30000000131, 100000131, 'Valentina', 'Tomic', 'ž', '2009-03-02', '+385911000131', 'valentina.tomic131@example.hr', 'Ilica 88', 'Zagreb', 'Alergija navedena u anamnezi.', '2026-01-30 10:11:00', '2026-01-30 10:11:00'),
(132, 30000000132, 100000132, 'Matej', 'Erceg', 'm', '2001-08-17', '+385911000132', 'matej.erceg132@example.hr', 'Gunduliceva 41', 'Varazdin', 'Pacijent donosi vanjske nalaze.', '2026-02-04 10:12:00', '2026-02-06 10:12:00'),
(133, 30000000133, 100000133, 'Ivana', 'Knezevic', 'ž', '1988-11-20', '+385911000133', 'ivana.knezevic133@example.hr', 'Radnicka 17', 'Varazdin', 'Nema posebnih napomena.', '2026-01-05 10:13:00', '2026-01-08 10:13:00'),
(134, 30000000134, 100000134, 'Tomislav', 'Vukovic', 'm', '1964-06-03', '+385911000134', 'tomislav.vukovic134@example.hr', 'Trpimirova 90', 'Pula', 'Kontrolni pregledi po potrebi.', '2026-02-08 10:14:00', '2026-02-09 10:14:00'),
(135, 30000000135, 100000135, 'Valentina', 'Erceg', 'ž', '1955-05-18', '+385911000135', 'valentina.erceg135@example.hr', 'Radnicka 33', 'Dakovo', 'Nema posebnih napomena.', '2026-01-26 10:15:00', '2026-01-29 10:15:00'),
(136, 30000000136, 100000136, 'Lovro', 'Grgic', 'm', '1947-06-10', '+385911000136', 'lovro.grgic136@example.hr', 'Europska avenija 88', 'Vinkovci', 'Alergija navedena u anamnezi.', '2026-01-13 10:16:00', '2026-01-14 10:16:00'),
(137, 30000000137, 100000137, 'Sara', 'Novak', 'ž', '1954-05-28', '+385911000137', 'sara.novak137@example.hr', 'Kapucinska 139', 'Dakovo', 'Nema posebnih napomena.', '2026-01-08 10:17:00', '2026-01-10 10:17:00'),
(138, 30000000138, 100000138, 'Tin', 'Novak', 'm', '1993-03-06', '+385911000138', 'tin.novak138@example.hr', 'Gunduliceva 43', 'Vinkovci', 'Nema posebnih napomena.', '2026-01-13 10:18:00', '2026-01-16 10:18:00'),
(139, 30000000139, 100000139, 'Marija', 'Kolar', 'ž', '1975-08-20', '+385911000139', 'marija.kolar139@example.hr', 'Kneza Branimira 60', 'Dakovo', 'Alergija navedena u anamnezi.', '2026-01-20 10:19:00', '2026-01-22 10:19:00'),
(140, 30000000140, 100000140, 'Hrvoje', 'Kralj', 'm', '1992-11-19', '+385911000140', 'hrvoje.kralj140@example.hr', 'Kneza Branimira 73', 'Slavonski Brod', 'Kontrolni pregledi po potrebi.', '2026-01-30 10:20:00', '2026-01-31 10:20:00'),
(141, 30000000141, 100000141, 'Lucija', 'Radic', 'ž', '1962-05-02', '+385911000141', 'lucija.radic141@example.hr', 'Kneza Branimira 96', 'Dakovo', 'Nema posebnih napomena.', '2026-02-12 10:21:00', '2026-02-12 10:21:00'),
(142, 30000000142, 100000142, 'Tomislav', 'Babic', 'm', '1965-05-15', '+385911000142', 'tomislav.babic142@example.hr', 'Trpimirova 112', 'Zagreb', 'Alergija navedena u anamnezi.', '2026-02-03 10:22:00', '2026-02-06 10:22:00'),
(143, 30000000143, 100000143, 'Marija', 'Horvat', 'ž', '1998-01-13', '+385911000143', 'marija.horvat143@example.hr', 'Radnicka 61', 'Slavonski Brod', 'Nema posebnih napomena.', '2026-02-03 10:23:00', '2026-02-05 10:23:00'),
(144, 30000000144, 100000144, 'Matej', 'Horvat', 'm', '1985-02-27', '+385911000144', 'matej.horvat144@example.hr', 'Radnicka 38', 'Rijeka', 'Nema posebnih napomena.', '2026-02-16 10:24:00', '2026-02-18 10:24:00'),
(145, 30000000145, 100000145, 'Dora', 'Erceg', 'ž', '1962-12-16', '+385911000145', 'dora.erceg145@example.hr', 'Gunduliceva 2', 'Zagreb', 'Nema posebnih napomena.', '2026-01-30 10:25:00', '2026-02-01 10:25:00'),
(146, 30000000146, 100000146, 'Filip', 'Novak', 'm', '2015-12-20', '+385911000146', 'filip.novak146@example.hr', 'Dubrovacka 29', 'Pula', 'Alergija navedena u anamnezi.', '2026-02-04 10:26:00', '2026-02-06 10:26:00'),
(147, 30000000147, 100000147, 'Ema', 'Kovac', 'ž', '1975-07-21', '+385911000147', 'ema.kovac147@example.hr', 'Kneza Branimira 17', 'Zagreb', 'Kontrolni pregledi po potrebi.', '2026-02-10 10:27:00', '2026-02-10 10:27:00'),
(148, 30000000148, 100000148, 'Lovro', 'Lovric', 'm', '1975-12-05', '+385911000148', 'lovro.lovric148@example.hr', 'Dubrovacka 1', 'Nasice', 'Pacijent donosi vanjske nalaze.', '2026-01-20 10:28:00', '2026-01-21 10:28:00'),
(149, 30000000149, 100000149, 'Barbara', 'Knezevic', 'ž', '1968-11-22', '+385911000149', 'barbara.knezevic149@example.hr', 'Kapucinska 93', 'Zagreb', 'Nema posebnih napomena.', '2026-01-07 10:29:00', '2026-01-10 10:29:00'),
(150, 30000000150, 100000150, 'Hrvoje', 'Kovac', 'm', '1994-06-09', '+385911000150', 'hrvoje.kovac150@example.hr', 'Radnicka 18', 'Varazdin', 'Alergija navedena u anamnezi.', '2026-01-03 10:30:00', '2026-01-03 10:30:00'),
(151, 30000000151, 100000151, 'Barbara', 'Zoric', 'ž', '1987-03-02', '+385911000151', 'barbara.zoric151@example.hr', 'Kapucinska 87', 'Rijeka', 'Kontrolni pregledi po potrebi.', '2026-01-24 10:31:00', '2026-01-27 10:31:00'),
(152, 30000000152, 100000152, 'Karlo', 'Novak', 'm', '1953-12-25', '+385911000152', 'karlo.novak152@example.hr', 'Vukovarska 76', 'Split', 'Nema posebnih napomena.', '2026-01-31 10:32:00', '2026-02-01 10:32:00'),
(153, 30000000153, 100000153, 'Petra', 'Pavlovic', 'ž', '1984-09-13', '+385911000153', 'petra.pavlovic153@example.hr', 'Kneza Branimira 65', 'Osijek', 'Alergija navedena u anamnezi.', '2026-02-05 10:33:00', '2026-02-07 10:33:00'),
(154, 30000000154, 100000154, 'Mario', 'Boric', 'm', '1951-11-11', '+385911000154', 'mario.boric154@example.hr', 'Ilica 95', 'Slavonski Brod', 'Kontrolni pregledi po potrebi.', '2026-01-19 10:34:00', '2026-01-22 10:34:00'),
(155, 30000000155, 100000155, 'Ivana', 'Pavlovic', 'ž', '1968-08-23', '+385911000155', 'ivana.pavlovic155@example.hr', 'Radnicka 133', 'Pula', 'Nema posebnih napomena.', '2026-02-02 10:35:00', '2026-02-05 10:35:00'),
(156, 30000000156, 100000156, 'Luka', 'Knezevic', 'm', '1968-09-10', '+385911000156', 'luka.knezevic156@example.hr', 'Ilica 21', 'Varazdin', 'Pacijent donosi vanjske nalaze.', '2026-01-22 10:36:00', '2026-01-24 10:36:00'),
(157, 30000000157, 100000157, 'Karla', 'Radic', 'ž', '1999-03-23', '+385911000157', 'karla.radic157@example.hr', 'Radnicka 115', 'Osijek', 'Pacijent donosi vanjske nalaze.', '2026-01-30 10:37:00', '2026-02-02 10:37:00'),
(158, 30000000158, 100000158, 'Nikola', 'Bencic', 'm', '1952-02-22', '+385911000158', 'nikola.bencic158@example.hr', 'Dubrovacka 94', 'Dakovo', 'Alergija navedena u anamnezi.', '2026-02-11 10:38:00', '2026-02-11 10:38:00'),
(159, 30000000159, 100000159, 'Sara', 'Radic', 'ž', '2001-01-05', '+385911000159', 'sara.radic159@example.hr', 'Europska avenija 94', 'Varazdin', 'Kontrolni pregledi po potrebi.', '2026-01-06 10:39:00', '2026-01-06 10:39:00'),
(160, 30000000160, 100000160, 'Tin', 'Novak', 'm', '2002-06-12', '+385911000160', 'tin.novak160@example.hr', 'Ilica 147', 'Rijeka', 'Pacijent donosi vanjske nalaze.', '2026-01-30 10:40:00', '2026-02-02 10:40:00'),
(161, 30000000161, 100000161, 'Katarina', 'Bencic', 'ž', '1980-04-04', '+385911000161', 'katarina.bencic161@example.hr', 'Trpimirova 128', 'Dakovo', 'Kontrolni pregledi po potrebi.', '2026-01-03 10:41:00', '2026-01-03 10:41:00'),
(162, 30000000162, 100000162, 'Nikola', 'Boric', 'm', '1978-12-15', '+385911000162', 'nikola.boric162@example.hr', 'Gunduliceva 74', 'Vinkovci', 'Alergija navedena u anamnezi.', '2026-01-15 10:42:00', '2026-01-15 10:42:00'),
(163, 30000000163, 100000163, 'Sara', 'Babic', 'ž', '2002-03-23', '+385911000163', 'sara.babic163@example.hr', 'Ilica 82', 'Varazdin', 'Nema posebnih napomena.', '2026-01-30 10:43:00', '2026-02-01 10:43:00'),
(164, 30000000164, 100000164, 'Tomislav', 'Juric', 'm', '1967-06-17', '+385911000164', 'tomislav.juric164@example.hr', 'Ilica 52', 'Rijeka', 'Alergija navedena u anamnezi.', '2026-01-16 10:44:00', '2026-01-19 10:44:00'),
(165, 30000000165, 100000165, 'Ana', 'Grgic', 'ž', '2015-10-12', '+385911000165', 'ana.grgic165@example.hr', 'Kapucinska 34', 'Nasice', 'Nema posebnih napomena.', '2026-01-31 10:45:00', '2026-01-31 10:45:00'),
(166, 30000000166, 100000166, 'Tomislav', 'Vidovic', 'm', '2006-09-14', '+385911000166', 'tomislav.vidovic166@example.hr', 'Gunduliceva 19', 'Rijeka', 'Pacijent donosi vanjske nalaze.', '2026-01-28 10:46:00', '2026-01-28 10:46:00'),
(167, 30000000167, 100000167, 'Karla', 'Matic', 'ž', '2011-06-05', '+385911000167', 'karla.matic167@example.hr', 'Gunduliceva 47', 'Rijeka', 'Kontrolni pregledi po potrebi.', '2026-02-06 10:47:00', '2026-02-06 10:47:00'),
(168, 30000000168, 100000168, 'Petar', 'Barisic', 'm', '1964-05-06', '+385911000168', 'petar.barisic168@example.hr', 'Radnicka 58', 'Varazdin', 'Pacijent donosi vanjske nalaze.', '2026-01-12 10:48:00', '2026-01-12 10:48:00'),
(169, 30000000169, 100000169, 'Lea', 'Kralj', 'ž', '2015-05-05', '+385911000169', 'lea.kralj169@example.hr', 'Zagrebacka 137', 'Zagreb', 'Alergija navedena u anamnezi.', '2026-02-11 10:49:00', '2026-02-12 10:49:00'),
(170, 30000000170, 100000170, 'Karlo', 'Kolar', 'm', '1988-10-02', '+385911000170', 'karlo.kolar170@example.hr', 'Ilica 12', 'Nasice', 'Pacijent donosi vanjske nalaze.', '2026-01-03 10:50:00', '2026-01-04 10:50:00'),
(171, 30000000171, 100000171, 'Barbara', 'Knezevic', 'ž', '1948-08-21', '+385911000171', 'barbara.knezevic171@example.hr', 'Zagrebacka 78', 'Vinkovci', 'Alergija navedena u anamnezi.', '2026-02-05 10:51:00', '2026-02-08 10:51:00'),
(172, 30000000172, 100000172, 'Tomislav', 'Matic', 'm', '1954-12-02', '+385911000172', 'tomislav.matic172@example.hr', 'Kneza Branimira 107', 'Vinkovci', 'Kontrolni pregledi po potrebi.', '2026-01-12 10:52:00', '2026-01-13 10:52:00'),
(173, 30000000173, 100000173, 'Katarina', 'Radic', 'ž', '1963-06-28', '+385911000173', 'katarina.radic173@example.hr', 'Radnicka 89', 'Slavonski Brod', 'Alergija navedena u anamnezi.', '2026-02-16 10:53:00', '2026-02-18 10:53:00'),
(174, 30000000174, 100000174, 'Lovro', 'Simic', 'm', '1958-06-08', '+385911000174', 'lovro.simic174@example.hr', 'Ilica 69', 'Vinkovci', 'Alergija navedena u anamnezi.', '2026-01-31 10:54:00', '2026-02-01 10:54:00'),
(175, 30000000175, 100000175, 'Ema', 'Kovac', 'ž', '1982-07-28', '+385911000175', 'ema.kovac175@example.hr', 'Dubrovacka 64', 'Rijeka', 'Pacijent donosi vanjske nalaze.', '2026-02-10 10:55:00', '2026-02-12 10:55:00'),
(176, 30000000176, 100000176, 'Filip', 'Boric', 'm', '1965-08-17', '+385911000176', 'filip.boric176@example.hr', 'Kneza Branimira 79', 'Vinkovci', 'Nema posebnih napomena.', '2026-01-31 10:56:00', '2026-01-31 10:56:00'),
(177, 30000000177, 100000177, 'Ivana', 'Barisic', 'ž', '2003-04-07', '+385911000177', 'ivana.barisic177@example.hr', 'Radnicka 13', 'Osijek', 'Pacijent donosi vanjske nalaze.', '2026-02-08 10:57:00', '2026-02-11 10:57:00'),
(178, 30000000178, 100000178, 'Tin', 'Bencic', 'm', '2005-05-18', '+385911000178', 'tin.bencic178@example.hr', 'Ilica 111', 'Rijeka', 'Pacijent donosi vanjske nalaze.', '2026-01-02 10:58:00', '2026-01-04 10:58:00'),
(179, 30000000179, 100000179, 'Ivana', 'Grgic', 'ž', '1950-07-02', '+385911000179', 'ivana.grgic179@example.hr', 'Kapucinska 50', 'Varazdin', 'Pacijent donosi vanjske nalaze.', '2026-02-07 10:59:00', '2026-02-07 10:59:00'),
(180, 30000000180, 100000180, 'Ante', 'Barisic', 'm', '2002-09-09', '+385911000180', 'ante.barisic180@example.hr', 'Gunduliceva 31', 'Rijeka', 'Nema posebnih napomena.', '2026-02-10 11:00:00', '2026-02-13 11:00:00'),
(181, 30000000181, 100000181, 'Marija', 'Pavlovic', 'ž', '2016-06-25', '+385911000181', 'marija.pavlovic181@example.hr', 'Europska avenija 131', 'Slavonski Brod', 'Nema posebnih napomena.', '2026-01-11 11:01:00', '2026-01-11 11:01:00'),
(182, 30000000182, 100000182, 'Marko', 'Novak', 'm', '1987-08-17', '+385911000182', 'marko.novak182@example.hr', 'Trpimirova 132', 'Rijeka', 'Pacijent donosi vanjske nalaze.', '2026-01-31 11:02:00', '2026-02-02 11:02:00'),
(183, 30000000183, 100000183, 'Iva', 'Vidovic', 'ž', '1983-10-11', '+385911000183', 'iva.vidovic183@example.hr', 'Kapucinska 137', 'Vinkovci', 'Pacijent donosi vanjske nalaze.', '2026-02-03 11:03:00', '2026-02-06 11:03:00'),
(184, 30000000184, 100000184, 'Ivan', 'Grgic', 'm', '1987-11-04', '+385911000184', 'ivan.grgic184@example.hr', 'Gunduliceva 79', 'Osijek', 'Kontrolni pregledi po potrebi.', '2026-01-28 11:04:00', '2026-01-30 11:04:00'),
(185, 30000000185, 100000185, 'Barbara', 'Lovric', 'ž', '1974-12-02', '+385911000185', 'barbara.lovric185@example.hr', 'Kneza Branimira 44', 'Dakovo', 'Kontrolni pregledi po potrebi.', '2026-02-08 11:05:00', '2026-02-09 11:05:00'),
(186, 30000000186, 100000186, 'Matej', 'Kovac', 'm', '2018-12-04', '+385911000186', 'matej.kovac186@example.hr', 'Vukovarska 113', 'Varazdin', 'Kontrolni pregledi po potrebi.', '2026-01-14 11:06:00', '2026-01-15 11:06:00'),
(187, 30000000187, 100000187, 'Tea', 'Erceg', 'ž', '1971-07-17', '+385911000187', 'tea.erceg187@example.hr', 'Kneza Branimira 16', 'Rijeka', 'Alergija navedena u anamnezi.', '2026-02-10 11:07:00', '2026-02-12 11:07:00'),
(188, 30000000188, 100000188, 'Hrvoje', 'Barisic', 'm', '1993-06-06', '+385911000188', 'hrvoje.barisic188@example.hr', 'Kapucinska 88', 'Dakovo', 'Pacijent donosi vanjske nalaze.', '2026-01-31 11:08:00', '2026-02-02 11:08:00'),
(189, 30000000189, 100000189, 'Valentina', 'Tomic', 'ž', '1969-04-09', '+385911000189', 'valentina.tomic189@example.hr', 'Zagrebacka 58', 'Pula', 'Pacijent donosi vanjske nalaze.', '2026-02-06 11:09:00', '2026-02-07 11:09:00'),
(190, 30000000190, 100000190, 'Hrvoje', 'Pavlovic', 'm', '2006-06-18', '+385911000190', 'hrvoje.pavlovic190@example.hr', 'Zagrebacka 32', 'Nasice', 'Kontrolni pregledi po potrebi.', '2026-01-19 11:10:00', '2026-01-22 11:10:00'),
(191, 30000000191, 100000191, 'Marija', 'Boric', 'ž', '1963-05-02', '+385911000191', 'marija.boric191@example.hr', 'Ilica 89', 'Vinkovci', 'Pacijent donosi vanjske nalaze.', '2026-01-20 11:11:00', '2026-01-23 11:11:00'),
(192, 30000000192, 100000192, 'Filip', 'Kralj', 'm', '2013-05-18', '+385911000192', 'filip.kralj192@example.hr', 'Zagrebacka 36', 'Zagreb', 'Alergija navedena u anamnezi.', '2026-02-15 11:12:00', '2026-02-16 11:12:00'),
(193, 30000000193, 100000193, 'Petra', 'Kolar', 'ž', '2012-04-21', '+385911000193', 'petra.kolar193@example.hr', 'Vukovarska 26', 'Slavonski Brod', 'Pacijent donosi vanjske nalaze.', '2026-01-16 11:13:00', '2026-01-19 11:13:00'),
(194, 30000000194, 100000194, 'Petar', 'Kolar', 'm', '1962-01-18', '+385911000194', 'petar.kolar194@example.hr', 'Dubrovacka 122', 'Vinkovci', 'Alergija navedena u anamnezi.', '2026-01-12 11:14:00', '2026-01-14 11:14:00'),
(195, 30000000195, 100000195, 'Katarina', 'Bozic', 'ž', '1952-02-21', '+385911000195', 'katarina.bozic195@example.hr', 'Europska avenija 137', 'Osijek', 'Alergija navedena u anamnezi.', '2026-02-07 11:15:00', '2026-02-10 11:15:00'),
(196, 30000000196, 100000196, 'Karlo', 'Kovac', 'm', '1995-08-06', '+385911000196', 'karlo.kovac196@example.hr', 'Vukovarska 3', 'Pula', 'Nema posebnih napomena.', '2026-01-20 11:16:00', '2026-01-22 11:16:00'),
(197, 30000000197, 100000197, 'Martina', 'Matic', 'ž', '2014-09-16', '+385911000197', 'martina.matic197@example.hr', 'Kapucinska 120', 'Pula', 'Alergija navedena u anamnezi.', '2026-01-10 11:17:00', '2026-01-10 11:17:00'),
(198, 30000000198, 100000198, 'Dario', 'Juric', 'm', '2003-11-09', '+385911000198', 'dario.juric198@example.hr', 'Trpimirova 4', 'Varazdin', 'Pacijent donosi vanjske nalaze.', '2026-02-16 11:18:00', '2026-02-17 11:18:00'),
(199, 30000000199, 100000199, 'Iva', 'Radic', 'ž', '1996-07-17', '+385911000199', 'iva.radic199@example.hr', 'Ilica 103', 'Zagreb', 'Alergija navedena u anamnezi.', '2026-01-22 11:19:00', '2026-01-23 11:19:00'),
(200, 30000000200, 100000200, 'Hrvoje', 'Pavlovic', 'm', '1976-01-09', '+385911000200', 'hrvoje.pavlovic200@example.hr', 'Europska avenija 115', 'Pula', 'Pacijent donosi vanjske nalaze.', '2026-01-26 11:20:00', '2026-01-28 11:20:00');

-- odjel: 30 redaka
INSERT INTO odjel (id, sifra, naziv, opis, vrijeme_kreiranja, vrijeme_azuriranja) VALUES
(1, 001, 'Interna medicina', 'Internisticka obrada odraslih pacijenata, tumacenje nalaza i koordinacija daljnje obrade.', '2026-01-02 08:00:00', '2026-01-02 08:10:00'),
(2, 002, 'Kardiologija', 'Dijagnostika i pracenje bolesti srca i krvnih zila.', '2026-01-02 08:00:00', '2026-01-02 08:10:00'),
(3, 003, 'Pulmologija', 'Obrada bolesti pluca, kaslja, astme, KOPB-a i otezana disanja.', '2026-01-02 08:00:00', '2026-01-02 08:10:00'),
(4, 004, 'Gastroenterologija', 'Obrada bolesti probavnog sustava, endoskopska dijagnostika i savjetovanje.', '2026-01-02 08:00:00', '2026-01-02 08:10:00'),
(5, 005, 'Endokrinologija', 'Obrada bolesti hormona, stitnjace, dijabetesa i metabolizma.', '2026-01-02 08:00:00', '2026-01-02 08:10:00'),
(6, 006, 'Nefrologija', 'Obrada bolesti bubrega, proteinurije i bubrežne funkcije.', '2026-01-02 08:00:00', '2026-01-02 08:10:00'),
(7, 007, 'Hematologija', 'Obrada anemija, poremecaja krvne slike i zgrusavanja.', '2026-01-02 08:00:00', '2026-01-02 08:10:00'),
(8, 008, 'Reumatologija', 'Obrada reumatskih, upalnih i autoimunih bolesti.', '2026-01-02 08:00:00', '2026-01-02 08:10:00'),
(9, 009, 'Ginekologija', 'Ginekoloski pregledi, ultrazvuk, PAPA test i savjetovanje.', '2026-01-02 08:00:00', '2026-01-02 08:10:00'),
(10, 010, 'Radiologija', 'Radioloska i slikovna dijagnostika.', '2026-01-02 08:00:00', '2026-01-02 08:10:00'),
(11, 011, 'Oftalmologija', 'Pregledi vida, ocnog tlaka i bolesti oka.', '2026-01-02 08:00:00', '2026-01-02 08:10:00'),
(12, 012, 'Urologija', 'Obrada tegoba mokrenja, prostate i bolesti mokracnog sustava.', '2026-01-02 08:00:00', '2026-01-02 08:10:00'),
(13, 013, 'Neurologija', 'Obrada glavobolja, vrtoglavica, neuropatija i neuroloskih ispada.', '2026-01-02 08:00:00', '2026-01-02 08:10:00'),
(14, 014, 'Ortopedija', 'Obrada bolesti i ozljeda kostiju, zglobova i kraljeznice.', '2026-01-02 08:00:00', '2026-01-02 08:10:00'),
(15, 015, 'Fizikalna medicina', 'Procjena funkcionalnog statusa i plan rehabilitacije.', '2026-01-02 08:00:00', '2026-01-02 08:10:00'),
(16, 016, 'Fizikalna terapija', 'Provodjenje rehabilitacijskih i terapijskih postupaka.', '2026-01-02 08:00:00', '2026-01-02 08:10:00'),
(17, 017, 'Pedijatrija', 'Pregledi djece, pracenje rasta i akutne tegobe.', '2026-01-02 08:00:00', '2026-01-02 08:10:00'),
(18, 018, 'Dermatologija', 'Pregledi koze, madeza, akni, osipa i veneroloska obrada.', '2026-01-02 08:00:00', '2026-01-02 08:10:00'),
(19, 019, 'Otorinolaringologija', 'Pregledi uha, grla, nosa, sinusa i sluha.', '2026-01-02 08:00:00', '2026-01-02 08:10:00'),
(20, 020, 'Opca kirurgija', 'Kirurski pregledi, rane, kontrola zahvata i konzultacije.', '2026-01-02 08:00:00', '2026-01-02 08:10:00'),
(21, 021, 'Mali kirurski zahvati', 'Manji ambulantni zahvati u lokalnoj anesteziji.', '2026-01-02 08:00:00', '2026-01-02 08:10:00'),
(22, 022, 'Psihijatrija', 'Psihijatrijska procjena, terapija i pracenje mentalnog zdravlja.', '2026-01-02 08:00:00', '2026-01-02 08:10:00'),
(23, 023, 'Anesteziologija', 'Predanestezioloska procjena i sedacija kod postupaka.', '2026-01-02 08:00:00', '2026-01-02 08:10:00'),
(24, 024, 'Medicina rada', 'Pregledi radnika, vozaca i procjena radne sposobnosti.', '2026-01-02 08:00:00', '2026-01-02 08:10:00'),
(25, 025, 'Laboratorij', 'Laboratorijska dijagnostika krvi, urina i biokemijskih parametara.', '2026-01-02 08:00:00', '2026-01-02 08:10:00'),
(26, 026, 'Patologija i citologija', 'Citoloska i patohistoloska analiza uzoraka.', '2026-01-02 08:00:00', '2026-01-02 08:10:00'),
(27, 027, 'Nutricionizam', 'Savjetovanje o prehrani, redukciji tjelesne mase i prehrani kod bolesti.', '2026-01-02 08:00:00', '2026-01-02 08:10:00'),
(28, 028, 'Sistematski pregledi', 'Preventivni, osnovni, prosireni i menadzerski pregledi.', '2026-01-02 08:00:00', '2026-01-02 08:10:00'),
(29, 029, 'Mamografija', 'Preventivna i dijagnosticka obrada dojki.', '2026-01-02 08:00:00', '2026-01-02 08:10:00'),
(30, 030, 'Ultrazvucna dijagnostika', 'Ultrazvucni pregledi razlicitih organskih sustava.', '2026-01-02 08:00:00', '2026-01-02 08:10:00');

-- ordinacija: 45 redaka
INSERT INTO ordinacija (id, id_odjel, sifra, naziv, opis, vrijeme_kreiranja, vrijeme_azuriranja) VALUES
(1, 1, 001, 'Interna medicina - ordinacija 1', 'Ambulantni prostor za djelatnost: Interna medicina.', '2026-01-04 08:00:00', '2026-01-04 08:10:00'),
(2, 1, 002, 'Interna medicina - ordinacija 2', 'Ambulantni prostor za djelatnost: Interna medicina.', '2026-01-04 08:00:00', '2026-01-04 08:10:00'),
(3, 2, 003, 'Kardiologija - ordinacija 1', 'Ambulantni prostor za djelatnost: Kardiologija.', '2026-01-04 08:00:00', '2026-01-04 08:10:00'),
(4, 2, 004, 'Kardiologija - ordinacija 2', 'Ambulantni prostor za djelatnost: Kardiologija.', '2026-01-04 08:00:00', '2026-01-04 08:10:00'),
(5, 3, 005, 'Pulmologija - ordinacija 1', 'Ambulantni prostor za djelatnost: Pulmologija.', '2026-01-04 08:00:00', '2026-01-04 08:10:00'),
(6, 3, 006, 'Pulmologija - ordinacija 2', 'Ambulantni prostor za djelatnost: Pulmologija.', '2026-01-04 08:00:00', '2026-01-04 08:10:00'),
(7, 4, 007, 'Gastroenterologija - ordinacija 1', 'Ambulantni prostor za djelatnost: Gastroenterologija.', '2026-01-04 08:00:00', '2026-01-04 08:10:00'),
(8, 4, 008, 'Gastroenterologija - ordinacija 2', 'Ambulantni prostor za djelatnost: Gastroenterologija.', '2026-01-04 08:00:00', '2026-01-04 08:10:00'),
(9, 5, 009, 'Endokrinologija - ordinacija 1', 'Ambulantni prostor za djelatnost: Endokrinologija.', '2026-01-04 08:00:00', '2026-01-04 08:10:00'),
(10, 5, 010, 'Endokrinologija - ordinacija 2', 'Ambulantni prostor za djelatnost: Endokrinologija.', '2026-01-04 08:00:00', '2026-01-04 08:10:00'),
(11, 6, 011, 'Nefrologija - ordinacija 1', 'Ambulantni prostor za djelatnost: Nefrologija.', '2026-01-04 08:00:00', '2026-01-04 08:10:00'),
(12, 6, 012, 'Nefrologija - ordinacija 2', 'Ambulantni prostor za djelatnost: Nefrologija.', '2026-01-04 08:00:00', '2026-01-04 08:10:00'),
(13, 7, 013, 'Hematologija - ordinacija 1', 'Ambulantni prostor za djelatnost: Hematologija.', '2026-01-04 08:00:00', '2026-01-04 08:10:00'),
(14, 7, 014, 'Hematologija - ordinacija 2', 'Ambulantni prostor za djelatnost: Hematologija.', '2026-01-04 08:00:00', '2026-01-04 08:10:00'),
(15, 8, 015, 'Reumatologija - ordinacija 1', 'Ambulantni prostor za djelatnost: Reumatologija.', '2026-01-04 08:00:00', '2026-01-04 08:10:00'),
(16, 8, 016, 'Reumatologija - ordinacija 2', 'Ambulantni prostor za djelatnost: Reumatologija.', '2026-01-04 08:00:00', '2026-01-04 08:10:00'),
(17, 9, 017, 'Ginekologija - ordinacija 1', 'Ambulantni prostor za djelatnost: Ginekologija.', '2026-01-04 08:00:00', '2026-01-04 08:10:00'),
(18, 9, 018, 'Ginekologija - ordinacija 2', 'Ambulantni prostor za djelatnost: Ginekologija.', '2026-01-04 08:00:00', '2026-01-04 08:10:00'),
(19, 10, 019, 'Radiologija - ordinacija 1', 'Ambulantni prostor za djelatnost: Radiologija.', '2026-01-04 08:00:00', '2026-01-04 08:10:00'),
(20, 10, 020, 'Radiologija - ordinacija 2', 'Ambulantni prostor za djelatnost: Radiologija.', '2026-01-04 08:00:00', '2026-01-04 08:10:00'),
(21, 11, 021, 'Oftalmologija - ordinacija 1', 'Ambulantni prostor za djelatnost: Oftalmologija.', '2026-01-04 08:00:00', '2026-01-04 08:10:00'),
(22, 11, 022, 'Oftalmologija - ordinacija 2', 'Ambulantni prostor za djelatnost: Oftalmologija.', '2026-01-04 08:00:00', '2026-01-04 08:10:00'),
(23, 12, 023, 'Urologija - ordinacija 1', 'Ambulantni prostor za djelatnost: Urologija.', '2026-01-04 08:00:00', '2026-01-04 08:10:00'),
(24, 12, 024, 'Urologija - ordinacija 2', 'Ambulantni prostor za djelatnost: Urologija.', '2026-01-04 08:00:00', '2026-01-04 08:10:00'),
(25, 13, 025, 'Neurologija - ordinacija 1', 'Ambulantni prostor za djelatnost: Neurologija.', '2026-01-04 08:00:00', '2026-01-04 08:10:00'),
(26, 13, 026, 'Neurologija - ordinacija 2', 'Ambulantni prostor za djelatnost: Neurologija.', '2026-01-04 08:00:00', '2026-01-04 08:10:00'),
(27, 14, 027, 'Ortopedija - ordinacija 1', 'Ambulantni prostor za djelatnost: Ortopedija.', '2026-01-04 08:00:00', '2026-01-04 08:10:00'),
(28, 14, 028, 'Ortopedija - ordinacija 2', 'Ambulantni prostor za djelatnost: Ortopedija.', '2026-01-04 08:00:00', '2026-01-04 08:10:00'),
(29, 15, 029, 'Fizikalna medicina - ordinacija 1', 'Ambulantni prostor za djelatnost: Fizikalna medicina.', '2026-01-04 08:00:00', '2026-01-04 08:10:00'),
(30, 15, 030, 'Fizikalna medicina - ordinacija 2', 'Ambulantni prostor za djelatnost: Fizikalna medicina.', '2026-01-04 08:00:00', '2026-01-04 08:10:00'),
(31, 16, 031, 'Fizikalna terapija - ordinacija', 'Ambulantni prostor za djelatnost: Fizikalna terapija.', '2026-01-04 08:00:00', '2026-01-04 08:10:00'),
(32, 17, 032, 'Pedijatrija - ordinacija', 'Ambulantni prostor za djelatnost: Pedijatrija.', '2026-01-04 08:00:00', '2026-01-04 08:10:00'),
(33, 18, 033, 'Dermatologija - ordinacija', 'Ambulantni prostor za djelatnost: Dermatologija.', '2026-01-04 08:00:00', '2026-01-04 08:10:00'),
(34, 19, 034, 'Otorinolaringologija - ordinacija', 'Ambulantni prostor za djelatnost: Otorinolaringologija.', '2026-01-04 08:00:00', '2026-01-04 08:10:00'),
(35, 20, 035, 'Opca kirurgija - ordinacija', 'Ambulantni prostor za djelatnost: Opca kirurgija.', '2026-01-04 08:00:00', '2026-01-04 08:10:00'),
(36, 21, 036, 'Mali kirurski zahvati - ordinacija', 'Ambulantni prostor za djelatnost: Mali kirurski zahvati.', '2026-01-04 08:00:00', '2026-01-04 08:10:00'),
(37, 22, 037, 'Psihijatrija - ordinacija', 'Ambulantni prostor za djelatnost: Psihijatrija.', '2026-01-04 08:00:00', '2026-01-04 08:10:00'),
(38, 23, 038, 'Anesteziologija - ordinacija', 'Ambulantni prostor za djelatnost: Anesteziologija.', '2026-01-04 08:00:00', '2026-01-04 08:10:00'),
(39, 24, 039, 'Medicina rada - ordinacija', 'Ambulantni prostor za djelatnost: Medicina rada.', '2026-01-04 08:00:00', '2026-01-04 08:10:00'),
(40, 25, 040, 'Laboratorij - ordinacija', 'Ambulantni prostor za djelatnost: Laboratorij.', '2026-01-04 08:00:00', '2026-01-04 08:10:00'),
(41, 26, 041, 'Patologija i citologija - ordinacija', 'Ambulantni prostor za djelatnost: Patologija i citologija.', '2026-01-04 08:00:00', '2026-01-04 08:10:00'),
(42, 27, 042, 'Nutricionizam - ordinacija', 'Ambulantni prostor za djelatnost: Nutricionizam.', '2026-01-04 08:00:00', '2026-01-04 08:10:00'),
(43, 28, 043, 'Sistematski pregledi - ordinacija', 'Ambulantni prostor za djelatnost: Sistematski pregledi.', '2026-01-04 08:00:00', '2026-01-04 08:10:00'),
(44, 29, 044, 'Mamografija - ordinacija', 'Ambulantni prostor za djelatnost: Mamografija.', '2026-01-04 08:00:00', '2026-01-04 08:10:00'),
(45, 30, 045, 'Ultrazvucna dijagnostika - ordinacija', 'Ambulantni prostor za djelatnost: Ultrazvucna dijagnostika.', '2026-01-04 08:00:00', '2026-01-04 08:10:00');

-- specijalizacija: 30 redaka
INSERT INTO specijalizacija (id, sifra, naziv, opis, vrijeme_kreiranja, vrijeme_azuriranja) VALUES
(1, 001, 'Interna medicina', 'Internisticka obrada odraslih pacijenata, tumacenje nalaza i koordinacija daljnje obrade.', '2026-01-03 08:00:00', '2026-01-03 08:10:00'),
(2, 002, 'Kardiologija', 'Dijagnostika i pracenje bolesti srca i krvnih zila.', '2026-01-03 08:00:00', '2026-01-03 08:10:00'),
(3, 003, 'Pulmologija', 'Obrada bolesti pluca, kaslja, astme, KOPB-a i otezana disanja.', '2026-01-03 08:00:00', '2026-01-03 08:10:00'),
(4, 004, 'Gastroenterologija', 'Obrada bolesti probavnog sustava, endoskopska dijagnostika i savjetovanje.', '2026-01-03 08:00:00', '2026-01-03 08:10:00'),
(5, 005, 'Endokrinologija', 'Obrada bolesti hormona, stitnjace, dijabetesa i metabolizma.', '2026-01-03 08:00:00', '2026-01-03 08:10:00'),
(6, 006, 'Nefrologija', 'Obrada bolesti bubrega, proteinurije i bubrežne funkcije.', '2026-01-03 08:00:00', '2026-01-03 08:10:00'),
(7, 007, 'Hematologija', 'Obrada anemija, poremecaja krvne slike i zgrusavanja.', '2026-01-03 08:00:00', '2026-01-03 08:10:00'),
(8, 008, 'Reumatologija', 'Obrada reumatskih, upalnih i autoimunih bolesti.', '2026-01-03 08:00:00', '2026-01-03 08:10:00'),
(9, 009, 'Ginekologija', 'Ginekoloski pregledi, ultrazvuk, PAPA test i savjetovanje.', '2026-01-03 08:00:00', '2026-01-03 08:10:00'),
(10, 010, 'Radiologija', 'Radioloska i slikovna dijagnostika.', '2026-01-03 08:00:00', '2026-01-03 08:10:00'),
(11, 011, 'Oftalmologija', 'Pregledi vida, ocnog tlaka i bolesti oka.', '2026-01-03 08:00:00', '2026-01-03 08:10:00'),
(12, 012, 'Urologija', 'Obrada tegoba mokrenja, prostate i bolesti mokracnog sustava.', '2026-01-03 08:00:00', '2026-01-03 08:10:00'),
(13, 013, 'Neurologija', 'Obrada glavobolja, vrtoglavica, neuropatija i neuroloskih ispada.', '2026-01-03 08:00:00', '2026-01-03 08:10:00'),
(14, 014, 'Ortopedija', 'Obrada bolesti i ozljeda kostiju, zglobova i kraljeznice.', '2026-01-03 08:00:00', '2026-01-03 08:10:00'),
(15, 015, 'Fizikalna medicina', 'Procjena funkcionalnog statusa i plan rehabilitacije.', '2026-01-03 08:00:00', '2026-01-03 08:10:00'),
(16, 016, 'Fizikalna terapija', 'Provodjenje rehabilitacijskih i terapijskih postupaka.', '2026-01-03 08:00:00', '2026-01-03 08:10:00'),
(17, 017, 'Pedijatrija', 'Pregledi djece, pracenje rasta i akutne tegobe.', '2026-01-03 08:00:00', '2026-01-03 08:10:00'),
(18, 018, 'Dermatologija', 'Pregledi koze, madeza, akni, osipa i veneroloska obrada.', '2026-01-03 08:00:00', '2026-01-03 08:10:00'),
(19, 019, 'Otorinolaringologija', 'Pregledi uha, grla, nosa, sinusa i sluha.', '2026-01-03 08:00:00', '2026-01-03 08:10:00'),
(20, 020, 'Opca kirurgija', 'Kirurski pregledi, rane, kontrola zahvata i konzultacije.', '2026-01-03 08:00:00', '2026-01-03 08:10:00'),
(21, 021, 'Mali kirurski zahvati', 'Manji ambulantni zahvati u lokalnoj anesteziji.', '2026-01-03 08:00:00', '2026-01-03 08:10:00'),
(22, 022, 'Psihijatrija', 'Psihijatrijska procjena, terapija i pracenje mentalnog zdravlja.', '2026-01-03 08:00:00', '2026-01-03 08:10:00'),
(23, 023, 'Anesteziologija', 'Predanestezioloska procjena i sedacija kod postupaka.', '2026-01-03 08:00:00', '2026-01-03 08:10:00'),
(24, 024, 'Medicina rada', 'Pregledi radnika, vozaca i procjena radne sposobnosti.', '2026-01-03 08:00:00', '2026-01-03 08:10:00'),
(25, 025, 'Laboratorij', 'Laboratorijska dijagnostika krvi, urina i biokemijskih parametara.', '2026-01-03 08:00:00', '2026-01-03 08:10:00'),
(26, 026, 'Patologija i citologija', 'Citoloska i patohistoloska analiza uzoraka.', '2026-01-03 08:00:00', '2026-01-03 08:10:00'),
(27, 027, 'Nutricionizam', 'Savjetovanje o prehrani, redukciji tjelesne mase i prehrani kod bolesti.', '2026-01-03 08:00:00', '2026-01-03 08:10:00'),
(28, 028, 'Sistematski pregledi', 'Preventivni, osnovni, prosireni i menadzerski pregledi.', '2026-01-03 08:00:00', '2026-01-03 08:10:00'),
(29, 029, 'Mamografija', 'Preventivna i dijagnosticka obrada dojki.', '2026-01-03 08:00:00', '2026-01-03 08:10:00'),
(30, 030, 'Ultrazvucna dijagnostika', 'Ultrazvucni pregledi razlicitih organskih sustava.', '2026-01-03 08:00:00', '2026-01-03 08:10:00');

-- zaposlenik: 60 redaka
INSERT INTO zaposlenik (id, sifra, ime, prezime, email, telefon, titula, id_specijalizacija, id_ordinacija, datum_zaposlenja, vrijeme_kreiranja, vrijeme_azuriranja) VALUES
(1, 'ZAP0000001', 'Tena', 'Zoric', 'tena.zoric1@poliklinika.hr', '+38531200001', 'spec. dr. med.', 1, 1, '2016-11-12', '2026-01-06 08:00:00', '2026-01-06 08:10:00'),
(2, 'ZAP0000002', 'Marija', 'Kovac', 'marija.kovac2@poliklinika.hr', '+38531200002', 'spec. dr. med.', 1, 1, '2019-05-06', '2026-01-06 08:00:00', '2026-01-06 08:10:00'),
(3, 'ZAP0000003', 'Lucija', 'Kolar', 'lucija.kolar3@poliklinika.hr', '+38531200003', 'spec. dr. med.', 2, 4, '2023-02-21', '2026-01-06 08:00:00', '2026-01-06 08:10:00'),
(4, 'ZAP0000004', 'Katarina', 'Grgic', 'katarina.grgic4@poliklinika.hr', '+38531200004', 'spec. dr. med.', 2, 3, '2015-03-16', '2026-01-06 08:00:00', '2026-01-06 08:10:00'),
(5, 'ZAP0000005', 'Ivana', 'Matic', 'ivana.matic5@poliklinika.hr', '+38531200005', 'spec. dr. med.', 3, 6, '2018-12-18', '2026-01-06 08:00:00', '2026-01-06 08:10:00'),
(6, 'ZAP0000006', 'Helena', 'Boric', 'helena.boric6@poliklinika.hr', '+38531200006', 'spec. dr. med.', 3, 5, '2024-04-22', '2026-01-06 08:00:00', '2026-01-06 08:10:00'),
(7, 'ZAP0000007', 'Tena', 'Babic', 'tena.babic7@poliklinika.hr', '+38531200007', 'spec. dr. med.', 4, 8, '2020-12-12', '2026-01-06 08:00:00', '2026-01-06 08:10:00'),
(8, 'ZAP0000008', 'Petra', 'Lovric', 'petra.lovric8@poliklinika.hr', '+38531200008', 'spec. dr. med.', 4, 7, '2012-09-17', '2026-01-06 08:00:00', '2026-01-06 08:10:00'),
(9, 'ZAP0000009', 'Marija', 'Lovric', 'marija.lovric9@poliklinika.hr', '+38531200009', 'spec. dr. med.', 5, 9, '2014-06-28', '2026-01-06 08:00:00', '2026-01-06 08:10:00'),
(10, 'ZAP0000010', 'Maja', 'Matic', 'maja.matic10@poliklinika.hr', '+38531200010', 'spec. dr. med.', 5, 9, '2022-04-23', '2026-01-06 08:00:00', '2026-01-06 08:10:00'),
(11, 'ZAP0000011', 'Tena', 'Tomic', 'tena.tomic11@poliklinika.hr', '+38531200011', 'spec. dr. med.', 6, 11, '2020-08-26', '2026-01-06 08:00:00', '2026-01-06 08:10:00'),
(12, 'ZAP0000012', 'Ana', 'Matic', 'ana.matic12@poliklinika.hr', '+38531200012', 'spec. dr. med.', 6, 11, '2020-07-15', '2026-01-06 08:00:00', '2026-01-06 08:10:00'),
(13, 'ZAP0000013', 'Tena', 'Kovac', 'tena.kovac13@poliklinika.hr', '+38531200013', 'spec. dr. med.', 7, 14, '2022-05-24', '2026-01-06 08:00:00', '2026-01-06 08:10:00'),
(14, 'ZAP0000014', 'Ana', 'Vidovic', 'ana.vidovic14@poliklinika.hr', '+38531200014', 'spec. dr. med.', 7, 14, '2025-01-24', '2026-01-06 08:00:00', '2026-01-06 08:10:00'),
(15, 'ZAP0000015', 'Marija', 'Lovric', 'marija.lovric15@poliklinika.hr', '+38531200015', 'spec. dr. med.', 8, 15, '2012-07-12', '2026-01-06 08:00:00', '2026-01-06 08:10:00'),
(16, 'ZAP0000016', 'Petra', 'Simic', 'petra.simic16@poliklinika.hr', '+38531200016', 'spec. dr. med.', 8, 15, '2013-08-02', '2026-01-06 08:00:00', '2026-01-06 08:10:00'),
(17, 'ZAP0000017', 'Katarina', 'Knezevic', 'katarina.knezevic17@poliklinika.hr', '+38531200017', 'spec. dr. med.', 9, 17, '2024-03-25', '2026-01-06 08:00:00', '2026-01-06 08:10:00'),
(18, 'ZAP0000018', 'Lucija', 'Grgic', 'lucija.grgic18@poliklinika.hr', '+38531200018', 'spec. dr. med.', 9, 18, '2019-07-13', '2026-01-06 08:00:00', '2026-01-06 08:10:00'),
(19, 'ZAP0000019', 'Petra', 'Kolar', 'petra.kolar19@poliklinika.hr', '+38531200019', 'spec. dr. med.', 10, 19, '2022-06-04', '2026-01-06 08:00:00', '2026-01-06 08:10:00'),
(20, 'ZAP0000020', 'Ivana', 'Simic', 'ivana.simic20@poliklinika.hr', '+38531200020', 'spec. dr. med.', 10, 20, '2020-03-24', '2026-01-06 08:00:00', '2026-01-06 08:10:00'),
(21, 'ZAP0000021', 'Marija', 'Horvat', 'marija.horvat21@poliklinika.hr', '+38531200021', 'spec. dr. med.', 11, 21, '2016-08-22', '2026-01-06 08:00:00', '2026-01-06 08:10:00'),
(22, 'ZAP0000022', 'Maja', 'Knezevic', 'maja.knezevic22@poliklinika.hr', '+38531200022', 'spec. dr. med.', 11, 22, '2025-04-08', '2026-01-06 08:00:00', '2026-01-06 08:10:00'),
(23, 'ZAP0000023', 'Helena', 'Grgic', 'helena.grgic23@poliklinika.hr', '+38531200023', 'spec. dr. med.', 12, 23, '2016-04-24', '2026-01-06 08:00:00', '2026-01-06 08:10:00'),
(24, 'ZAP0000024', 'Petra', 'Kovac', 'petra.kovac24@poliklinika.hr', '+38531200024', 'spec. dr. med.', 12, 24, '2021-01-08', '2026-01-06 08:00:00', '2026-01-06 08:10:00'),
(25, 'ZAP0000025', 'Marija', 'Babic', 'marija.babic25@poliklinika.hr', '+38531200025', 'spec. dr. med.', 13, 25, '2021-01-15', '2026-01-06 08:00:00', '2026-01-06 08:10:00'),
(26, 'ZAP0000026', 'Tena', 'Kolar', 'tena.kolar26@poliklinika.hr', '+38531200026', 'spec. dr. med.', 13, 25, '2015-12-02', '2026-01-06 08:00:00', '2026-01-06 08:10:00'),
(27, 'ZAP0000027', 'Lucija', 'Matic', 'lucija.matic27@poliklinika.hr', '+38531200027', 'spec. dr. med.', 14, 27, '2020-04-25', '2026-01-06 08:00:00', '2026-01-06 08:10:00'),
(28, 'ZAP0000028', 'Ana', 'Novak', 'ana.novak28@poliklinika.hr', '+38531200028', 'spec. dr. med.', 14, 28, '2015-12-19', '2026-01-06 08:00:00', '2026-01-06 08:10:00'),
(29, 'ZAP0000029', 'Martina', 'Lovric', 'martina.lovric29@poliklinika.hr', '+38531200029', 'spec. dr. med.', 15, 30, '2015-05-05', '2026-01-06 08:00:00', '2026-01-06 08:10:00'),
(30, 'ZAP0000030', 'Maja', 'Peric', 'maja.peric30@poliklinika.hr', '+38531200030', 'spec. dr. med.', 15, 30, '2016-05-02', '2026-01-06 08:00:00', '2026-01-06 08:10:00'),
(31, 'ZAP0000031', 'Maja', 'Lovric', 'maja.lovric31@poliklinika.hr', '+38531200031', 'mag. nutricionizma', 16, 31, '2022-07-18', '2026-01-06 08:00:00', '2026-01-06 08:10:00'),
(32, 'ZAP0000032', 'Helena', 'Kovac', 'helena.kovac32@poliklinika.hr', '+38531200032', 'mag. nutricionizma', 16, 31, '2022-07-26', '2026-01-06 08:00:00', '2026-01-06 08:10:00'),
(33, 'ZAP0000033', 'Maja', 'Pavlovic', 'maja.pavlovic33@poliklinika.hr', '+38531200033', 'spec. dr. med.', 17, 32, '2018-03-10', '2026-01-06 08:00:00', '2026-01-06 08:10:00'),
(34, 'ZAP0000034', 'Lucija', 'Juric', 'lucija.juric34@poliklinika.hr', '+38531200034', 'spec. dr. med.', 17, 32, '2015-04-10', '2026-01-06 08:00:00', '2026-01-06 08:10:00'),
(35, 'ZAP0000035', 'Ivana', 'Matic', 'ivana.matic35@poliklinika.hr', '+38531200035', 'spec. dr. med.', 18, 33, '2020-07-14', '2026-01-06 08:00:00', '2026-01-06 08:10:00'),
(36, 'ZAP0000036', 'Maja', 'Barisic', 'maja.barisic36@poliklinika.hr', '+38531200036', 'spec. dr. med.', 18, 33, '2018-04-09', '2026-01-06 08:00:00', '2026-01-06 08:10:00'),
(37, 'ZAP0000037', 'Marija', 'Pavlovic', 'marija.pavlovic37@poliklinika.hr', '+38531200037', 'spec. dr. med.', 19, 34, '2019-06-03', '2026-01-06 08:00:00', '2026-01-06 08:10:00'),
(38, 'ZAP0000038', 'Maja', 'Zoric', 'maja.zoric38@poliklinika.hr', '+38531200038', 'spec. dr. med.', 19, 34, '2012-05-13', '2026-01-06 08:00:00', '2026-01-06 08:10:00'),
(39, 'ZAP0000039', 'Tena', 'Radic', 'tena.radic39@poliklinika.hr', '+38531200039', 'spec. dr. med.', 20, 35, '2025-02-07', '2026-01-06 08:00:00', '2026-01-06 08:10:00'),
(40, 'ZAP0000040', 'Tena', 'Zoric', 'tena.zoric40@poliklinika.hr', '+38531200040', 'spec. dr. med.', 20, 35, '2019-04-28', '2026-01-06 08:00:00', '2026-01-06 08:10:00'),
(41, 'ZAP0000041', 'Martina', 'Bozic', 'martina.bozic41@poliklinika.hr', '+38531200041', 'spec. dr. med.', 21, 36, '2015-04-24', '2026-01-06 08:00:00', '2026-01-06 08:10:00'),
(42, 'ZAP0000042', 'Petra', 'Zoric', 'petra.zoric42@poliklinika.hr', '+38531200042', 'spec. dr. med.', 21, 36, '2015-12-20', '2026-01-06 08:00:00', '2026-01-06 08:10:00'),
(43, 'ZAP0000043', 'Marija', 'Vidovic', 'marija.vidovic43@poliklinika.hr', '+38531200043', 'spec. dr. med.', 22, 37, '2020-06-25', '2026-01-06 08:00:00', '2026-01-06 08:10:00'),
(44, 'ZAP0000044', 'Katarina', 'Vidovic', 'katarina.vidovic44@poliklinika.hr', '+38531200044', 'spec. dr. med.', 22, 37, '2020-11-12', '2026-01-06 08:00:00', '2026-01-06 08:10:00'),
(45, 'ZAP0000045', 'Katarina', 'Vukovic', 'katarina.vukovic45@poliklinika.hr', '+38531200045', 'spec. dr. med.', 23, 38, '2020-08-15', '2026-01-06 08:00:00', '2026-01-06 08:10:00'),
(46, 'ZAP0000046', 'Petra', 'Zoric', 'petra.zoric46@poliklinika.hr', '+38531200046', 'spec. dr. med.', 23, 38, '2024-06-07', '2026-01-06 08:00:00', '2026-01-06 08:10:00'),
(47, 'ZAP0000047', 'Martina', 'Pavlovic', 'martina.pavlovic47@poliklinika.hr', '+38531200047', 'spec. dr. med.', 24, 39, '2012-10-28', '2026-01-06 08:00:00', '2026-01-06 08:10:00'),
(48, 'ZAP0000048', 'Marija', 'Zoric', 'marija.zoric48@poliklinika.hr', '+38531200048', 'spec. dr. med.', 24, 39, '2012-05-18', '2026-01-06 08:00:00', '2026-01-06 08:10:00'),
(49, 'ZAP0000049', 'Tena', 'Lovric', 'tena.lovric49@poliklinika.hr', '+38531200049', 'bacc. physioth.', 25, 40, '2014-04-11', '2026-01-06 08:00:00', '2026-01-06 08:10:00'),
(50, 'ZAP0000050', 'Marija', 'Vidovic', 'marija.vidovic50@poliklinika.hr', '+38531200050', 'bacc. physioth.', 25, 40, '2020-11-22', '2026-01-06 08:00:00', '2026-01-06 08:10:00'),
(51, 'ZAP0000051', 'Martina', 'Vukovic', 'martina.vukovic51@poliklinika.hr', '+38531200051', 'spec. dr. med.', 26, 41, '2023-11-24', '2026-01-06 08:00:00', '2026-01-06 08:10:00'),
(52, 'ZAP0000052', 'Helena', 'Matic', 'helena.matic52@poliklinika.hr', '+38531200052', 'spec. dr. med.', 26, 41, '2023-06-06', '2026-01-06 08:00:00', '2026-01-06 08:10:00'),
(53, 'ZAP0000053', 'Ivana', 'Zoric', 'ivana.zoric53@poliklinika.hr', '+38531200053', 'mag. med. techn.', 27, 42, '2020-11-02', '2026-01-06 08:00:00', '2026-01-06 08:10:00'),
(54, 'ZAP0000054', 'Maja', 'Kovac', 'maja.kovac54@poliklinika.hr', '+38531200054', 'mag. nutricionizma', 27, 42, '2012-01-14', '2026-01-06 08:00:00', '2026-01-06 08:10:00'),
(55, 'ZAP0000055', 'Ivana', 'Bencic', 'ivana.bencic55@poliklinika.hr', '+38531200055', 'spec. dr. med.', 28, 43, '2013-12-05', '2026-01-06 08:00:00', '2026-01-06 08:10:00'),
(56, 'ZAP0000056', 'Ana', 'Kralj', 'ana.kralj56@poliklinika.hr', '+38531200056', 'spec. dr. med.', 28, 43, '2017-01-20', '2026-01-06 08:00:00', '2026-01-06 08:10:00'),
(57, 'ZAP0000057', 'Tena', 'Tomic', 'tena.tomic57@poliklinika.hr', '+38531200057', 'spec. dr. med.', 29, 44, '2012-01-18', '2026-01-06 08:00:00', '2026-01-06 08:10:00'),
(58, 'ZAP0000058', 'Maja', 'Knezevic', 'maja.knezevic58@poliklinika.hr', '+38531200058', 'spec. dr. med.', 29, 44, '2012-09-24', '2026-01-06 08:00:00', '2026-01-06 08:10:00'),
(59, 'ZAP0000059', 'Katarina', 'Simic', 'katarina.simic59@poliklinika.hr', '+38531200059', 'spec. dr. med.', 30, 45, '2012-09-27', '2026-01-06 08:00:00', '2026-01-06 08:10:00'),
(60, 'ZAP0000060', 'Lucija', 'Juric', 'lucija.juric60@poliklinika.hr', '+38531200060', 'spec. dr. med.', 30, 45, '2013-09-05', '2026-01-06 08:00:00', '2026-01-06 08:10:00');

-- usluga: 124 redaka
INSERT INTO usluga (id, sifra, naziv, opis, id_odjel, trajanje_pregleda_minute, aktivna, vrijeme_kreiranja, vrijeme_azuriranja) VALUES
(1, 001, 'Prvi internisticki pregled', 'Usluga odjela Interna medicina: Prvi internisticki pregled.', 1, 30, TRUE, '2026-01-05 08:00:00', '2026-01-05 08:10:00'),
(2, 002, 'Kontrolni internisticki pregled', 'Usluga odjela Interna medicina: Kontrolni internisticki pregled.', 1, 30, TRUE, '2026-01-05 08:00:00', '2026-01-05 08:10:00'),
(3, 003, 'Predoperativna internisticka obrada', 'Usluga odjela Interna medicina: Predoperativna internisticka obrada.', 1, 20, TRUE, '2026-01-05 08:00:00', '2026-01-05 08:10:00'),
(4, 004, 'Tumacenje laboratorijskih nalaza', 'Usluga odjela Interna medicina: Tumacenje laboratorijskih nalaza.', 1, 20, TRUE, '2026-01-05 08:00:00', '2026-01-05 08:10:00'),
(5, 005, 'Procjena anemije', 'Usluga odjela Interna medicina: Procjena anemije.', 1, 20, TRUE, '2026-01-05 08:00:00', '2026-01-05 08:10:00'),
(6, 006, 'Prvi kardioloski pregled', 'Usluga odjela Kardiologija: Prvi kardioloski pregled.', 2, 30, TRUE, '2026-01-05 08:00:00', '2026-01-05 08:10:00'),
(7, 007, 'Kontrolni kardioloski pregled', 'Usluga odjela Kardiologija: Kontrolni kardioloski pregled.', 2, 30, TRUE, '2026-01-05 08:00:00', '2026-01-05 08:10:00'),
(8, 008, 'EKG', 'Usluga odjela Kardiologija: EKG.', 2, 20, TRUE, '2026-01-05 08:00:00', '2026-01-05 08:10:00'),
(9, 009, 'Ultrazvuk srca', 'Usluga odjela Kardiologija: Ultrazvuk srca.', 2, 30, TRUE, '2026-01-05 08:00:00', '2026-01-05 08:10:00'),
(10, 010, 'Holter EKG-a', 'Usluga odjela Kardiologija: Holter EKG-a.', 2, 20, TRUE, '2026-01-05 08:00:00', '2026-01-05 08:10:00'),
(11, 011, 'Holter krvnog tlaka', 'Usluga odjela Kardiologija: Holter krvnog tlaka.', 2, 20, TRUE, '2026-01-05 08:00:00', '2026-01-05 08:10:00'),
(12, 012, 'Prvi pulmoloski pregled', 'Usluga odjela Pulmologija: Prvi pulmoloski pregled.', 3, 30, TRUE, '2026-01-05 08:00:00', '2026-01-05 08:10:00'),
(13, 013, 'Kontrolni pulmoloski pregled', 'Usluga odjela Pulmologija: Kontrolni pulmoloski pregled.', 3, 30, TRUE, '2026-01-05 08:00:00', '2026-01-05 08:10:00'),
(14, 014, 'Spirometrija', 'Usluga odjela Pulmologija: Spirometrija.', 3, 20, TRUE, '2026-01-05 08:00:00', '2026-01-05 08:10:00'),
(15, 015, 'Bronhodilatacijski test', 'Usluga odjela Pulmologija: Bronhodilatacijski test.', 3, 20, TRUE, '2026-01-05 08:00:00', '2026-01-05 08:10:00'),
(16, 016, 'Obrada astme', 'Usluga odjela Pulmologija: Obrada astme.', 3, 20, TRUE, '2026-01-05 08:00:00', '2026-01-05 08:10:00'),
(17, 017, 'Prvi gastroenteroloski pregled', 'Usluga odjela Gastroenterologija: Prvi gastroenteroloski pregled.', 4, 30, TRUE, '2026-01-05 08:00:00', '2026-01-05 08:10:00'),
(18, 018, 'Kontrolni gastroenteroloski pregled', 'Usluga odjela Gastroenterologija: Kontrolni gastroenteroloski pregled.', 4, 30, TRUE, '2026-01-05 08:00:00', '2026-01-05 08:10:00'),
(19, 019, 'Gastroskopija', 'Usluga odjela Gastroenterologija: Gastroskopija.', 4, 30, TRUE, '2026-01-05 08:00:00', '2026-01-05 08:10:00'),
(20, 020, 'Kolonoskopija', 'Usluga odjela Gastroenterologija: Kolonoskopija.', 4, 60, TRUE, '2026-01-05 08:00:00', '2026-01-05 08:10:00'),
(21, 021, 'Urea izdisajni test', 'Usluga odjela Gastroenterologija: Urea izdisajni test.', 4, 20, TRUE, '2026-01-05 08:00:00', '2026-01-05 08:10:00'),
(22, 022, 'Test na Helicobacter pylori', 'Usluga odjela Gastroenterologija: Test na Helicobacter pylori.', 4, 60, TRUE, '2026-01-05 08:00:00', '2026-01-05 08:10:00'),
(23, 023, 'Prvi endokrinoloski pregled', 'Usluga odjela Endokrinologija: Prvi endokrinoloski pregled.', 5, 30, TRUE, '2026-01-05 08:00:00', '2026-01-05 08:10:00'),
(24, 024, 'Kontrolni endokrinoloski pregled', 'Usluga odjela Endokrinologija: Kontrolni endokrinoloski pregled.', 5, 30, TRUE, '2026-01-05 08:00:00', '2026-01-05 08:10:00'),
(25, 025, 'Dijabetoloski pregled', 'Usluga odjela Endokrinologija: Dijabetoloski pregled.', 5, 30, TRUE, '2026-01-05 08:00:00', '2026-01-05 08:10:00'),
(26, 026, 'Obrada bolesti stitnjace', 'Usluga odjela Endokrinologija: Obrada bolesti stitnjace.', 5, 20, TRUE, '2026-01-05 08:00:00', '2026-01-05 08:10:00'),
(27, 027, 'Savjetovanje o terapiji dijabetesa', 'Usluga odjela Endokrinologija: Savjetovanje o terapiji dijabetesa.', 5, 20, TRUE, '2026-01-05 08:00:00', '2026-01-05 08:10:00'),
(28, 028, 'Prvi nefroloski pregled', 'Usluga odjela Nefrologija: Prvi nefroloski pregled.', 6, 30, TRUE, '2026-01-05 08:00:00', '2026-01-05 08:10:00'),
(29, 029, 'Kontrolni nefroloski pregled', 'Usluga odjela Nefrologija: Kontrolni nefroloski pregled.', 6, 30, TRUE, '2026-01-05 08:00:00', '2026-01-05 08:10:00'),
(30, 030, 'Obrada proteinurije', 'Usluga odjela Nefrologija: Obrada proteinurije.', 6, 20, TRUE, '2026-01-05 08:00:00', '2026-01-05 08:10:00'),
(31, 031, 'Procjena bubrezne funkcije', 'Usluga odjela Nefrologija: Procjena bubrezne funkcije.', 6, 20, TRUE, '2026-01-05 08:00:00', '2026-01-05 08:10:00'),
(32, 032, 'Prvi hematoloski pregled', 'Usluga odjela Hematologija: Prvi hematoloski pregled.', 7, 30, TRUE, '2026-01-05 08:00:00', '2026-01-05 08:10:00'),
(33, 033, 'Kontrolni hematoloski pregled', 'Usluga odjela Hematologija: Kontrolni hematoloski pregled.', 7, 30, TRUE, '2026-01-05 08:00:00', '2026-01-05 08:10:00'),
(34, 034, 'Obrada anemije', 'Usluga odjela Hematologija: Obrada anemije.', 7, 20, TRUE, '2026-01-05 08:00:00', '2026-01-05 08:10:00'),
(35, 035, 'Tumacenje krvne slike', 'Usluga odjela Hematologija: Tumacenje krvne slike.', 7, 20, TRUE, '2026-01-05 08:00:00', '2026-01-05 08:10:00'),
(36, 036, 'Prvi reumatoloski pregled', 'Usluga odjela Reumatologija: Prvi reumatoloski pregled.', 8, 30, TRUE, '2026-01-05 08:00:00', '2026-01-05 08:10:00'),
(37, 037, 'Kontrolni reumatoloski pregled', 'Usluga odjela Reumatologija: Kontrolni reumatoloski pregled.', 8, 30, TRUE, '2026-01-05 08:00:00', '2026-01-05 08:10:00'),
(38, 038, 'Obrada bolova u zglobovima', 'Usluga odjela Reumatologija: Obrada bolova u zglobovima.', 8, 20, TRUE, '2026-01-05 08:00:00', '2026-01-05 08:10:00'),
(39, 039, 'Tumacenje imunoloskih nalaza', 'Usluga odjela Reumatologija: Tumacenje imunoloskih nalaza.', 8, 20, TRUE, '2026-01-05 08:00:00', '2026-01-05 08:10:00'),
(40, 040, 'Prvi ginekoloski pregled', 'Usluga odjela Ginekologija: Prvi ginekoloski pregled.', 9, 30, TRUE, '2026-01-05 08:00:00', '2026-01-05 08:10:00'),
(41, 041, 'Kontrolni ginekoloski pregled', 'Usluga odjela Ginekologija: Kontrolni ginekoloski pregled.', 9, 30, TRUE, '2026-01-05 08:00:00', '2026-01-05 08:10:00'),
(42, 042, 'Ginekoloski ultrazvuk', 'Usluga odjela Ginekologija: Ginekoloski ultrazvuk.', 9, 30, TRUE, '2026-01-05 08:00:00', '2026-01-05 08:10:00'),
(43, 043, 'PAPA test', 'Usluga odjela Ginekologija: PAPA test.', 9, 20, TRUE, '2026-01-05 08:00:00', '2026-01-05 08:10:00'),
(44, 044, 'Uzimanje cervikalnih briseva', 'Usluga odjela Ginekologija: Uzimanje cervikalnih briseva.', 9, 20, TRUE, '2026-01-05 08:00:00', '2026-01-05 08:10:00'),
(45, 045, 'RTG snimanje', 'Usluga odjela Radiologija: RTG snimanje.', 10, 20, TRUE, '2026-01-05 08:00:00', '2026-01-05 08:10:00'),
(46, 046, 'CT dijagnostika', 'Usluga odjela Radiologija: CT dijagnostika.', 10, 60, TRUE, '2026-01-05 08:00:00', '2026-01-05 08:10:00'),
(47, 047, 'MR dijagnostika', 'Usluga odjela Radiologija: MR dijagnostika.', 10, 60, TRUE, '2026-01-05 08:00:00', '2026-01-05 08:10:00'),
(48, 048, 'Ocitanje radioloskog nalaza', 'Usluga odjela Radiologija: Ocitanje radioloskog nalaza.', 10, 20, TRUE, '2026-01-05 08:00:00', '2026-01-05 08:10:00'),
(49, 049, 'Prvi oftalmoloski pregled', 'Usluga odjela Oftalmologija: Prvi oftalmoloski pregled.', 11, 30, TRUE, '2026-01-05 08:00:00', '2026-01-05 08:10:00'),
(50, 050, 'Kontrolni oftalmoloski pregled', 'Usluga odjela Oftalmologija: Kontrolni oftalmoloski pregled.', 11, 30, TRUE, '2026-01-05 08:00:00', '2026-01-05 08:10:00'),
(51, 051, 'Odredjivanje dioptrije', 'Usluga odjela Oftalmologija: Odredjivanje dioptrije.', 11, 20, TRUE, '2026-01-05 08:00:00', '2026-01-05 08:10:00'),
(52, 052, 'Mjerenje ocnog tlaka', 'Usluga odjela Oftalmologija: Mjerenje ocnog tlaka.', 11, 20, TRUE, '2026-01-05 08:00:00', '2026-01-05 08:10:00'),
(53, 053, 'Prvi uroloski pregled', 'Usluga odjela Urologija: Prvi uroloski pregled.', 12, 30, TRUE, '2026-01-05 08:00:00', '2026-01-05 08:10:00'),
(54, 054, 'Kontrolni uroloski pregled', 'Usluga odjela Urologija: Kontrolni uroloski pregled.', 12, 30, TRUE, '2026-01-05 08:00:00', '2026-01-05 08:10:00'),
(55, 055, 'Ultrazvuk urotrakta', 'Usluga odjela Urologija: Ultrazvuk urotrakta.', 12, 30, TRUE, '2026-01-05 08:00:00', '2026-01-05 08:10:00'),
(56, 056, 'Tumacenje PSA nalaza', 'Usluga odjela Urologija: Tumacenje PSA nalaza.', 12, 20, TRUE, '2026-01-05 08:00:00', '2026-01-05 08:10:00'),
(57, 057, 'Prvi neuroloski pregled', 'Usluga odjela Neurologija: Prvi neuroloski pregled.', 13, 30, TRUE, '2026-01-05 08:00:00', '2026-01-05 08:10:00'),
(58, 058, 'Kontrolni neuroloski pregled', 'Usluga odjela Neurologija: Kontrolni neuroloski pregled.', 13, 30, TRUE, '2026-01-05 08:00:00', '2026-01-05 08:10:00'),
(59, 059, 'Obrada glavobolje', 'Usluga odjela Neurologija: Obrada glavobolje.', 13, 20, TRUE, '2026-01-05 08:00:00', '2026-01-05 08:10:00'),
(60, 060, 'Obrada vrtoglavice', 'Usluga odjela Neurologija: Obrada vrtoglavice.', 13, 20, TRUE, '2026-01-05 08:00:00', '2026-01-05 08:10:00'),
(61, 061, 'Prvi ortopedski pregled', 'Usluga odjela Ortopedija: Prvi ortopedski pregled.', 14, 30, TRUE, '2026-01-05 08:00:00', '2026-01-05 08:10:00'),
(62, 062, 'Kontrolni ortopedski pregled', 'Usluga odjela Ortopedija: Kontrolni ortopedski pregled.', 14, 30, TRUE, '2026-01-05 08:00:00', '2026-01-05 08:10:00'),
(63, 063, 'Pregled koljena', 'Usluga odjela Ortopedija: Pregled koljena.', 14, 30, TRUE, '2026-01-05 08:00:00', '2026-01-05 08:10:00'),
(64, 064, 'Infiltracija zgloba', 'Usluga odjela Ortopedija: Infiltracija zgloba.', 14, 20, TRUE, '2026-01-05 08:00:00', '2026-01-05 08:10:00'),
(65, 065, 'Prvi pregled fizijatra', 'Usluga odjela Fizikalna medicina: Prvi pregled fizijatra.', 15, 30, TRUE, '2026-01-05 08:00:00', '2026-01-05 08:10:00'),
(66, 066, 'Kontrolni pregled fizijatra', 'Usluga odjela Fizikalna medicina: Kontrolni pregled fizijatra.', 15, 30, TRUE, '2026-01-05 08:00:00', '2026-01-05 08:10:00'),
(67, 067, 'Plan rehabilitacije', 'Usluga odjela Fizikalna medicina: Plan rehabilitacije.', 15, 20, TRUE, '2026-01-05 08:00:00', '2026-01-05 08:10:00'),
(68, 068, 'Procjena funkcionalnog statusa', 'Usluga odjela Fizikalna medicina: Procjena funkcionalnog statusa.', 15, 20, TRUE, '2026-01-05 08:00:00', '2026-01-05 08:10:00'),
(69, 069, 'Individualna fizikalna terapija', 'Usluga odjela Fizikalna terapija: Individualna fizikalna terapija.', 16, 45, TRUE, '2026-01-05 08:00:00', '2026-01-05 08:10:00'),
(70, 070, 'Kineziterapija', 'Usluga odjela Fizikalna terapija: Kineziterapija.', 16, 45, TRUE, '2026-01-05 08:00:00', '2026-01-05 08:10:00'),
(71, 071, 'Elektroterapija', 'Usluga odjela Fizikalna terapija: Elektroterapija.', 16, 45, TRUE, '2026-01-05 08:00:00', '2026-01-05 08:10:00'),
(72, 072, 'Medicinska masaza', 'Usluga odjela Fizikalna terapija: Medicinska masaza.', 16, 45, TRUE, '2026-01-05 08:00:00', '2026-01-05 08:10:00'),
(73, 073, 'Prvi pedijatrijski pregled', 'Usluga odjela Pedijatrija: Prvi pedijatrijski pregled.', 17, 30, TRUE, '2026-01-05 08:00:00', '2026-01-05 08:10:00'),
(74, 074, 'Kontrolni pedijatrijski pregled', 'Usluga odjela Pedijatrija: Kontrolni pedijatrijski pregled.', 17, 30, TRUE, '2026-01-05 08:00:00', '2026-01-05 08:10:00'),
(75, 075, 'Sistematski pregled djeteta', 'Usluga odjela Pedijatrija: Sistematski pregled djeteta.', 17, 30, TRUE, '2026-01-05 08:00:00', '2026-01-05 08:10:00'),
(76, 076, 'Savjetovanje roditelja', 'Usluga odjela Pedijatrija: Savjetovanje roditelja.', 17, 20, TRUE, '2026-01-05 08:00:00', '2026-01-05 08:10:00'),
(77, 077, 'Prvi dermatoloski pregled', 'Usluga odjela Dermatologija: Prvi dermatoloski pregled.', 18, 30, TRUE, '2026-01-05 08:00:00', '2026-01-05 08:10:00'),
(78, 078, 'Kontrolni dermatoloski pregled', 'Usluga odjela Dermatologija: Kontrolni dermatoloski pregled.', 18, 30, TRUE, '2026-01-05 08:00:00', '2026-01-05 08:10:00'),
(79, 079, 'Dermatoskopija madeza', 'Usluga odjela Dermatologija: Dermatoskopija madeza.', 18, 20, TRUE, '2026-01-05 08:00:00', '2026-01-05 08:10:00'),
(80, 080, 'Krioterapija kozne promjene', 'Usluga odjela Dermatologija: Krioterapija kozne promjene.', 18, 45, TRUE, '2026-01-05 08:00:00', '2026-01-05 08:10:00'),
(81, 081, 'Prvi ORL pregled', 'Usluga odjela Otorinolaringologija: Prvi ORL pregled.', 19, 30, TRUE, '2026-01-05 08:00:00', '2026-01-05 08:10:00'),
(82, 082, 'Kontrolni ORL pregled', 'Usluga odjela Otorinolaringologija: Kontrolni ORL pregled.', 19, 30, TRUE, '2026-01-05 08:00:00', '2026-01-05 08:10:00'),
(83, 083, 'Ispiranje uha', 'Usluga odjela Otorinolaringologija: Ispiranje uha.', 19, 20, TRUE, '2026-01-05 08:00:00', '2026-01-05 08:10:00'),
(84, 084, 'Audiometrija', 'Usluga odjela Otorinolaringologija: Audiometrija.', 19, 20, TRUE, '2026-01-05 08:00:00', '2026-01-05 08:10:00'),
(85, 085, 'Prvi kirurski pregled', 'Usluga odjela Opca kirurgija: Prvi kirurski pregled.', 20, 30, TRUE, '2026-01-05 08:00:00', '2026-01-05 08:10:00'),
(86, 086, 'Kontrolni kirurski pregled', 'Usluga odjela Opca kirurgija: Kontrolni kirurski pregled.', 20, 30, TRUE, '2026-01-05 08:00:00', '2026-01-05 08:10:00'),
(87, 087, 'Kirurska obrada rane', 'Usluga odjela Opca kirurgija: Kirurska obrada rane.', 20, 20, TRUE, '2026-01-05 08:00:00', '2026-01-05 08:10:00'),
(88, 088, 'Vadjenje savova', 'Usluga odjela Opca kirurgija: Vadjenje savova.', 20, 20, TRUE, '2026-01-05 08:00:00', '2026-01-05 08:10:00'),
(89, 089, 'Uklanjanje madeza', 'Usluga odjela Mali kirurski zahvati: Uklanjanje madeza.', 21, 20, TRUE, '2026-01-05 08:00:00', '2026-01-05 08:10:00'),
(90, 090, 'Uklanjanje ateroma', 'Usluga odjela Mali kirurski zahvati: Uklanjanje ateroma.', 21, 20, TRUE, '2026-01-05 08:00:00', '2026-01-05 08:10:00'),
(91, 091, 'Uklanjanje lipoma', 'Usluga odjela Mali kirurski zahvati: Uklanjanje lipoma.', 21, 20, TRUE, '2026-01-05 08:00:00', '2026-01-05 08:10:00'),
(92, 092, 'Incizija apscesa', 'Usluga odjela Mali kirurski zahvati: Incizija apscesa.', 21, 20, TRUE, '2026-01-05 08:00:00', '2026-01-05 08:10:00'),
(93, 093, 'Prvi psihijatrijski pregled', 'Usluga odjela Psihijatrija: Prvi psihijatrijski pregled.', 22, 30, TRUE, '2026-01-05 08:00:00', '2026-01-05 08:10:00'),
(94, 094, 'Kontrolni psihijatrijski pregled', 'Usluga odjela Psihijatrija: Kontrolni psihijatrijski pregled.', 22, 30, TRUE, '2026-01-05 08:00:00', '2026-01-05 08:10:00'),
(95, 095, 'Psihijatrijska procjena', 'Usluga odjela Psihijatrija: Psihijatrijska procjena.', 22, 20, TRUE, '2026-01-05 08:00:00', '2026-01-05 08:10:00'),
(96, 096, 'Savjetovanje o terapiji', 'Usluga odjela Psihijatrija: Savjetovanje o terapiji.', 22, 20, TRUE, '2026-01-05 08:00:00', '2026-01-05 08:10:00'),
(97, 097, 'Anestezioloski pregled', 'Usluga odjela Anesteziologija: Anestezioloski pregled.', 23, 30, TRUE, '2026-01-05 08:00:00', '2026-01-05 08:10:00'),
(98, 098, 'Predanestezioloska procjena', 'Usluga odjela Anesteziologija: Predanestezioloska procjena.', 23, 20, TRUE, '2026-01-05 08:00:00', '2026-01-05 08:10:00'),
(99, 099, 'Sedacija za endoskopski postupak', 'Usluga odjela Anesteziologija: Sedacija za endoskopski postupak.', 23, 20, TRUE, '2026-01-05 08:00:00', '2026-01-05 08:10:00'),
(100, 100, 'Pregled za radno mjesto', 'Usluga odjela Medicina rada: Pregled za radno mjesto.', 24, 30, TRUE, '2026-01-05 08:00:00', '2026-01-05 08:10:00'),
(101, 101, 'Periodicki pregled radnika', 'Usluga odjela Medicina rada: Periodicki pregled radnika.', 24, 30, TRUE, '2026-01-05 08:00:00', '2026-01-05 08:10:00'),
(102, 102, 'Pregled za vozace', 'Usluga odjela Medicina rada: Pregled za vozace.', 24, 30, TRUE, '2026-01-05 08:00:00', '2026-01-05 08:10:00'),
(103, 103, 'Izdavanje lijecnickog uvjerenja', 'Usluga odjela Medicina rada: Izdavanje lijecnickog uvjerenja.', 24, 20, TRUE, '2026-01-05 08:00:00', '2026-01-05 08:10:00'),
(104, 104, 'Vadjenje krvi', 'Usluga odjela Laboratorij: Vadjenje krvi.', 25, 20, TRUE, '2026-01-05 08:00:00', '2026-01-05 08:10:00'),
(105, 105, 'Kompletna krvna slika', 'Usluga odjela Laboratorij: Kompletna krvna slika.', 25, 20, TRUE, '2026-01-05 08:00:00', '2026-01-05 08:10:00'),
(106, 106, 'Biokemijske pretrage krvi', 'Usluga odjela Laboratorij: Biokemijske pretrage krvi.', 25, 20, TRUE, '2026-01-05 08:00:00', '2026-01-05 08:10:00'),
(107, 107, 'Analiza urina', 'Usluga odjela Laboratorij: Analiza urina.', 25, 20, TRUE, '2026-01-05 08:00:00', '2026-01-05 08:10:00'),
(108, 108, 'CRP', 'Usluga odjela Laboratorij: CRP.', 25, 20, TRUE, '2026-01-05 08:00:00', '2026-01-05 08:10:00'),
(109, 109, 'Citoloska analiza uzorka', 'Usluga odjela Patologija i citologija: Citoloska analiza uzorka.', 26, 20, TRUE, '2026-01-05 08:00:00', '2026-01-05 08:10:00'),
(110, 110, 'Patohistoloska analiza biopsije', 'Usluga odjela Patologija i citologija: Patohistoloska analiza biopsije.', 26, 20, TRUE, '2026-01-05 08:00:00', '2026-01-05 08:10:00'),
(111, 111, 'Analiza PAPA testa', 'Usluga odjela Patologija i citologija: Analiza PAPA testa.', 26, 20, TRUE, '2026-01-05 08:00:00', '2026-01-05 08:10:00'),
(112, 112, 'Prvo nutricionisticko savjetovanje', 'Usluga odjela Nutricionizam: Prvo nutricionisticko savjetovanje.', 27, 20, TRUE, '2026-01-05 08:00:00', '2026-01-05 08:10:00'),
(113, 113, 'Kontrolno nutricionisticko savjetovanje', 'Usluga odjela Nutricionizam: Kontrolno nutricionisticko savjetovanje.', 27, 20, TRUE, '2026-01-05 08:00:00', '2026-01-05 08:10:00'),
(114, 114, 'Izrada plana prehrane', 'Usluga odjela Nutricionizam: Izrada plana prehrane.', 27, 20, TRUE, '2026-01-05 08:00:00', '2026-01-05 08:10:00'),
(115, 115, 'Osnovni sistematski pregled', 'Usluga odjela Sistematski pregledi: Osnovni sistematski pregled.', 28, 30, TRUE, '2026-01-05 08:00:00', '2026-01-05 08:10:00'),
(116, 116, 'Prosireni sistematski pregled', 'Usluga odjela Sistematski pregledi: Prosireni sistematski pregled.', 28, 60, TRUE, '2026-01-05 08:00:00', '2026-01-05 08:10:00'),
(117, 117, 'Menadzerski sistematski pregled', 'Usluga odjela Sistematski pregledi: Menadzerski sistematski pregled.', 28, 60, TRUE, '2026-01-05 08:00:00', '2026-01-05 08:10:00'),
(118, 118, 'Mamografija obje dojke', 'Usluga odjela Mamografija: Mamografija obje dojke.', 29, 30, TRUE, '2026-01-05 08:00:00', '2026-01-05 08:10:00'),
(119, 119, 'Jednostrana mamografija', 'Usluga odjela Mamografija: Jednostrana mamografija.', 29, 30, TRUE, '2026-01-05 08:00:00', '2026-01-05 08:10:00'),
(120, 120, 'Ocitanje mamografskog nalaza', 'Usluga odjela Mamografija: Ocitanje mamografskog nalaza.', 29, 20, TRUE, '2026-01-05 08:00:00', '2026-01-05 08:10:00'),
(121, 121, 'Ultrazvuk abdomena', 'Usluga odjela Ultrazvucna dijagnostika: Ultrazvuk abdomena.', 30, 30, TRUE, '2026-01-05 08:00:00', '2026-01-05 08:10:00'),
(122, 122, 'Ultrazvuk stitnjace', 'Usluga odjela Ultrazvucna dijagnostika: Ultrazvuk stitnjace.', 30, 30, TRUE, '2026-01-05 08:00:00', '2026-01-05 08:10:00'),
(123, 123, 'Ultrazvuk dojki', 'Usluga odjela Ultrazvucna dijagnostika: Ultrazvuk dojki.', 30, 30, TRUE, '2026-01-05 08:00:00', '2026-01-05 08:10:00'),
(124, 124, 'Doppler krvnih zila', 'Usluga odjela Ultrazvucna dijagnostika: Doppler krvnih zila.', 30, 20, TRUE, '2026-01-05 08:00:00', '2026-01-05 08:10:00');

-- cijena_usluge: 124 redaka
INSERT INTO cijena_usluge (id, id_usluga, datum_od, datum_do, iznos, valuta, porezna_stopa, napomena, vrijeme_kreiranja, vrijeme_azuriranja) VALUES
(1, 1, '2026-01-01', '9999-12-31', 40.00, 'EUR', 0.00, 'Cjenik za 2026.', '2026-01-05 08:00:00', '2026-01-05 08:10:00'),
(2, 2, '2026-01-01', '9999-12-31', 40.00, 'EUR', 0.00, 'Cjenik za 2026.', '2026-01-05 08:00:00', '2026-01-05 08:10:00'),
(3, 3, '2026-01-01', '9999-12-31', 50.00, 'EUR', 0.00, 'Cjenik za 2026.', '2026-01-05 08:00:00', '2026-01-05 08:10:00'),
(4, 4, '2026-01-01', '9999-12-31', 45.00, 'EUR', 0.00, 'Cjenik za 2026.', '2026-01-05 08:00:00', '2026-01-05 08:10:00'),
(5, 5, '2026-01-01', '9999-12-31', 45.00, 'EUR', 0.00, 'Cjenik za 2026.', '2026-01-05 08:00:00', '2026-01-05 08:10:00'),
(6, 6, '2026-01-01', '9999-12-31', 50.00, 'EUR', 0.00, 'Cjenik za 2026.', '2026-01-05 08:00:00', '2026-01-05 08:10:00'),
(7, 7, '2026-01-01', '9999-12-31', 45.00, 'EUR', 0.00, 'Cjenik za 2026.', '2026-01-05 08:00:00', '2026-01-05 08:10:00'),
(8, 8, '2026-01-01', '9999-12-31', 15.00, 'EUR', 0.00, 'Cjenik za 2026.', '2026-01-05 08:00:00', '2026-01-05 08:10:00'),
(9, 9, '2026-01-01', '9999-12-31', 60.00, 'EUR', 0.00, 'Cjenik za 2026.', '2026-01-05 08:00:00', '2026-01-05 08:10:00'),
(10, 10, '2026-01-01', '9999-12-31', 15.00, 'EUR', 0.00, 'Cjenik za 2026.', '2026-01-05 08:00:00', '2026-01-05 08:10:00'),
(11, 11, '2026-01-01', '9999-12-31', 45.00, 'EUR', 0.00, 'Cjenik za 2026.', '2026-01-05 08:00:00', '2026-01-05 08:10:00'),
(12, 12, '2026-01-01', '9999-12-31', 50.00, 'EUR', 0.00, 'Cjenik za 2026.', '2026-01-05 08:00:00', '2026-01-05 08:10:00'),
(13, 13, '2026-01-01', '9999-12-31', 55.00, 'EUR', 0.00, 'Cjenik za 2026.', '2026-01-05 08:00:00', '2026-01-05 08:10:00'),
(14, 14, '2026-01-01', '9999-12-31', 55.00, 'EUR', 0.00, 'Cjenik za 2026.', '2026-01-05 08:00:00', '2026-01-05 08:10:00'),
(15, 15, '2026-01-01', '9999-12-31', 50.00, 'EUR', 0.00, 'Cjenik za 2026.', '2026-01-05 08:00:00', '2026-01-05 08:10:00'),
(16, 16, '2026-01-01', '9999-12-31', 55.00, 'EUR', 0.00, 'Cjenik za 2026.', '2026-01-05 08:00:00', '2026-01-05 08:10:00'),
(17, 17, '2026-01-01', '9999-12-31', 70.00, 'EUR', 0.00, 'Cjenik za 2026.', '2026-01-05 08:00:00', '2026-01-05 08:10:00'),
(18, 18, '2026-01-01', '9999-12-31', 60.00, 'EUR', 0.00, 'Cjenik za 2026.', '2026-01-05 08:00:00', '2026-01-05 08:10:00'),
(19, 19, '2026-01-01', '9999-12-31', 135.00, 'EUR', 0.00, 'Cjenik za 2026.', '2026-01-05 08:00:00', '2026-01-05 08:10:00'),
(20, 20, '2026-01-01', '9999-12-31', 170.00, 'EUR', 0.00, 'Cjenik za 2026.', '2026-01-05 08:00:00', '2026-01-05 08:10:00'),
(21, 21, '2026-01-01', '9999-12-31', 55.00, 'EUR', 0.00, 'Cjenik za 2026.', '2026-01-05 08:00:00', '2026-01-05 08:10:00'),
(22, 22, '2026-01-01', '9999-12-31', 60.00, 'EUR', 0.00, 'Cjenik za 2026.', '2026-01-05 08:00:00', '2026-01-05 08:10:00'),
(23, 23, '2026-01-01', '9999-12-31', 75.00, 'EUR', 0.00, 'Cjenik za 2026.', '2026-01-05 08:00:00', '2026-01-05 08:10:00'),
(24, 24, '2026-01-01', '9999-12-31', 70.00, 'EUR', 0.00, 'Cjenik za 2026.', '2026-01-05 08:00:00', '2026-01-05 08:10:00'),
(25, 25, '2026-01-01', '9999-12-31', 70.00, 'EUR', 0.00, 'Cjenik za 2026.', '2026-01-05 08:00:00', '2026-01-05 08:10:00'),
(26, 26, '2026-01-01', '9999-12-31', 65.00, 'EUR', 0.00, 'Cjenik za 2026.', '2026-01-05 08:00:00', '2026-01-05 08:10:00'),
(27, 27, '2026-01-01', '9999-12-31', 65.00, 'EUR', 0.00, 'Cjenik za 2026.', '2026-01-05 08:00:00', '2026-01-05 08:10:00'),
(28, 28, '2026-01-01', '9999-12-31', 75.00, 'EUR', 0.00, 'Cjenik za 2026.', '2026-01-05 08:00:00', '2026-01-05 08:10:00'),
(29, 29, '2026-01-01', '9999-12-31', 65.00, 'EUR', 0.00, 'Cjenik za 2026.', '2026-01-05 08:00:00', '2026-01-05 08:10:00'),
(30, 30, '2026-01-01', '9999-12-31', 65.00, 'EUR', 0.00, 'Cjenik za 2026.', '2026-01-05 08:00:00', '2026-01-05 08:10:00'),
(31, 31, '2026-01-01', '9999-12-31', 80.00, 'EUR', 0.00, 'Cjenik za 2026.', '2026-01-05 08:00:00', '2026-01-05 08:10:00'),
(32, 32, '2026-01-01', '9999-12-31', 70.00, 'EUR', 0.00, 'Cjenik za 2026.', '2026-01-05 08:00:00', '2026-01-05 08:10:00'),
(33, 33, '2026-01-01', '9999-12-31', 80.00, 'EUR', 0.00, 'Cjenik za 2026.', '2026-01-05 08:00:00', '2026-01-05 08:10:00'),
(34, 34, '2026-01-01', '9999-12-31', 80.00, 'EUR', 0.00, 'Cjenik za 2026.', '2026-01-05 08:00:00', '2026-01-05 08:10:00'),
(35, 35, '2026-01-01', '9999-12-31', 80.00, 'EUR', 0.00, 'Cjenik za 2026.', '2026-01-05 08:00:00', '2026-01-05 08:10:00'),
(36, 36, '2026-01-01', '9999-12-31', 35.00, 'EUR', 0.00, 'Cjenik za 2026.', '2026-01-05 08:00:00', '2026-01-05 08:10:00'),
(37, 37, '2026-01-01', '9999-12-31', 50.00, 'EUR', 0.00, 'Cjenik za 2026.', '2026-01-05 08:00:00', '2026-01-05 08:10:00'),
(38, 38, '2026-01-01', '9999-12-31', 35.00, 'EUR', 0.00, 'Cjenik za 2026.', '2026-01-05 08:00:00', '2026-01-05 08:10:00'),
(39, 39, '2026-01-01', '9999-12-31', 50.00, 'EUR', 0.00, 'Cjenik za 2026.', '2026-01-05 08:00:00', '2026-01-05 08:10:00'),
(40, 40, '2026-01-01', '9999-12-31', 40.00, 'EUR', 0.00, 'Cjenik za 2026.', '2026-01-05 08:00:00', '2026-01-05 08:10:00'),
(41, 41, '2026-01-01', '9999-12-31', 50.00, 'EUR', 0.00, 'Cjenik za 2026.', '2026-01-05 08:00:00', '2026-01-05 08:10:00'),
(42, 42, '2026-01-01', '9999-12-31', 50.00, 'EUR', 0.00, 'Cjenik za 2026.', '2026-01-05 08:00:00', '2026-01-05 08:10:00'),
(43, 43, '2026-01-01', '9999-12-31', 45.00, 'EUR', 0.00, 'Cjenik za 2026.', '2026-01-05 08:00:00', '2026-01-05 08:10:00'),
(44, 44, '2026-01-01', '9999-12-31', 40.00, 'EUR', 0.00, 'Cjenik za 2026.', '2026-01-05 08:00:00', '2026-01-05 08:10:00'),
(45, 45, '2026-01-01', '9999-12-31', 45.00, 'EUR', 0.00, 'Cjenik za 2026.', '2026-01-05 08:00:00', '2026-01-05 08:10:00'),
(46, 46, '2026-01-01', '9999-12-31', 185.00, 'EUR', 0.00, 'Cjenik za 2026.', '2026-01-05 08:00:00', '2026-01-05 08:10:00'),
(47, 47, '2026-01-01', '9999-12-31', 190.00, 'EUR', 0.00, 'Cjenik za 2026.', '2026-01-05 08:00:00', '2026-01-05 08:10:00'),
(48, 48, '2026-01-01', '9999-12-31', 45.00, 'EUR', 0.00, 'Cjenik za 2026.', '2026-01-05 08:00:00', '2026-01-05 08:10:00'),
(49, 49, '2026-01-01', '9999-12-31', 55.00, 'EUR', 0.00, 'Cjenik za 2026.', '2026-01-05 08:00:00', '2026-01-05 08:10:00'),
(50, 50, '2026-01-01', '9999-12-31', 50.00, 'EUR', 0.00, 'Cjenik za 2026.', '2026-01-05 08:00:00', '2026-01-05 08:10:00'),
(51, 51, '2026-01-01', '9999-12-31', 65.00, 'EUR', 0.00, 'Cjenik za 2026.', '2026-01-05 08:00:00', '2026-01-05 08:10:00'),
(52, 52, '2026-01-01', '9999-12-31', 60.00, 'EUR', 0.00, 'Cjenik za 2026.', '2026-01-05 08:00:00', '2026-01-05 08:10:00'),
(53, 53, '2026-01-01', '9999-12-31', 70.00, 'EUR', 0.00, 'Cjenik za 2026.', '2026-01-05 08:00:00', '2026-01-05 08:10:00'),
(54, 54, '2026-01-01', '9999-12-31', 65.00, 'EUR', 0.00, 'Cjenik za 2026.', '2026-01-05 08:00:00', '2026-01-05 08:10:00'),
(55, 55, '2026-01-01', '9999-12-31', 60.00, 'EUR', 0.00, 'Cjenik za 2026.', '2026-01-05 08:00:00', '2026-01-05 08:10:00'),
(56, 56, '2026-01-01', '9999-12-31', 65.00, 'EUR', 0.00, 'Cjenik za 2026.', '2026-01-05 08:00:00', '2026-01-05 08:10:00'),
(57, 57, '2026-01-01', '9999-12-31', 70.00, 'EUR', 0.00, 'Cjenik za 2026.', '2026-01-05 08:00:00', '2026-01-05 08:10:00'),
(58, 58, '2026-01-01', '9999-12-31', 65.00, 'EUR', 0.00, 'Cjenik za 2026.', '2026-01-05 08:00:00', '2026-01-05 08:10:00'),
(59, 59, '2026-01-01', '9999-12-31', 70.00, 'EUR', 0.00, 'Cjenik za 2026.', '2026-01-05 08:00:00', '2026-01-05 08:10:00'),
(60, 60, '2026-01-01', '9999-12-31', 60.00, 'EUR', 0.00, 'Cjenik za 2026.', '2026-01-05 08:00:00', '2026-01-05 08:10:00'),
(61, 61, '2026-01-01', '9999-12-31', 70.00, 'EUR', 0.00, 'Cjenik za 2026.', '2026-01-05 08:00:00', '2026-01-05 08:10:00'),
(62, 62, '2026-01-01', '9999-12-31', 70.00, 'EUR', 0.00, 'Cjenik za 2026.', '2026-01-05 08:00:00', '2026-01-05 08:10:00'),
(63, 63, '2026-01-01', '9999-12-31', 70.00, 'EUR', 0.00, 'Cjenik za 2026.', '2026-01-05 08:00:00', '2026-01-05 08:10:00'),
(64, 64, '2026-01-01', '9999-12-31', 80.00, 'EUR', 0.00, 'Cjenik za 2026.', '2026-01-05 08:00:00', '2026-01-05 08:10:00'),
(65, 65, '2026-01-01', '9999-12-31', 85.00, 'EUR', 0.00, 'Cjenik za 2026.', '2026-01-05 08:00:00', '2026-01-05 08:10:00'),
(66, 66, '2026-01-01', '9999-12-31', 80.00, 'EUR', 0.00, 'Cjenik za 2026.', '2026-01-05 08:00:00', '2026-01-05 08:10:00'),
(67, 67, '2026-01-01', '9999-12-31', 75.00, 'EUR', 0.00, 'Cjenik za 2026.', '2026-01-05 08:00:00', '2026-01-05 08:10:00'),
(68, 68, '2026-01-01', '9999-12-31', 80.00, 'EUR', 0.00, 'Cjenik za 2026.', '2026-01-05 08:00:00', '2026-01-05 08:10:00'),
(69, 69, '2026-01-01', '9999-12-31', 35.00, 'EUR', 0.00, 'Cjenik za 2026.', '2026-01-05 08:00:00', '2026-01-05 08:10:00'),
(70, 70, '2026-01-01', '9999-12-31', 40.00, 'EUR', 0.00, 'Cjenik za 2026.', '2026-01-05 08:00:00', '2026-01-05 08:10:00'),
(71, 71, '2026-01-01', '9999-12-31', 35.00, 'EUR', 0.00, 'Cjenik za 2026.', '2026-01-05 08:00:00', '2026-01-05 08:10:00'),
(72, 72, '2026-01-01', '9999-12-31', 45.00, 'EUR', 0.00, 'Cjenik za 2026.', '2026-01-05 08:00:00', '2026-01-05 08:10:00'),
(73, 73, '2026-01-01', '9999-12-31', 55.00, 'EUR', 0.00, 'Cjenik za 2026.', '2026-01-05 08:00:00', '2026-01-05 08:10:00'),
(74, 74, '2026-01-01', '9999-12-31', 50.00, 'EUR', 0.00, 'Cjenik za 2026.', '2026-01-05 08:00:00', '2026-01-05 08:10:00'),
(75, 75, '2026-01-01', '9999-12-31', 40.00, 'EUR', 0.00, 'Cjenik za 2026.', '2026-01-05 08:00:00', '2026-01-05 08:10:00'),
(76, 76, '2026-01-01', '9999-12-31', 45.00, 'EUR', 0.00, 'Cjenik za 2026.', '2026-01-05 08:00:00', '2026-01-05 08:10:00'),
(77, 77, '2026-01-01', '9999-12-31', 55.00, 'EUR', 0.00, 'Cjenik za 2026.', '2026-01-05 08:00:00', '2026-01-05 08:10:00'),
(78, 78, '2026-01-01', '9999-12-31', 50.00, 'EUR', 0.00, 'Cjenik za 2026.', '2026-01-05 08:00:00', '2026-01-05 08:10:00'),
(79, 79, '2026-01-01', '9999-12-31', 60.00, 'EUR', 0.00, 'Cjenik za 2026.', '2026-01-05 08:00:00', '2026-01-05 08:10:00'),
(80, 80, '2026-01-01', '9999-12-31', 60.00, 'EUR', 0.00, 'Cjenik za 2026.', '2026-01-05 08:00:00', '2026-01-05 08:10:00'),
(81, 81, '2026-01-01', '9999-12-31', 65.00, 'EUR', 0.00, 'Cjenik za 2026.', '2026-01-05 08:00:00', '2026-01-05 08:10:00'),
(82, 82, '2026-01-01', '9999-12-31', 55.00, 'EUR', 0.00, 'Cjenik za 2026.', '2026-01-05 08:00:00', '2026-01-05 08:10:00'),
(83, 83, '2026-01-01', '9999-12-31', 60.00, 'EUR', 0.00, 'Cjenik za 2026.', '2026-01-05 08:00:00', '2026-01-05 08:10:00'),
(84, 84, '2026-01-01', '9999-12-31', 55.00, 'EUR', 0.00, 'Cjenik za 2026.', '2026-01-05 08:00:00', '2026-01-05 08:10:00'),
(85, 85, '2026-01-01', '9999-12-31', 60.00, 'EUR', 0.00, 'Cjenik za 2026.', '2026-01-05 08:00:00', '2026-01-05 08:10:00'),
(86, 86, '2026-01-01', '9999-12-31', 65.00, 'EUR', 0.00, 'Cjenik za 2026.', '2026-01-05 08:00:00', '2026-01-05 08:10:00'),
(87, 87, '2026-01-01', '9999-12-31', 70.00, 'EUR', 0.00, 'Cjenik za 2026.', '2026-01-05 08:00:00', '2026-01-05 08:10:00'),
(88, 88, '2026-01-01', '9999-12-31', 70.00, 'EUR', 0.00, 'Cjenik za 2026.', '2026-01-05 08:00:00', '2026-01-05 08:10:00'),
(89, 89, '2026-01-01', '9999-12-31', 70.00, 'EUR', 0.00, 'Cjenik za 2026.', '2026-01-05 08:00:00', '2026-01-05 08:10:00'),
(90, 90, '2026-01-01', '9999-12-31', 65.00, 'EUR', 0.00, 'Cjenik za 2026.', '2026-01-05 08:00:00', '2026-01-05 08:10:00'),
(91, 91, '2026-01-01', '9999-12-31', 65.00, 'EUR', 0.00, 'Cjenik za 2026.', '2026-01-05 08:00:00', '2026-01-05 08:10:00'),
(92, 92, '2026-01-01', '9999-12-31', 75.00, 'EUR', 0.00, 'Cjenik za 2026.', '2026-01-05 08:00:00', '2026-01-05 08:10:00'),
(93, 93, '2026-01-01', '9999-12-31', 65.00, 'EUR', 0.00, 'Cjenik za 2026.', '2026-01-05 08:00:00', '2026-01-05 08:10:00'),
(94, 94, '2026-01-01', '9999-12-31', 65.00, 'EUR', 0.00, 'Cjenik za 2026.', '2026-01-05 08:00:00', '2026-01-05 08:10:00'),
(95, 95, '2026-01-01', '9999-12-31', 65.00, 'EUR', 0.00, 'Cjenik za 2026.', '2026-01-05 08:00:00', '2026-01-05 08:10:00'),
(96, 96, '2026-01-01', '9999-12-31', 70.00, 'EUR', 0.00, 'Cjenik za 2026.', '2026-01-05 08:00:00', '2026-01-05 08:10:00'),
(97, 97, '2026-01-01', '9999-12-31', 75.00, 'EUR', 0.00, 'Cjenik za 2026.', '2026-01-05 08:00:00', '2026-01-05 08:10:00'),
(98, 98, '2026-01-01', '9999-12-31', 85.00, 'EUR', 0.00, 'Cjenik za 2026.', '2026-01-05 08:00:00', '2026-01-05 08:10:00'),
(99, 99, '2026-01-01', '9999-12-31', 70.00, 'EUR', 0.00, 'Cjenik za 2026.', '2026-01-05 08:00:00', '2026-01-05 08:10:00'),
(100, 100, '2026-01-01', '9999-12-31', 50.00, 'EUR', 0.00, 'Cjenik za 2026.', '2026-01-05 08:00:00', '2026-01-05 08:10:00'),
(101, 101, '2026-01-01', '9999-12-31', 50.00, 'EUR', 0.00, 'Cjenik za 2026.', '2026-01-05 08:00:00', '2026-01-05 08:10:00'),
(102, 102, '2026-01-01', '9999-12-31', 50.00, 'EUR', 0.00, 'Cjenik za 2026.', '2026-01-05 08:00:00', '2026-01-05 08:10:00'),
(103, 103, '2026-01-01', '9999-12-31', 45.00, 'EUR', 0.00, 'Cjenik za 2026.', '2026-01-05 08:00:00', '2026-01-05 08:10:00'),
(104, 104, '2026-01-01', '9999-12-31', 15.00, 'EUR', 0.00, 'Cjenik za 2026.', '2026-01-05 08:00:00', '2026-01-05 08:10:00'),
(105, 105, '2026-01-01', '9999-12-31', 40.00, 'EUR', 0.00, 'Cjenik za 2026.', '2026-01-05 08:00:00', '2026-01-05 08:10:00'),
(106, 106, '2026-01-01', '9999-12-31', 50.00, 'EUR', 0.00, 'Cjenik za 2026.', '2026-01-05 08:00:00', '2026-01-05 08:10:00'),
(107, 107, '2026-01-01', '9999-12-31', 25.00, 'EUR', 0.00, 'Cjenik za 2026.', '2026-01-05 08:00:00', '2026-01-05 08:10:00'),
(108, 108, '2026-01-01', '9999-12-31', 15.00, 'EUR', 0.00, 'Cjenik za 2026.', '2026-01-05 08:00:00', '2026-01-05 08:10:00'),
(109, 109, '2026-01-01', '9999-12-31', 55.00, 'EUR', 0.00, 'Cjenik za 2026.', '2026-01-05 08:00:00', '2026-01-05 08:10:00'),
(110, 110, '2026-01-01', '9999-12-31', 60.00, 'EUR', 0.00, 'Cjenik za 2026.', '2026-01-05 08:00:00', '2026-01-05 08:10:00'),
(111, 111, '2026-01-01', '9999-12-31', 50.00, 'EUR', 0.00, 'Cjenik za 2026.', '2026-01-05 08:00:00', '2026-01-05 08:10:00'),
(112, 112, '2026-01-01', '9999-12-31', 65.00, 'EUR', 0.00, 'Cjenik za 2026.', '2026-01-05 08:00:00', '2026-01-05 08:10:00'),
(113, 113, '2026-01-01', '9999-12-31', 50.00, 'EUR', 0.00, 'Cjenik za 2026.', '2026-01-05 08:00:00', '2026-01-05 08:10:00'),
(114, 114, '2026-01-01', '9999-12-31', 60.00, 'EUR', 0.00, 'Cjenik za 2026.', '2026-01-05 08:00:00', '2026-01-05 08:10:00'),
(115, 115, '2026-01-01', '9999-12-31', 105.00, 'EUR', 0.00, 'Cjenik za 2026.', '2026-01-05 08:00:00', '2026-01-05 08:10:00'),
(116, 116, '2026-01-01', '9999-12-31', 160.00, 'EUR', 0.00, 'Cjenik za 2026.', '2026-01-05 08:00:00', '2026-01-05 08:10:00'),
(117, 117, '2026-01-01', '9999-12-31', 260.00, 'EUR', 0.00, 'Cjenik za 2026.', '2026-01-05 08:00:00', '2026-01-05 08:10:00'),
(118, 118, '2026-01-01', '9999-12-31', 65.00, 'EUR', 0.00, 'Cjenik za 2026.', '2026-01-05 08:00:00', '2026-01-05 08:10:00'),
(119, 119, '2026-01-01', '9999-12-31', 65.00, 'EUR', 0.00, 'Cjenik za 2026.', '2026-01-05 08:00:00', '2026-01-05 08:10:00'),
(120, 120, '2026-01-01', '9999-12-31', 70.00, 'EUR', 0.00, 'Cjenik za 2026.', '2026-01-05 08:00:00', '2026-01-05 08:10:00'),
(121, 121, '2026-01-01', '9999-12-31', 70.00, 'EUR', 0.00, 'Cjenik za 2026.', '2026-01-05 08:00:00', '2026-01-05 08:10:00'),
(122, 122, '2026-01-01', '9999-12-31', 65.00, 'EUR', 0.00, 'Cjenik za 2026.', '2026-01-05 08:00:00', '2026-01-05 08:10:00'),
(123, 123, '2026-01-01', '9999-12-31', 75.00, 'EUR', 0.00, 'Cjenik za 2026.', '2026-01-05 08:00:00', '2026-01-05 08:10:00'),
(124, 124, '2026-01-01', '9999-12-31', 80.00, 'EUR', 0.00, 'Cjenik za 2026.', '2026-01-05 08:00:00', '2026-01-05 08:10:00');

-- raspored_zaposlenika: 720 redaka
INSERT INTO raspored_zaposlenika (id, id_zaposlenik, datum, vrijeme_od, vrijeme_do, biljeska, vrijeme_kreiranja, vrijeme_azuriranja) VALUES
(1, 1, '2026-02-02', '08:00:00', '14:00:00', 'Redovna smjena', '2026-02-02 07:30:00', '2026-02-02 07:35:00'),
(2, 1, '2026-02-04', '08:00:00', '14:00:00', 'Redovna smjena', '2026-02-04 07:30:00', '2026-02-04 07:35:00'),
(3, 1, '2026-02-06', '08:00:00', '14:00:00', 'Kontrolni termini', '2026-02-06 07:30:00', '2026-02-06 07:35:00'),
(4, 1, '2026-02-09', '08:00:00', '14:00:00', 'Kontrolni termini', '2026-02-09 07:30:00', '2026-02-09 07:35:00'),
(5, 1, '2026-02-11', '08:00:00', '14:00:00', 'Ambulantni rad', '2026-02-11 07:30:00', '2026-02-11 07:35:00'),
(6, 1, '2026-02-13', '08:00:00', '14:00:00', 'Ambulantni rad', '2026-02-13 07:30:00', '2026-02-13 07:35:00'),
(7, 1, '2026-02-16', '08:00:00', '14:00:00', 'Ambulantni rad', '2026-02-16 07:30:00', '2026-02-16 07:35:00'),
(8, 1, '2026-02-18', '08:00:00', '14:00:00', 'Ambulantni rad', '2026-02-18 07:30:00', '2026-02-18 07:35:00'),
(9, 1, '2026-02-20', '08:00:00', '14:00:00', 'Redovna smjena', '2026-02-20 07:30:00', '2026-02-20 07:35:00'),
(10, 1, '2026-02-23', '08:00:00', '14:00:00', 'Ambulantni rad', '2026-02-23 07:30:00', '2026-02-23 07:35:00'),
(11, 1, '2026-02-25', '08:00:00', '14:00:00', 'Ambulantni rad', '2026-02-25 07:30:00', '2026-02-25 07:35:00'),
(12, 1, '2026-02-27', '08:00:00', '14:00:00', 'Ambulantni rad', '2026-02-27 07:30:00', '2026-02-27 07:35:00'),
(13, 2, '2026-02-02', '13:00:00', '19:00:00', 'Kontrolni termini', '2026-02-02 07:30:00', '2026-02-02 07:35:00'),
(14, 2, '2026-02-04', '13:00:00', '19:00:00', 'Redovna smjena', '2026-02-04 07:30:00', '2026-02-04 07:35:00'),
(15, 2, '2026-02-06', '13:00:00', '19:00:00', 'Kontrolni termini', '2026-02-06 07:30:00', '2026-02-06 07:35:00'),
(16, 2, '2026-02-09', '13:00:00', '19:00:00', 'Redovna smjena', '2026-02-09 07:30:00', '2026-02-09 07:35:00'),
(17, 2, '2026-02-11', '13:00:00', '19:00:00', 'Ambulantni rad', '2026-02-11 07:30:00', '2026-02-11 07:35:00'),
(18, 2, '2026-02-13', '13:00:00', '19:00:00', 'Kontrolni termini', '2026-02-13 07:30:00', '2026-02-13 07:35:00'),
(19, 2, '2026-02-16', '13:00:00', '19:00:00', 'Redovna smjena', '2026-02-16 07:30:00', '2026-02-16 07:35:00'),
(20, 2, '2026-02-18', '13:00:00', '19:00:00', 'Kontrolni termini', '2026-02-18 07:30:00', '2026-02-18 07:35:00'),
(21, 2, '2026-02-20', '13:00:00', '19:00:00', 'Kontrolni termini', '2026-02-20 07:30:00', '2026-02-20 07:35:00'),
(22, 2, '2026-02-23', '13:00:00', '19:00:00', 'Redovna smjena', '2026-02-23 07:30:00', '2026-02-23 07:35:00'),
(23, 2, '2026-02-25', '13:00:00', '19:00:00', 'Redovna smjena', '2026-02-25 07:30:00', '2026-02-25 07:35:00'),
(24, 2, '2026-02-27', '13:00:00', '19:00:00', 'Ambulantni rad', '2026-02-27 07:30:00', '2026-02-27 07:35:00'),
(25, 3, '2026-02-02', '08:00:00', '14:00:00', 'Ambulantni rad', '2026-02-02 07:30:00', '2026-02-02 07:35:00'),
(26, 3, '2026-02-04', '08:00:00', '14:00:00', 'Ambulantni rad', '2026-02-04 07:30:00', '2026-02-04 07:35:00'),
(27, 3, '2026-02-06', '08:00:00', '14:00:00', 'Kontrolni termini', '2026-02-06 07:30:00', '2026-02-06 07:35:00'),
(28, 3, '2026-02-09', '08:00:00', '14:00:00', 'Ambulantni rad', '2026-02-09 07:30:00', '2026-02-09 07:35:00'),
(29, 3, '2026-02-11', '08:00:00', '14:00:00', 'Redovna smjena', '2026-02-11 07:30:00', '2026-02-11 07:35:00'),
(30, 3, '2026-02-13', '08:00:00', '14:00:00', 'Kontrolni termini', '2026-02-13 07:30:00', '2026-02-13 07:35:00'),
(31, 3, '2026-02-16', '08:00:00', '14:00:00', 'Redovna smjena', '2026-02-16 07:30:00', '2026-02-16 07:35:00'),
(32, 3, '2026-02-18', '08:00:00', '14:00:00', 'Kontrolni termini', '2026-02-18 07:30:00', '2026-02-18 07:35:00'),
(33, 3, '2026-02-20', '08:00:00', '14:00:00', 'Redovna smjena', '2026-02-20 07:30:00', '2026-02-20 07:35:00'),
(34, 3, '2026-02-23', '08:00:00', '14:00:00', 'Redovna smjena', '2026-02-23 07:30:00', '2026-02-23 07:35:00'),
(35, 3, '2026-02-25', '08:00:00', '14:00:00', 'Ambulantni rad', '2026-02-25 07:30:00', '2026-02-25 07:35:00'),
(36, 3, '2026-02-27', '08:00:00', '14:00:00', 'Ambulantni rad', '2026-02-27 07:30:00', '2026-02-27 07:35:00'),
(37, 4, '2026-02-02', '13:00:00', '19:00:00', 'Kontrolni termini', '2026-02-02 07:30:00', '2026-02-02 07:35:00'),
(38, 4, '2026-02-04', '13:00:00', '19:00:00', 'Ambulantni rad', '2026-02-04 07:30:00', '2026-02-04 07:35:00'),
(39, 4, '2026-02-06', '13:00:00', '19:00:00', 'Kontrolni termini', '2026-02-06 07:30:00', '2026-02-06 07:35:00'),
(40, 4, '2026-02-09', '13:00:00', '19:00:00', 'Redovna smjena', '2026-02-09 07:30:00', '2026-02-09 07:35:00'),
(41, 4, '2026-02-11', '13:00:00', '19:00:00', 'Kontrolni termini', '2026-02-11 07:30:00', '2026-02-11 07:35:00'),
(42, 4, '2026-02-13', '13:00:00', '19:00:00', 'Redovna smjena', '2026-02-13 07:30:00', '2026-02-13 07:35:00'),
(43, 4, '2026-02-16', '13:00:00', '19:00:00', 'Redovna smjena', '2026-02-16 07:30:00', '2026-02-16 07:35:00'),
(44, 4, '2026-02-18', '13:00:00', '19:00:00', 'Redovna smjena', '2026-02-18 07:30:00', '2026-02-18 07:35:00'),
(45, 4, '2026-02-20', '13:00:00', '19:00:00', 'Kontrolni termini', '2026-02-20 07:30:00', '2026-02-20 07:35:00'),
(46, 4, '2026-02-23', '13:00:00', '19:00:00', 'Kontrolni termini', '2026-02-23 07:30:00', '2026-02-23 07:35:00'),
(47, 4, '2026-02-25', '13:00:00', '19:00:00', 'Ambulantni rad', '2026-02-25 07:30:00', '2026-02-25 07:35:00'),
(48, 4, '2026-02-27', '13:00:00', '19:00:00', 'Ambulantni rad', '2026-02-27 07:30:00', '2026-02-27 07:35:00'),
(49, 5, '2026-02-02', '08:00:00', '14:00:00', 'Redovna smjena', '2026-02-02 07:30:00', '2026-02-02 07:35:00'),
(50, 5, '2026-02-04', '08:00:00', '14:00:00', 'Redovna smjena', '2026-02-04 07:30:00', '2026-02-04 07:35:00'),
(51, 5, '2026-02-06', '08:00:00', '14:00:00', 'Kontrolni termini', '2026-02-06 07:30:00', '2026-02-06 07:35:00'),
(52, 5, '2026-02-09', '08:00:00', '14:00:00', 'Ambulantni rad', '2026-02-09 07:30:00', '2026-02-09 07:35:00'),
(53, 5, '2026-02-11', '08:00:00', '14:00:00', 'Kontrolni termini', '2026-02-11 07:30:00', '2026-02-11 07:35:00'),
(54, 5, '2026-02-13', '08:00:00', '14:00:00', 'Kontrolni termini', '2026-02-13 07:30:00', '2026-02-13 07:35:00'),
(55, 5, '2026-02-16', '08:00:00', '14:00:00', 'Kontrolni termini', '2026-02-16 07:30:00', '2026-02-16 07:35:00'),
(56, 5, '2026-02-18', '08:00:00', '14:00:00', 'Redovna smjena', '2026-02-18 07:30:00', '2026-02-18 07:35:00'),
(57, 5, '2026-02-20', '08:00:00', '14:00:00', 'Redovna smjena', '2026-02-20 07:30:00', '2026-02-20 07:35:00'),
(58, 5, '2026-02-23', '08:00:00', '14:00:00', 'Ambulantni rad', '2026-02-23 07:30:00', '2026-02-23 07:35:00'),
(59, 5, '2026-02-25', '08:00:00', '14:00:00', 'Redovna smjena', '2026-02-25 07:30:00', '2026-02-25 07:35:00'),
(60, 5, '2026-02-27', '08:00:00', '14:00:00', 'Redovna smjena', '2026-02-27 07:30:00', '2026-02-27 07:35:00'),
(61, 6, '2026-02-02', '13:00:00', '19:00:00', 'Kontrolni termini', '2026-02-02 07:30:00', '2026-02-02 07:35:00'),
(62, 6, '2026-02-04', '13:00:00', '19:00:00', 'Redovna smjena', '2026-02-04 07:30:00', '2026-02-04 07:35:00'),
(63, 6, '2026-02-06', '13:00:00', '19:00:00', 'Kontrolni termini', '2026-02-06 07:30:00', '2026-02-06 07:35:00'),
(64, 6, '2026-02-09', '13:00:00', '19:00:00', 'Ambulantni rad', '2026-02-09 07:30:00', '2026-02-09 07:35:00'),
(65, 6, '2026-02-11', '13:00:00', '19:00:00', 'Redovna smjena', '2026-02-11 07:30:00', '2026-02-11 07:35:00'),
(66, 6, '2026-02-13', '13:00:00', '19:00:00', 'Ambulantni rad', '2026-02-13 07:30:00', '2026-02-13 07:35:00'),
(67, 6, '2026-02-16', '13:00:00', '19:00:00', 'Redovna smjena', '2026-02-16 07:30:00', '2026-02-16 07:35:00'),
(68, 6, '2026-02-18', '13:00:00', '19:00:00', 'Kontrolni termini', '2026-02-18 07:30:00', '2026-02-18 07:35:00'),
(69, 6, '2026-02-20', '13:00:00', '19:00:00', 'Redovna smjena', '2026-02-20 07:30:00', '2026-02-20 07:35:00'),
(70, 6, '2026-02-23', '13:00:00', '19:00:00', 'Kontrolni termini', '2026-02-23 07:30:00', '2026-02-23 07:35:00'),
(71, 6, '2026-02-25', '13:00:00', '19:00:00', 'Ambulantni rad', '2026-02-25 07:30:00', '2026-02-25 07:35:00'),
(72, 6, '2026-02-27', '13:00:00', '19:00:00', 'Kontrolni termini', '2026-02-27 07:30:00', '2026-02-27 07:35:00'),
(73, 7, '2026-02-02', '08:00:00', '14:00:00', 'Kontrolni termini', '2026-02-02 07:30:00', '2026-02-02 07:35:00'),
(74, 7, '2026-02-04', '08:00:00', '14:00:00', 'Ambulantni rad', '2026-02-04 07:30:00', '2026-02-04 07:35:00'),
(75, 7, '2026-02-06', '08:00:00', '14:00:00', 'Ambulantni rad', '2026-02-06 07:30:00', '2026-02-06 07:35:00'),
(76, 7, '2026-02-09', '08:00:00', '14:00:00', 'Kontrolni termini', '2026-02-09 07:30:00', '2026-02-09 07:35:00'),
(77, 7, '2026-02-11', '08:00:00', '14:00:00', 'Redovna smjena', '2026-02-11 07:30:00', '2026-02-11 07:35:00'),
(78, 7, '2026-02-13', '08:00:00', '14:00:00', 'Kontrolni termini', '2026-02-13 07:30:00', '2026-02-13 07:35:00'),
(79, 7, '2026-02-16', '08:00:00', '14:00:00', 'Kontrolni termini', '2026-02-16 07:30:00', '2026-02-16 07:35:00'),
(80, 7, '2026-02-18', '08:00:00', '14:00:00', 'Redovna smjena', '2026-02-18 07:30:00', '2026-02-18 07:35:00'),
(81, 7, '2026-02-20', '08:00:00', '14:00:00', 'Kontrolni termini', '2026-02-20 07:30:00', '2026-02-20 07:35:00'),
(82, 7, '2026-02-23', '08:00:00', '14:00:00', 'Kontrolni termini', '2026-02-23 07:30:00', '2026-02-23 07:35:00'),
(83, 7, '2026-02-25', '08:00:00', '14:00:00', 'Ambulantni rad', '2026-02-25 07:30:00', '2026-02-25 07:35:00'),
(84, 7, '2026-02-27', '08:00:00', '14:00:00', 'Redovna smjena', '2026-02-27 07:30:00', '2026-02-27 07:35:00'),
(85, 8, '2026-02-02', '13:00:00', '19:00:00', 'Redovna smjena', '2026-02-02 07:30:00', '2026-02-02 07:35:00'),
(86, 8, '2026-02-04', '13:00:00', '19:00:00', 'Ambulantni rad', '2026-02-04 07:30:00', '2026-02-04 07:35:00'),
(87, 8, '2026-02-06', '13:00:00', '19:00:00', 'Redovna smjena', '2026-02-06 07:30:00', '2026-02-06 07:35:00'),
(88, 8, '2026-02-09', '13:00:00', '19:00:00', 'Redovna smjena', '2026-02-09 07:30:00', '2026-02-09 07:35:00'),
(89, 8, '2026-02-11', '13:00:00', '19:00:00', 'Ambulantni rad', '2026-02-11 07:30:00', '2026-02-11 07:35:00'),
(90, 8, '2026-02-13', '13:00:00', '19:00:00', 'Kontrolni termini', '2026-02-13 07:30:00', '2026-02-13 07:35:00'),
(91, 8, '2026-02-16', '13:00:00', '19:00:00', 'Kontrolni termini', '2026-02-16 07:30:00', '2026-02-16 07:35:00'),
(92, 8, '2026-02-18', '13:00:00', '19:00:00', 'Kontrolni termini', '2026-02-18 07:30:00', '2026-02-18 07:35:00'),
(93, 8, '2026-02-20', '13:00:00', '19:00:00', 'Ambulantni rad', '2026-02-20 07:30:00', '2026-02-20 07:35:00'),
(94, 8, '2026-02-23', '13:00:00', '19:00:00', 'Ambulantni rad', '2026-02-23 07:30:00', '2026-02-23 07:35:00'),
(95, 8, '2026-02-25', '13:00:00', '19:00:00', 'Redovna smjena', '2026-02-25 07:30:00', '2026-02-25 07:35:00'),
(96, 8, '2026-02-27', '13:00:00', '19:00:00', 'Kontrolni termini', '2026-02-27 07:30:00', '2026-02-27 07:35:00'),
(97, 9, '2026-02-02', '08:00:00', '14:00:00', 'Ambulantni rad', '2026-02-02 07:30:00', '2026-02-02 07:35:00'),
(98, 9, '2026-02-04', '08:00:00', '14:00:00', 'Ambulantni rad', '2026-02-04 07:30:00', '2026-02-04 07:35:00'),
(99, 9, '2026-02-06', '08:00:00', '14:00:00', 'Ambulantni rad', '2026-02-06 07:30:00', '2026-02-06 07:35:00'),
(100, 9, '2026-02-09', '08:00:00', '14:00:00', 'Redovna smjena', '2026-02-09 07:30:00', '2026-02-09 07:35:00'),
(101, 9, '2026-02-11', '08:00:00', '14:00:00', 'Ambulantni rad', '2026-02-11 07:30:00', '2026-02-11 07:35:00'),
(102, 9, '2026-02-13', '08:00:00', '14:00:00', 'Kontrolni termini', '2026-02-13 07:30:00', '2026-02-13 07:35:00'),
(103, 9, '2026-02-16', '08:00:00', '14:00:00', 'Ambulantni rad', '2026-02-16 07:30:00', '2026-02-16 07:35:00'),
(104, 9, '2026-02-18', '08:00:00', '14:00:00', 'Ambulantni rad', '2026-02-18 07:30:00', '2026-02-18 07:35:00'),
(105, 9, '2026-02-20', '08:00:00', '14:00:00', 'Redovna smjena', '2026-02-20 07:30:00', '2026-02-20 07:35:00'),
(106, 9, '2026-02-23', '08:00:00', '14:00:00', 'Kontrolni termini', '2026-02-23 07:30:00', '2026-02-23 07:35:00'),
(107, 9, '2026-02-25', '08:00:00', '14:00:00', 'Kontrolni termini', '2026-02-25 07:30:00', '2026-02-25 07:35:00'),
(108, 9, '2026-02-27', '08:00:00', '14:00:00', 'Kontrolni termini', '2026-02-27 07:30:00', '2026-02-27 07:35:00'),
(109, 10, '2026-02-02', '13:00:00', '19:00:00', 'Ambulantni rad', '2026-02-02 07:30:00', '2026-02-02 07:35:00'),
(110, 10, '2026-02-04', '13:00:00', '19:00:00', 'Redovna smjena', '2026-02-04 07:30:00', '2026-02-04 07:35:00'),
(111, 10, '2026-02-06', '13:00:00', '19:00:00', 'Kontrolni termini', '2026-02-06 07:30:00', '2026-02-06 07:35:00'),
(112, 10, '2026-02-09', '13:00:00', '19:00:00', 'Ambulantni rad', '2026-02-09 07:30:00', '2026-02-09 07:35:00'),
(113, 10, '2026-02-11', '13:00:00', '19:00:00', 'Redovna smjena', '2026-02-11 07:30:00', '2026-02-11 07:35:00'),
(114, 10, '2026-02-13', '13:00:00', '19:00:00', 'Kontrolni termini', '2026-02-13 07:30:00', '2026-02-13 07:35:00'),
(115, 10, '2026-02-16', '13:00:00', '19:00:00', 'Redovna smjena', '2026-02-16 07:30:00', '2026-02-16 07:35:00'),
(116, 10, '2026-02-18', '13:00:00', '19:00:00', 'Redovna smjena', '2026-02-18 07:30:00', '2026-02-18 07:35:00'),
(117, 10, '2026-02-20', '13:00:00', '19:00:00', 'Ambulantni rad', '2026-02-20 07:30:00', '2026-02-20 07:35:00'),
(118, 10, '2026-02-23', '13:00:00', '19:00:00', 'Redovna smjena', '2026-02-23 07:30:00', '2026-02-23 07:35:00'),
(119, 10, '2026-02-25', '13:00:00', '19:00:00', 'Ambulantni rad', '2026-02-25 07:30:00', '2026-02-25 07:35:00'),
(120, 10, '2026-02-27', '13:00:00', '19:00:00', 'Kontrolni termini', '2026-02-27 07:30:00', '2026-02-27 07:35:00'),
(121, 11, '2026-02-02', '08:00:00', '14:00:00', 'Kontrolni termini', '2026-02-02 07:30:00', '2026-02-02 07:35:00'),
(122, 11, '2026-02-04', '08:00:00', '14:00:00', 'Redovna smjena', '2026-02-04 07:30:00', '2026-02-04 07:35:00'),
(123, 11, '2026-02-06', '08:00:00', '14:00:00', 'Kontrolni termini', '2026-02-06 07:30:00', '2026-02-06 07:35:00'),
(124, 11, '2026-02-09', '08:00:00', '14:00:00', 'Ambulantni rad', '2026-02-09 07:30:00', '2026-02-09 07:35:00'),
(125, 11, '2026-02-11', '08:00:00', '14:00:00', 'Ambulantni rad', '2026-02-11 07:30:00', '2026-02-11 07:35:00'),
(126, 11, '2026-02-13', '08:00:00', '14:00:00', 'Ambulantni rad', '2026-02-13 07:30:00', '2026-02-13 07:35:00'),
(127, 11, '2026-02-16', '08:00:00', '14:00:00', 'Redovna smjena', '2026-02-16 07:30:00', '2026-02-16 07:35:00'),
(128, 11, '2026-02-18', '08:00:00', '14:00:00', 'Redovna smjena', '2026-02-18 07:30:00', '2026-02-18 07:35:00'),
(129, 11, '2026-02-20', '08:00:00', '14:00:00', 'Redovna smjena', '2026-02-20 07:30:00', '2026-02-20 07:35:00'),
(130, 11, '2026-02-23', '08:00:00', '14:00:00', 'Ambulantni rad', '2026-02-23 07:30:00', '2026-02-23 07:35:00'),
(131, 11, '2026-02-25', '08:00:00', '14:00:00', 'Ambulantni rad', '2026-02-25 07:30:00', '2026-02-25 07:35:00'),
(132, 11, '2026-02-27', '08:00:00', '14:00:00', 'Ambulantni rad', '2026-02-27 07:30:00', '2026-02-27 07:35:00'),
(133, 12, '2026-02-02', '13:00:00', '19:00:00', 'Ambulantni rad', '2026-02-02 07:30:00', '2026-02-02 07:35:00'),
(134, 12, '2026-02-04', '13:00:00', '19:00:00', 'Redovna smjena', '2026-02-04 07:30:00', '2026-02-04 07:35:00'),
(135, 12, '2026-02-06', '13:00:00', '19:00:00', 'Redovna smjena', '2026-02-06 07:30:00', '2026-02-06 07:35:00'),
(136, 12, '2026-02-09', '13:00:00', '19:00:00', 'Redovna smjena', '2026-02-09 07:30:00', '2026-02-09 07:35:00'),
(137, 12, '2026-02-11', '13:00:00', '19:00:00', 'Redovna smjena', '2026-02-11 07:30:00', '2026-02-11 07:35:00'),
(138, 12, '2026-02-13', '13:00:00', '19:00:00', 'Ambulantni rad', '2026-02-13 07:30:00', '2026-02-13 07:35:00'),
(139, 12, '2026-02-16', '13:00:00', '19:00:00', 'Ambulantni rad', '2026-02-16 07:30:00', '2026-02-16 07:35:00'),
(140, 12, '2026-02-18', '13:00:00', '19:00:00', 'Kontrolni termini', '2026-02-18 07:30:00', '2026-02-18 07:35:00'),
(141, 12, '2026-02-20', '13:00:00', '19:00:00', 'Kontrolni termini', '2026-02-20 07:30:00', '2026-02-20 07:35:00'),
(142, 12, '2026-02-23', '13:00:00', '19:00:00', 'Kontrolni termini', '2026-02-23 07:30:00', '2026-02-23 07:35:00'),
(143, 12, '2026-02-25', '13:00:00', '19:00:00', 'Ambulantni rad', '2026-02-25 07:30:00', '2026-02-25 07:35:00'),
(144, 12, '2026-02-27', '13:00:00', '19:00:00', 'Redovna smjena', '2026-02-27 07:30:00', '2026-02-27 07:35:00'),
(145, 13, '2026-02-02', '08:00:00', '14:00:00', 'Redovna smjena', '2026-02-02 07:30:00', '2026-02-02 07:35:00'),
(146, 13, '2026-02-04', '08:00:00', '14:00:00', 'Redovna smjena', '2026-02-04 07:30:00', '2026-02-04 07:35:00'),
(147, 13, '2026-02-06', '08:00:00', '14:00:00', 'Ambulantni rad', '2026-02-06 07:30:00', '2026-02-06 07:35:00'),
(148, 13, '2026-02-09', '08:00:00', '14:00:00', 'Kontrolni termini', '2026-02-09 07:30:00', '2026-02-09 07:35:00'),
(149, 13, '2026-02-11', '08:00:00', '14:00:00', 'Redovna smjena', '2026-02-11 07:30:00', '2026-02-11 07:35:00'),
(150, 13, '2026-02-13', '08:00:00', '14:00:00', 'Kontrolni termini', '2026-02-13 07:30:00', '2026-02-13 07:35:00'),
(151, 13, '2026-02-16', '08:00:00', '14:00:00', 'Kontrolni termini', '2026-02-16 07:30:00', '2026-02-16 07:35:00'),
(152, 13, '2026-02-18', '08:00:00', '14:00:00', 'Ambulantni rad', '2026-02-18 07:30:00', '2026-02-18 07:35:00'),
(153, 13, '2026-02-20', '08:00:00', '14:00:00', 'Ambulantni rad', '2026-02-20 07:30:00', '2026-02-20 07:35:00'),
(154, 13, '2026-02-23', '08:00:00', '14:00:00', 'Redovna smjena', '2026-02-23 07:30:00', '2026-02-23 07:35:00'),
(155, 13, '2026-02-25', '08:00:00', '14:00:00', 'Ambulantni rad', '2026-02-25 07:30:00', '2026-02-25 07:35:00'),
(156, 13, '2026-02-27', '08:00:00', '14:00:00', 'Ambulantni rad', '2026-02-27 07:30:00', '2026-02-27 07:35:00'),
(157, 14, '2026-02-02', '13:00:00', '19:00:00', 'Ambulantni rad', '2026-02-02 07:30:00', '2026-02-02 07:35:00'),
(158, 14, '2026-02-04', '13:00:00', '19:00:00', 'Redovna smjena', '2026-02-04 07:30:00', '2026-02-04 07:35:00'),
(159, 14, '2026-02-06', '13:00:00', '19:00:00', 'Kontrolni termini', '2026-02-06 07:30:00', '2026-02-06 07:35:00'),
(160, 14, '2026-02-09', '13:00:00', '19:00:00', 'Kontrolni termini', '2026-02-09 07:30:00', '2026-02-09 07:35:00'),
(161, 14, '2026-02-11', '13:00:00', '19:00:00', 'Redovna smjena', '2026-02-11 07:30:00', '2026-02-11 07:35:00'),
(162, 14, '2026-02-13', '13:00:00', '19:00:00', 'Kontrolni termini', '2026-02-13 07:30:00', '2026-02-13 07:35:00'),
(163, 14, '2026-02-16', '13:00:00', '19:00:00', 'Kontrolni termini', '2026-02-16 07:30:00', '2026-02-16 07:35:00'),
(164, 14, '2026-02-18', '13:00:00', '19:00:00', 'Redovna smjena', '2026-02-18 07:30:00', '2026-02-18 07:35:00'),
(165, 14, '2026-02-20', '13:00:00', '19:00:00', 'Kontrolni termini', '2026-02-20 07:30:00', '2026-02-20 07:35:00'),
(166, 14, '2026-02-23', '13:00:00', '19:00:00', 'Ambulantni rad', '2026-02-23 07:30:00', '2026-02-23 07:35:00'),
(167, 14, '2026-02-25', '13:00:00', '19:00:00', 'Redovna smjena', '2026-02-25 07:30:00', '2026-02-25 07:35:00'),
(168, 14, '2026-02-27', '13:00:00', '19:00:00', 'Redovna smjena', '2026-02-27 07:30:00', '2026-02-27 07:35:00'),
(169, 15, '2026-02-02', '08:00:00', '14:00:00', 'Ambulantni rad', '2026-02-02 07:30:00', '2026-02-02 07:35:00'),
(170, 15, '2026-02-04', '08:00:00', '14:00:00', 'Ambulantni rad', '2026-02-04 07:30:00', '2026-02-04 07:35:00'),
(171, 15, '2026-02-06', '08:00:00', '14:00:00', 'Ambulantni rad', '2026-02-06 07:30:00', '2026-02-06 07:35:00'),
(172, 15, '2026-02-09', '08:00:00', '14:00:00', 'Ambulantni rad', '2026-02-09 07:30:00', '2026-02-09 07:35:00'),
(173, 15, '2026-02-11', '08:00:00', '14:00:00', 'Redovna smjena', '2026-02-11 07:30:00', '2026-02-11 07:35:00'),
(174, 15, '2026-02-13', '08:00:00', '14:00:00', 'Redovna smjena', '2026-02-13 07:30:00', '2026-02-13 07:35:00'),
(175, 15, '2026-02-16', '08:00:00', '14:00:00', 'Redovna smjena', '2026-02-16 07:30:00', '2026-02-16 07:35:00'),
(176, 15, '2026-02-18', '08:00:00', '14:00:00', 'Ambulantni rad', '2026-02-18 07:30:00', '2026-02-18 07:35:00'),
(177, 15, '2026-02-20', '08:00:00', '14:00:00', 'Ambulantni rad', '2026-02-20 07:30:00', '2026-02-20 07:35:00'),
(178, 15, '2026-02-23', '08:00:00', '14:00:00', 'Ambulantni rad', '2026-02-23 07:30:00', '2026-02-23 07:35:00'),
(179, 15, '2026-02-25', '08:00:00', '14:00:00', 'Ambulantni rad', '2026-02-25 07:30:00', '2026-02-25 07:35:00'),
(180, 15, '2026-02-27', '08:00:00', '14:00:00', 'Ambulantni rad', '2026-02-27 07:30:00', '2026-02-27 07:35:00'),
(181, 16, '2026-02-02', '13:00:00', '19:00:00', 'Redovna smjena', '2026-02-02 07:30:00', '2026-02-02 07:35:00'),
(182, 16, '2026-02-04', '13:00:00', '19:00:00', 'Ambulantni rad', '2026-02-04 07:30:00', '2026-02-04 07:35:00'),
(183, 16, '2026-02-06', '13:00:00', '19:00:00', 'Ambulantni rad', '2026-02-06 07:30:00', '2026-02-06 07:35:00'),
(184, 16, '2026-02-09', '13:00:00', '19:00:00', 'Redovna smjena', '2026-02-09 07:30:00', '2026-02-09 07:35:00'),
(185, 16, '2026-02-11', '13:00:00', '19:00:00', 'Kontrolni termini', '2026-02-11 07:30:00', '2026-02-11 07:35:00'),
(186, 16, '2026-02-13', '13:00:00', '19:00:00', 'Kontrolni termini', '2026-02-13 07:30:00', '2026-02-13 07:35:00'),
(187, 16, '2026-02-16', '13:00:00', '19:00:00', 'Ambulantni rad', '2026-02-16 07:30:00', '2026-02-16 07:35:00'),
(188, 16, '2026-02-18', '13:00:00', '19:00:00', 'Kontrolni termini', '2026-02-18 07:30:00', '2026-02-18 07:35:00'),
(189, 16, '2026-02-20', '13:00:00', '19:00:00', 'Kontrolni termini', '2026-02-20 07:30:00', '2026-02-20 07:35:00'),
(190, 16, '2026-02-23', '13:00:00', '19:00:00', 'Redovna smjena', '2026-02-23 07:30:00', '2026-02-23 07:35:00'),
(191, 16, '2026-02-25', '13:00:00', '19:00:00', 'Ambulantni rad', '2026-02-25 07:30:00', '2026-02-25 07:35:00'),
(192, 16, '2026-02-27', '13:00:00', '19:00:00', 'Redovna smjena', '2026-02-27 07:30:00', '2026-02-27 07:35:00'),
(193, 17, '2026-02-02', '08:00:00', '14:00:00', 'Redovna smjena', '2026-02-02 07:30:00', '2026-02-02 07:35:00'),
(194, 17, '2026-02-04', '08:00:00', '14:00:00', 'Ambulantni rad', '2026-02-04 07:30:00', '2026-02-04 07:35:00'),
(195, 17, '2026-02-06', '08:00:00', '14:00:00', 'Redovna smjena', '2026-02-06 07:30:00', '2026-02-06 07:35:00'),
(196, 17, '2026-02-09', '08:00:00', '14:00:00', 'Ambulantni rad', '2026-02-09 07:30:00', '2026-02-09 07:35:00'),
(197, 17, '2026-02-11', '08:00:00', '14:00:00', 'Ambulantni rad', '2026-02-11 07:30:00', '2026-02-11 07:35:00'),
(198, 17, '2026-02-13', '08:00:00', '14:00:00', 'Kontrolni termini', '2026-02-13 07:30:00', '2026-02-13 07:35:00'),
(199, 17, '2026-02-16', '08:00:00', '14:00:00', 'Ambulantni rad', '2026-02-16 07:30:00', '2026-02-16 07:35:00'),
(200, 17, '2026-02-18', '08:00:00', '14:00:00', 'Ambulantni rad', '2026-02-18 07:30:00', '2026-02-18 07:35:00'),
(201, 17, '2026-02-20', '08:00:00', '14:00:00', 'Ambulantni rad', '2026-02-20 07:30:00', '2026-02-20 07:35:00'),
(202, 17, '2026-02-23', '08:00:00', '14:00:00', 'Ambulantni rad', '2026-02-23 07:30:00', '2026-02-23 07:35:00'),
(203, 17, '2026-02-25', '08:00:00', '14:00:00', 'Ambulantni rad', '2026-02-25 07:30:00', '2026-02-25 07:35:00'),
(204, 17, '2026-02-27', '08:00:00', '14:00:00', 'Kontrolni termini', '2026-02-27 07:30:00', '2026-02-27 07:35:00'),
(205, 18, '2026-02-02', '13:00:00', '19:00:00', 'Kontrolni termini', '2026-02-02 07:30:00', '2026-02-02 07:35:00'),
(206, 18, '2026-02-04', '13:00:00', '19:00:00', 'Redovna smjena', '2026-02-04 07:30:00', '2026-02-04 07:35:00'),
(207, 18, '2026-02-06', '13:00:00', '19:00:00', 'Ambulantni rad', '2026-02-06 07:30:00', '2026-02-06 07:35:00'),
(208, 18, '2026-02-09', '13:00:00', '19:00:00', 'Ambulantni rad', '2026-02-09 07:30:00', '2026-02-09 07:35:00'),
(209, 18, '2026-02-11', '13:00:00', '19:00:00', 'Kontrolni termini', '2026-02-11 07:30:00', '2026-02-11 07:35:00'),
(210, 18, '2026-02-13', '13:00:00', '19:00:00', 'Kontrolni termini', '2026-02-13 07:30:00', '2026-02-13 07:35:00'),
(211, 18, '2026-02-16', '13:00:00', '19:00:00', 'Redovna smjena', '2026-02-16 07:30:00', '2026-02-16 07:35:00'),
(212, 18, '2026-02-18', '13:00:00', '19:00:00', 'Ambulantni rad', '2026-02-18 07:30:00', '2026-02-18 07:35:00'),
(213, 18, '2026-02-20', '13:00:00', '19:00:00', 'Ambulantni rad', '2026-02-20 07:30:00', '2026-02-20 07:35:00'),
(214, 18, '2026-02-23', '13:00:00', '19:00:00', 'Redovna smjena', '2026-02-23 07:30:00', '2026-02-23 07:35:00'),
(215, 18, '2026-02-25', '13:00:00', '19:00:00', 'Ambulantni rad', '2026-02-25 07:30:00', '2026-02-25 07:35:00'),
(216, 18, '2026-02-27', '13:00:00', '19:00:00', 'Ambulantni rad', '2026-02-27 07:30:00', '2026-02-27 07:35:00'),
(217, 19, '2026-02-02', '08:00:00', '14:00:00', 'Ambulantni rad', '2026-02-02 07:30:00', '2026-02-02 07:35:00'),
(218, 19, '2026-02-04', '08:00:00', '14:00:00', 'Kontrolni termini', '2026-02-04 07:30:00', '2026-02-04 07:35:00'),
(219, 19, '2026-02-06', '08:00:00', '14:00:00', 'Kontrolni termini', '2026-02-06 07:30:00', '2026-02-06 07:35:00'),
(220, 19, '2026-02-09', '08:00:00', '14:00:00', 'Kontrolni termini', '2026-02-09 07:30:00', '2026-02-09 07:35:00'),
(221, 19, '2026-02-11', '08:00:00', '14:00:00', 'Ambulantni rad', '2026-02-11 07:30:00', '2026-02-11 07:35:00'),
(222, 19, '2026-02-13', '08:00:00', '14:00:00', 'Kontrolni termini', '2026-02-13 07:30:00', '2026-02-13 07:35:00'),
(223, 19, '2026-02-16', '08:00:00', '14:00:00', 'Redovna smjena', '2026-02-16 07:30:00', '2026-02-16 07:35:00'),
(224, 19, '2026-02-18', '08:00:00', '14:00:00', 'Ambulantni rad', '2026-02-18 07:30:00', '2026-02-18 07:35:00'),
(225, 19, '2026-02-20', '08:00:00', '14:00:00', 'Ambulantni rad', '2026-02-20 07:30:00', '2026-02-20 07:35:00'),
(226, 19, '2026-02-23', '08:00:00', '14:00:00', 'Ambulantni rad', '2026-02-23 07:30:00', '2026-02-23 07:35:00'),
(227, 19, '2026-02-25', '08:00:00', '14:00:00', 'Ambulantni rad', '2026-02-25 07:30:00', '2026-02-25 07:35:00'),
(228, 19, '2026-02-27', '08:00:00', '14:00:00', 'Ambulantni rad', '2026-02-27 07:30:00', '2026-02-27 07:35:00'),
(229, 20, '2026-02-02', '13:00:00', '19:00:00', 'Redovna smjena', '2026-02-02 07:30:00', '2026-02-02 07:35:00'),
(230, 20, '2026-02-04', '13:00:00', '19:00:00', 'Kontrolni termini', '2026-02-04 07:30:00', '2026-02-04 07:35:00'),
(231, 20, '2026-02-06', '13:00:00', '19:00:00', 'Redovna smjena', '2026-02-06 07:30:00', '2026-02-06 07:35:00'),
(232, 20, '2026-02-09', '13:00:00', '19:00:00', 'Kontrolni termini', '2026-02-09 07:30:00', '2026-02-09 07:35:00'),
(233, 20, '2026-02-11', '13:00:00', '19:00:00', 'Kontrolni termini', '2026-02-11 07:30:00', '2026-02-11 07:35:00'),
(234, 20, '2026-02-13', '13:00:00', '19:00:00', 'Redovna smjena', '2026-02-13 07:30:00', '2026-02-13 07:35:00'),
(235, 20, '2026-02-16', '13:00:00', '19:00:00', 'Kontrolni termini', '2026-02-16 07:30:00', '2026-02-16 07:35:00'),
(236, 20, '2026-02-18', '13:00:00', '19:00:00', 'Kontrolni termini', '2026-02-18 07:30:00', '2026-02-18 07:35:00'),
(237, 20, '2026-02-20', '13:00:00', '19:00:00', 'Redovna smjena', '2026-02-20 07:30:00', '2026-02-20 07:35:00'),
(238, 20, '2026-02-23', '13:00:00', '19:00:00', 'Kontrolni termini', '2026-02-23 07:30:00', '2026-02-23 07:35:00'),
(239, 20, '2026-02-25', '13:00:00', '19:00:00', 'Ambulantni rad', '2026-02-25 07:30:00', '2026-02-25 07:35:00'),
(240, 20, '2026-02-27', '13:00:00', '19:00:00', 'Kontrolni termini', '2026-02-27 07:30:00', '2026-02-27 07:35:00'),
(241, 21, '2026-02-02', '08:00:00', '14:00:00', 'Redovna smjena', '2026-02-02 07:30:00', '2026-02-02 07:35:00'),
(242, 21, '2026-02-04', '08:00:00', '14:00:00', 'Ambulantni rad', '2026-02-04 07:30:00', '2026-02-04 07:35:00'),
(243, 21, '2026-02-06', '08:00:00', '14:00:00', 'Ambulantni rad', '2026-02-06 07:30:00', '2026-02-06 07:35:00'),
(244, 21, '2026-02-09', '08:00:00', '14:00:00', 'Kontrolni termini', '2026-02-09 07:30:00', '2026-02-09 07:35:00'),
(245, 21, '2026-02-11', '08:00:00', '14:00:00', 'Redovna smjena', '2026-02-11 07:30:00', '2026-02-11 07:35:00'),
(246, 21, '2026-02-13', '08:00:00', '14:00:00', 'Ambulantni rad', '2026-02-13 07:30:00', '2026-02-13 07:35:00'),
(247, 21, '2026-02-16', '08:00:00', '14:00:00', 'Kontrolni termini', '2026-02-16 07:30:00', '2026-02-16 07:35:00'),
(248, 21, '2026-02-18', '08:00:00', '14:00:00', 'Ambulantni rad', '2026-02-18 07:30:00', '2026-02-18 07:35:00'),
(249, 21, '2026-02-20', '08:00:00', '14:00:00', 'Redovna smjena', '2026-02-20 07:30:00', '2026-02-20 07:35:00'),
(250, 21, '2026-02-23', '08:00:00', '14:00:00', 'Kontrolni termini', '2026-02-23 07:30:00', '2026-02-23 07:35:00'),
(251, 21, '2026-02-25', '08:00:00', '14:00:00', 'Ambulantni rad', '2026-02-25 07:30:00', '2026-02-25 07:35:00'),
(252, 21, '2026-02-27', '08:00:00', '14:00:00', 'Redovna smjena', '2026-02-27 07:30:00', '2026-02-27 07:35:00'),
(253, 22, '2026-02-02', '13:00:00', '19:00:00', 'Ambulantni rad', '2026-02-02 07:30:00', '2026-02-02 07:35:00'),
(254, 22, '2026-02-04', '13:00:00', '19:00:00', 'Kontrolni termini', '2026-02-04 07:30:00', '2026-02-04 07:35:00'),
(255, 22, '2026-02-06', '13:00:00', '19:00:00', 'Redovna smjena', '2026-02-06 07:30:00', '2026-02-06 07:35:00'),
(256, 22, '2026-02-09', '13:00:00', '19:00:00', 'Kontrolni termini', '2026-02-09 07:30:00', '2026-02-09 07:35:00'),
(257, 22, '2026-02-11', '13:00:00', '19:00:00', 'Ambulantni rad', '2026-02-11 07:30:00', '2026-02-11 07:35:00'),
(258, 22, '2026-02-13', '13:00:00', '19:00:00', 'Ambulantni rad', '2026-02-13 07:30:00', '2026-02-13 07:35:00'),
(259, 22, '2026-02-16', '13:00:00', '19:00:00', 'Redovna smjena', '2026-02-16 07:30:00', '2026-02-16 07:35:00'),
(260, 22, '2026-02-18', '13:00:00', '19:00:00', 'Ambulantni rad', '2026-02-18 07:30:00', '2026-02-18 07:35:00'),
(261, 22, '2026-02-20', '13:00:00', '19:00:00', 'Kontrolni termini', '2026-02-20 07:30:00', '2026-02-20 07:35:00'),
(262, 22, '2026-02-23', '13:00:00', '19:00:00', 'Ambulantni rad', '2026-02-23 07:30:00', '2026-02-23 07:35:00'),
(263, 22, '2026-02-25', '13:00:00', '19:00:00', 'Kontrolni termini', '2026-02-25 07:30:00', '2026-02-25 07:35:00'),
(264, 22, '2026-02-27', '13:00:00', '19:00:00', 'Ambulantni rad', '2026-02-27 07:30:00', '2026-02-27 07:35:00'),
(265, 23, '2026-02-02', '08:00:00', '14:00:00', 'Kontrolni termini', '2026-02-02 07:30:00', '2026-02-02 07:35:00'),
(266, 23, '2026-02-04', '08:00:00', '14:00:00', 'Kontrolni termini', '2026-02-04 07:30:00', '2026-02-04 07:35:00'),
(267, 23, '2026-02-06', '08:00:00', '14:00:00', 'Kontrolni termini', '2026-02-06 07:30:00', '2026-02-06 07:35:00'),
(268, 23, '2026-02-09', '08:00:00', '14:00:00', 'Ambulantni rad', '2026-02-09 07:30:00', '2026-02-09 07:35:00'),
(269, 23, '2026-02-11', '08:00:00', '14:00:00', 'Kontrolni termini', '2026-02-11 07:30:00', '2026-02-11 07:35:00'),
(270, 23, '2026-02-13', '08:00:00', '14:00:00', 'Redovna smjena', '2026-02-13 07:30:00', '2026-02-13 07:35:00'),
(271, 23, '2026-02-16', '08:00:00', '14:00:00', 'Ambulantni rad', '2026-02-16 07:30:00', '2026-02-16 07:35:00'),
(272, 23, '2026-02-18', '08:00:00', '14:00:00', 'Kontrolni termini', '2026-02-18 07:30:00', '2026-02-18 07:35:00'),
(273, 23, '2026-02-20', '08:00:00', '14:00:00', 'Kontrolni termini', '2026-02-20 07:30:00', '2026-02-20 07:35:00'),
(274, 23, '2026-02-23', '08:00:00', '14:00:00', 'Kontrolni termini', '2026-02-23 07:30:00', '2026-02-23 07:35:00'),
(275, 23, '2026-02-25', '08:00:00', '14:00:00', 'Kontrolni termini', '2026-02-25 07:30:00', '2026-02-25 07:35:00'),
(276, 23, '2026-02-27', '08:00:00', '14:00:00', 'Redovna smjena', '2026-02-27 07:30:00', '2026-02-27 07:35:00'),
(277, 24, '2026-02-02', '13:00:00', '19:00:00', 'Redovna smjena', '2026-02-02 07:30:00', '2026-02-02 07:35:00'),
(278, 24, '2026-02-04', '13:00:00', '19:00:00', 'Redovna smjena', '2026-02-04 07:30:00', '2026-02-04 07:35:00'),
(279, 24, '2026-02-06', '13:00:00', '19:00:00', 'Kontrolni termini', '2026-02-06 07:30:00', '2026-02-06 07:35:00'),
(280, 24, '2026-02-09', '13:00:00', '19:00:00', 'Kontrolni termini', '2026-02-09 07:30:00', '2026-02-09 07:35:00'),
(281, 24, '2026-02-11', '13:00:00', '19:00:00', 'Ambulantni rad', '2026-02-11 07:30:00', '2026-02-11 07:35:00'),
(282, 24, '2026-02-13', '13:00:00', '19:00:00', 'Redovna smjena', '2026-02-13 07:30:00', '2026-02-13 07:35:00'),
(283, 24, '2026-02-16', '13:00:00', '19:00:00', 'Kontrolni termini', '2026-02-16 07:30:00', '2026-02-16 07:35:00'),
(284, 24, '2026-02-18', '13:00:00', '19:00:00', 'Kontrolni termini', '2026-02-18 07:30:00', '2026-02-18 07:35:00'),
(285, 24, '2026-02-20', '13:00:00', '19:00:00', 'Redovna smjena', '2026-02-20 07:30:00', '2026-02-20 07:35:00'),
(286, 24, '2026-02-23', '13:00:00', '19:00:00', 'Kontrolni termini', '2026-02-23 07:30:00', '2026-02-23 07:35:00'),
(287, 24, '2026-02-25', '13:00:00', '19:00:00', 'Kontrolni termini', '2026-02-25 07:30:00', '2026-02-25 07:35:00'),
(288, 24, '2026-02-27', '13:00:00', '19:00:00', 'Kontrolni termini', '2026-02-27 07:30:00', '2026-02-27 07:35:00'),
(289, 25, '2026-02-02', '08:00:00', '14:00:00', 'Kontrolni termini', '2026-02-02 07:30:00', '2026-02-02 07:35:00'),
(290, 25, '2026-02-04', '08:00:00', '14:00:00', 'Ambulantni rad', '2026-02-04 07:30:00', '2026-02-04 07:35:00'),
(291, 25, '2026-02-06', '08:00:00', '14:00:00', 'Ambulantni rad', '2026-02-06 07:30:00', '2026-02-06 07:35:00'),
(292, 25, '2026-02-09', '08:00:00', '14:00:00', 'Ambulantni rad', '2026-02-09 07:30:00', '2026-02-09 07:35:00'),
(293, 25, '2026-02-11', '08:00:00', '14:00:00', 'Redovna smjena', '2026-02-11 07:30:00', '2026-02-11 07:35:00'),
(294, 25, '2026-02-13', '08:00:00', '14:00:00', 'Redovna smjena', '2026-02-13 07:30:00', '2026-02-13 07:35:00'),
(295, 25, '2026-02-16', '08:00:00', '14:00:00', 'Redovna smjena', '2026-02-16 07:30:00', '2026-02-16 07:35:00'),
(296, 25, '2026-02-18', '08:00:00', '14:00:00', 'Ambulantni rad', '2026-02-18 07:30:00', '2026-02-18 07:35:00'),
(297, 25, '2026-02-20', '08:00:00', '14:00:00', 'Redovna smjena', '2026-02-20 07:30:00', '2026-02-20 07:35:00'),
(298, 25, '2026-02-23', '08:00:00', '14:00:00', 'Kontrolni termini', '2026-02-23 07:30:00', '2026-02-23 07:35:00'),
(299, 25, '2026-02-25', '08:00:00', '14:00:00', 'Kontrolni termini', '2026-02-25 07:30:00', '2026-02-25 07:35:00'),
(300, 25, '2026-02-27', '08:00:00', '14:00:00', 'Kontrolni termini', '2026-02-27 07:30:00', '2026-02-27 07:35:00'),
(301, 26, '2026-02-02', '13:00:00', '19:00:00', 'Kontrolni termini', '2026-02-02 07:30:00', '2026-02-02 07:35:00'),
(302, 26, '2026-02-04', '13:00:00', '19:00:00', 'Kontrolni termini', '2026-02-04 07:30:00', '2026-02-04 07:35:00'),
(303, 26, '2026-02-06', '13:00:00', '19:00:00', 'Kontrolni termini', '2026-02-06 07:30:00', '2026-02-06 07:35:00'),
(304, 26, '2026-02-09', '13:00:00', '19:00:00', 'Kontrolni termini', '2026-02-09 07:30:00', '2026-02-09 07:35:00'),
(305, 26, '2026-02-11', '13:00:00', '19:00:00', 'Redovna smjena', '2026-02-11 07:30:00', '2026-02-11 07:35:00'),
(306, 26, '2026-02-13', '13:00:00', '19:00:00', 'Ambulantni rad', '2026-02-13 07:30:00', '2026-02-13 07:35:00'),
(307, 26, '2026-02-16', '13:00:00', '19:00:00', 'Ambulantni rad', '2026-02-16 07:30:00', '2026-02-16 07:35:00'),
(308, 26, '2026-02-18', '13:00:00', '19:00:00', 'Ambulantni rad', '2026-02-18 07:30:00', '2026-02-18 07:35:00'),
(309, 26, '2026-02-20', '13:00:00', '19:00:00', 'Ambulantni rad', '2026-02-20 07:30:00', '2026-02-20 07:35:00'),
(310, 26, '2026-02-23', '13:00:00', '19:00:00', 'Kontrolni termini', '2026-02-23 07:30:00', '2026-02-23 07:35:00'),
(311, 26, '2026-02-25', '13:00:00', '19:00:00', 'Kontrolni termini', '2026-02-25 07:30:00', '2026-02-25 07:35:00'),
(312, 26, '2026-02-27', '13:00:00', '19:00:00', 'Kontrolni termini', '2026-02-27 07:30:00', '2026-02-27 07:35:00'),
(313, 27, '2026-02-02', '08:00:00', '14:00:00', 'Kontrolni termini', '2026-02-02 07:30:00', '2026-02-02 07:35:00'),
(314, 27, '2026-02-04', '08:00:00', '14:00:00', 'Redovna smjena', '2026-02-04 07:30:00', '2026-02-04 07:35:00'),
(315, 27, '2026-02-06', '08:00:00', '14:00:00', 'Ambulantni rad', '2026-02-06 07:30:00', '2026-02-06 07:35:00'),
(316, 27, '2026-02-09', '08:00:00', '14:00:00', 'Redovna smjena', '2026-02-09 07:30:00', '2026-02-09 07:35:00'),
(317, 27, '2026-02-11', '08:00:00', '14:00:00', 'Ambulantni rad', '2026-02-11 07:30:00', '2026-02-11 07:35:00'),
(318, 27, '2026-02-13', '08:00:00', '14:00:00', 'Redovna smjena', '2026-02-13 07:30:00', '2026-02-13 07:35:00'),
(319, 27, '2026-02-16', '08:00:00', '14:00:00', 'Ambulantni rad', '2026-02-16 07:30:00', '2026-02-16 07:35:00'),
(320, 27, '2026-02-18', '08:00:00', '14:00:00', 'Ambulantni rad', '2026-02-18 07:30:00', '2026-02-18 07:35:00'),
(321, 27, '2026-02-20', '08:00:00', '14:00:00', 'Redovna smjena', '2026-02-20 07:30:00', '2026-02-20 07:35:00'),
(322, 27, '2026-02-23', '08:00:00', '14:00:00', 'Redovna smjena', '2026-02-23 07:30:00', '2026-02-23 07:35:00'),
(323, 27, '2026-02-25', '08:00:00', '14:00:00', 'Kontrolni termini', '2026-02-25 07:30:00', '2026-02-25 07:35:00'),
(324, 27, '2026-02-27', '08:00:00', '14:00:00', 'Redovna smjena', '2026-02-27 07:30:00', '2026-02-27 07:35:00'),
(325, 28, '2026-02-02', '13:00:00', '19:00:00', 'Ambulantni rad', '2026-02-02 07:30:00', '2026-02-02 07:35:00'),
(326, 28, '2026-02-04', '13:00:00', '19:00:00', 'Ambulantni rad', '2026-02-04 07:30:00', '2026-02-04 07:35:00'),
(327, 28, '2026-02-06', '13:00:00', '19:00:00', 'Ambulantni rad', '2026-02-06 07:30:00', '2026-02-06 07:35:00'),
(328, 28, '2026-02-09', '13:00:00', '19:00:00', 'Ambulantni rad', '2026-02-09 07:30:00', '2026-02-09 07:35:00'),
(329, 28, '2026-02-11', '13:00:00', '19:00:00', 'Redovna smjena', '2026-02-11 07:30:00', '2026-02-11 07:35:00'),
(330, 28, '2026-02-13', '13:00:00', '19:00:00', 'Kontrolni termini', '2026-02-13 07:30:00', '2026-02-13 07:35:00'),
(331, 28, '2026-02-16', '13:00:00', '19:00:00', 'Ambulantni rad', '2026-02-16 07:30:00', '2026-02-16 07:35:00'),
(332, 28, '2026-02-18', '13:00:00', '19:00:00', 'Ambulantni rad', '2026-02-18 07:30:00', '2026-02-18 07:35:00'),
(333, 28, '2026-02-20', '13:00:00', '19:00:00', 'Ambulantni rad', '2026-02-20 07:30:00', '2026-02-20 07:35:00'),
(334, 28, '2026-02-23', '13:00:00', '19:00:00', 'Redovna smjena', '2026-02-23 07:30:00', '2026-02-23 07:35:00'),
(335, 28, '2026-02-25', '13:00:00', '19:00:00', 'Ambulantni rad', '2026-02-25 07:30:00', '2026-02-25 07:35:00'),
(336, 28, '2026-02-27', '13:00:00', '19:00:00', 'Kontrolni termini', '2026-02-27 07:30:00', '2026-02-27 07:35:00'),
(337, 29, '2026-02-02', '08:00:00', '14:00:00', 'Kontrolni termini', '2026-02-02 07:30:00', '2026-02-02 07:35:00'),
(338, 29, '2026-02-04', '08:00:00', '14:00:00', 'Ambulantni rad', '2026-02-04 07:30:00', '2026-02-04 07:35:00'),
(339, 29, '2026-02-06', '08:00:00', '14:00:00', 'Ambulantni rad', '2026-02-06 07:30:00', '2026-02-06 07:35:00'),
(340, 29, '2026-02-09', '08:00:00', '14:00:00', 'Redovna smjena', '2026-02-09 07:30:00', '2026-02-09 07:35:00'),
(341, 29, '2026-02-11', '08:00:00', '14:00:00', 'Ambulantni rad', '2026-02-11 07:30:00', '2026-02-11 07:35:00'),
(342, 29, '2026-02-13', '08:00:00', '14:00:00', 'Redovna smjena', '2026-02-13 07:30:00', '2026-02-13 07:35:00'),
(343, 29, '2026-02-16', '08:00:00', '14:00:00', 'Kontrolni termini', '2026-02-16 07:30:00', '2026-02-16 07:35:00'),
(344, 29, '2026-02-18', '08:00:00', '14:00:00', 'Redovna smjena', '2026-02-18 07:30:00', '2026-02-18 07:35:00'),
(345, 29, '2026-02-20', '08:00:00', '14:00:00', 'Redovna smjena', '2026-02-20 07:30:00', '2026-02-20 07:35:00'),
(346, 29, '2026-02-23', '08:00:00', '14:00:00', 'Ambulantni rad', '2026-02-23 07:30:00', '2026-02-23 07:35:00'),
(347, 29, '2026-02-25', '08:00:00', '14:00:00', 'Kontrolni termini', '2026-02-25 07:30:00', '2026-02-25 07:35:00'),
(348, 29, '2026-02-27', '08:00:00', '14:00:00', 'Redovna smjena', '2026-02-27 07:30:00', '2026-02-27 07:35:00'),
(349, 30, '2026-02-02', '13:00:00', '19:00:00', 'Kontrolni termini', '2026-02-02 07:30:00', '2026-02-02 07:35:00'),
(350, 30, '2026-02-04', '13:00:00', '19:00:00', 'Redovna smjena', '2026-02-04 07:30:00', '2026-02-04 07:35:00'),
(351, 30, '2026-02-06', '13:00:00', '19:00:00', 'Kontrolni termini', '2026-02-06 07:30:00', '2026-02-06 07:35:00'),
(352, 30, '2026-02-09', '13:00:00', '19:00:00', 'Redovna smjena', '2026-02-09 07:30:00', '2026-02-09 07:35:00'),
(353, 30, '2026-02-11', '13:00:00', '19:00:00', 'Kontrolni termini', '2026-02-11 07:30:00', '2026-02-11 07:35:00'),
(354, 30, '2026-02-13', '13:00:00', '19:00:00', 'Redovna smjena', '2026-02-13 07:30:00', '2026-02-13 07:35:00'),
(355, 30, '2026-02-16', '13:00:00', '19:00:00', 'Kontrolni termini', '2026-02-16 07:30:00', '2026-02-16 07:35:00'),
(356, 30, '2026-02-18', '13:00:00', '19:00:00', 'Redovna smjena', '2026-02-18 07:30:00', '2026-02-18 07:35:00'),
(357, 30, '2026-02-20', '13:00:00', '19:00:00', 'Ambulantni rad', '2026-02-20 07:30:00', '2026-02-20 07:35:00'),
(358, 30, '2026-02-23', '13:00:00', '19:00:00', 'Kontrolni termini', '2026-02-23 07:30:00', '2026-02-23 07:35:00'),
(359, 30, '2026-02-25', '13:00:00', '19:00:00', 'Ambulantni rad', '2026-02-25 07:30:00', '2026-02-25 07:35:00'),
(360, 30, '2026-02-27', '13:00:00', '19:00:00', 'Ambulantni rad', '2026-02-27 07:30:00', '2026-02-27 07:35:00'),
(361, 31, '2026-02-02', '08:00:00', '14:00:00', 'Redovna smjena', '2026-02-02 07:30:00', '2026-02-02 07:35:00'),
(362, 31, '2026-02-04', '08:00:00', '14:00:00', 'Ambulantni rad', '2026-02-04 07:30:00', '2026-02-04 07:35:00'),
(363, 31, '2026-02-06', '08:00:00', '14:00:00', 'Kontrolni termini', '2026-02-06 07:30:00', '2026-02-06 07:35:00'),
(364, 31, '2026-02-09', '08:00:00', '14:00:00', 'Redovna smjena', '2026-02-09 07:30:00', '2026-02-09 07:35:00'),
(365, 31, '2026-02-11', '08:00:00', '14:00:00', 'Redovna smjena', '2026-02-11 07:30:00', '2026-02-11 07:35:00'),
(366, 31, '2026-02-13', '08:00:00', '14:00:00', 'Kontrolni termini', '2026-02-13 07:30:00', '2026-02-13 07:35:00'),
(367, 31, '2026-02-16', '08:00:00', '14:00:00', 'Kontrolni termini', '2026-02-16 07:30:00', '2026-02-16 07:35:00'),
(368, 31, '2026-02-18', '08:00:00', '14:00:00', 'Ambulantni rad', '2026-02-18 07:30:00', '2026-02-18 07:35:00'),
(369, 31, '2026-02-20', '08:00:00', '14:00:00', 'Ambulantni rad', '2026-02-20 07:30:00', '2026-02-20 07:35:00'),
(370, 31, '2026-02-23', '08:00:00', '14:00:00', 'Redovna smjena', '2026-02-23 07:30:00', '2026-02-23 07:35:00'),
(371, 31, '2026-02-25', '08:00:00', '14:00:00', 'Kontrolni termini', '2026-02-25 07:30:00', '2026-02-25 07:35:00'),
(372, 31, '2026-02-27', '08:00:00', '14:00:00', 'Kontrolni termini', '2026-02-27 07:30:00', '2026-02-27 07:35:00'),
(373, 32, '2026-02-02', '13:00:00', '19:00:00', 'Redovna smjena', '2026-02-02 07:30:00', '2026-02-02 07:35:00'),
(374, 32, '2026-02-04', '13:00:00', '19:00:00', 'Ambulantni rad', '2026-02-04 07:30:00', '2026-02-04 07:35:00'),
(375, 32, '2026-02-06', '13:00:00', '19:00:00', 'Kontrolni termini', '2026-02-06 07:30:00', '2026-02-06 07:35:00'),
(376, 32, '2026-02-09', '13:00:00', '19:00:00', 'Ambulantni rad', '2026-02-09 07:30:00', '2026-02-09 07:35:00'),
(377, 32, '2026-02-11', '13:00:00', '19:00:00', 'Ambulantni rad', '2026-02-11 07:30:00', '2026-02-11 07:35:00'),
(378, 32, '2026-02-13', '13:00:00', '19:00:00', 'Redovna smjena', '2026-02-13 07:30:00', '2026-02-13 07:35:00'),
(379, 32, '2026-02-16', '13:00:00', '19:00:00', 'Kontrolni termini', '2026-02-16 07:30:00', '2026-02-16 07:35:00'),
(380, 32, '2026-02-18', '13:00:00', '19:00:00', 'Redovna smjena', '2026-02-18 07:30:00', '2026-02-18 07:35:00'),
(381, 32, '2026-02-20', '13:00:00', '19:00:00', 'Redovna smjena', '2026-02-20 07:30:00', '2026-02-20 07:35:00'),
(382, 32, '2026-02-23', '13:00:00', '19:00:00', 'Ambulantni rad', '2026-02-23 07:30:00', '2026-02-23 07:35:00'),
(383, 32, '2026-02-25', '13:00:00', '19:00:00', 'Kontrolni termini', '2026-02-25 07:30:00', '2026-02-25 07:35:00'),
(384, 32, '2026-02-27', '13:00:00', '19:00:00', 'Redovna smjena', '2026-02-27 07:30:00', '2026-02-27 07:35:00'),
(385, 33, '2026-02-02', '08:00:00', '14:00:00', 'Kontrolni termini', '2026-02-02 07:30:00', '2026-02-02 07:35:00'),
(386, 33, '2026-02-04', '08:00:00', '14:00:00', 'Redovna smjena', '2026-02-04 07:30:00', '2026-02-04 07:35:00'),
(387, 33, '2026-02-06', '08:00:00', '14:00:00', 'Kontrolni termini', '2026-02-06 07:30:00', '2026-02-06 07:35:00'),
(388, 33, '2026-02-09', '08:00:00', '14:00:00', 'Redovna smjena', '2026-02-09 07:30:00', '2026-02-09 07:35:00'),
(389, 33, '2026-02-11', '08:00:00', '14:00:00', 'Ambulantni rad', '2026-02-11 07:30:00', '2026-02-11 07:35:00'),
(390, 33, '2026-02-13', '08:00:00', '14:00:00', 'Ambulantni rad', '2026-02-13 07:30:00', '2026-02-13 07:35:00'),
(391, 33, '2026-02-16', '08:00:00', '14:00:00', 'Redovna smjena', '2026-02-16 07:30:00', '2026-02-16 07:35:00'),
(392, 33, '2026-02-18', '08:00:00', '14:00:00', 'Ambulantni rad', '2026-02-18 07:30:00', '2026-02-18 07:35:00'),
(393, 33, '2026-02-20', '08:00:00', '14:00:00', 'Redovna smjena', '2026-02-20 07:30:00', '2026-02-20 07:35:00'),
(394, 33, '2026-02-23', '08:00:00', '14:00:00', 'Ambulantni rad', '2026-02-23 07:30:00', '2026-02-23 07:35:00'),
(395, 33, '2026-02-25', '08:00:00', '14:00:00', 'Kontrolni termini', '2026-02-25 07:30:00', '2026-02-25 07:35:00'),
(396, 33, '2026-02-27', '08:00:00', '14:00:00', 'Ambulantni rad', '2026-02-27 07:30:00', '2026-02-27 07:35:00'),
(397, 34, '2026-02-02', '13:00:00', '19:00:00', 'Kontrolni termini', '2026-02-02 07:30:00', '2026-02-02 07:35:00'),
(398, 34, '2026-02-04', '13:00:00', '19:00:00', 'Kontrolni termini', '2026-02-04 07:30:00', '2026-02-04 07:35:00'),
(399, 34, '2026-02-06', '13:00:00', '19:00:00', 'Ambulantni rad', '2026-02-06 07:30:00', '2026-02-06 07:35:00'),
(400, 34, '2026-02-09', '13:00:00', '19:00:00', 'Kontrolni termini', '2026-02-09 07:30:00', '2026-02-09 07:35:00'),
(401, 34, '2026-02-11', '13:00:00', '19:00:00', 'Ambulantni rad', '2026-02-11 07:30:00', '2026-02-11 07:35:00'),
(402, 34, '2026-02-13', '13:00:00', '19:00:00', 'Kontrolni termini', '2026-02-13 07:30:00', '2026-02-13 07:35:00'),
(403, 34, '2026-02-16', '13:00:00', '19:00:00', 'Ambulantni rad', '2026-02-16 07:30:00', '2026-02-16 07:35:00'),
(404, 34, '2026-02-18', '13:00:00', '19:00:00', 'Kontrolni termini', '2026-02-18 07:30:00', '2026-02-18 07:35:00'),
(405, 34, '2026-02-20', '13:00:00', '19:00:00', 'Redovna smjena', '2026-02-20 07:30:00', '2026-02-20 07:35:00'),
(406, 34, '2026-02-23', '13:00:00', '19:00:00', 'Ambulantni rad', '2026-02-23 07:30:00', '2026-02-23 07:35:00'),
(407, 34, '2026-02-25', '13:00:00', '19:00:00', 'Ambulantni rad', '2026-02-25 07:30:00', '2026-02-25 07:35:00'),
(408, 34, '2026-02-27', '13:00:00', '19:00:00', 'Ambulantni rad', '2026-02-27 07:30:00', '2026-02-27 07:35:00'),
(409, 35, '2026-02-02', '08:00:00', '14:00:00', 'Kontrolni termini', '2026-02-02 07:30:00', '2026-02-02 07:35:00'),
(410, 35, '2026-02-04', '08:00:00', '14:00:00', 'Redovna smjena', '2026-02-04 07:30:00', '2026-02-04 07:35:00'),
(411, 35, '2026-02-06', '08:00:00', '14:00:00', 'Kontrolni termini', '2026-02-06 07:30:00', '2026-02-06 07:35:00'),
(412, 35, '2026-02-09', '08:00:00', '14:00:00', 'Kontrolni termini', '2026-02-09 07:30:00', '2026-02-09 07:35:00'),
(413, 35, '2026-02-11', '08:00:00', '14:00:00', 'Ambulantni rad', '2026-02-11 07:30:00', '2026-02-11 07:35:00'),
(414, 35, '2026-02-13', '08:00:00', '14:00:00', 'Kontrolni termini', '2026-02-13 07:30:00', '2026-02-13 07:35:00'),
(415, 35, '2026-02-16', '08:00:00', '14:00:00', 'Kontrolni termini', '2026-02-16 07:30:00', '2026-02-16 07:35:00'),
(416, 35, '2026-02-18', '08:00:00', '14:00:00', 'Redovna smjena', '2026-02-18 07:30:00', '2026-02-18 07:35:00'),
(417, 35, '2026-02-20', '08:00:00', '14:00:00', 'Kontrolni termini', '2026-02-20 07:30:00', '2026-02-20 07:35:00'),
(418, 35, '2026-02-23', '08:00:00', '14:00:00', 'Redovna smjena', '2026-02-23 07:30:00', '2026-02-23 07:35:00'),
(419, 35, '2026-02-25', '08:00:00', '14:00:00', 'Ambulantni rad', '2026-02-25 07:30:00', '2026-02-25 07:35:00'),
(420, 35, '2026-02-27', '08:00:00', '14:00:00', 'Redovna smjena', '2026-02-27 07:30:00', '2026-02-27 07:35:00'),
(421, 36, '2026-02-02', '13:00:00', '19:00:00', 'Redovna smjena', '2026-02-02 07:30:00', '2026-02-02 07:35:00'),
(422, 36, '2026-02-04', '13:00:00', '19:00:00', 'Ambulantni rad', '2026-02-04 07:30:00', '2026-02-04 07:35:00'),
(423, 36, '2026-02-06', '13:00:00', '19:00:00', 'Redovna smjena', '2026-02-06 07:30:00', '2026-02-06 07:35:00'),
(424, 36, '2026-02-09', '13:00:00', '19:00:00', 'Redovna smjena', '2026-02-09 07:30:00', '2026-02-09 07:35:00'),
(425, 36, '2026-02-11', '13:00:00', '19:00:00', 'Ambulantni rad', '2026-02-11 07:30:00', '2026-02-11 07:35:00'),
(426, 36, '2026-02-13', '13:00:00', '19:00:00', 'Kontrolni termini', '2026-02-13 07:30:00', '2026-02-13 07:35:00'),
(427, 36, '2026-02-16', '13:00:00', '19:00:00', 'Redovna smjena', '2026-02-16 07:30:00', '2026-02-16 07:35:00'),
(428, 36, '2026-02-18', '13:00:00', '19:00:00', 'Kontrolni termini', '2026-02-18 07:30:00', '2026-02-18 07:35:00'),
(429, 36, '2026-02-20', '13:00:00', '19:00:00', 'Ambulantni rad', '2026-02-20 07:30:00', '2026-02-20 07:35:00'),
(430, 36, '2026-02-23', '13:00:00', '19:00:00', 'Ambulantni rad', '2026-02-23 07:30:00', '2026-02-23 07:35:00'),
(431, 36, '2026-02-25', '13:00:00', '19:00:00', 'Kontrolni termini', '2026-02-25 07:30:00', '2026-02-25 07:35:00'),
(432, 36, '2026-02-27', '13:00:00', '19:00:00', 'Redovna smjena', '2026-02-27 07:30:00', '2026-02-27 07:35:00'),
(433, 37, '2026-02-02', '08:00:00', '14:00:00', 'Kontrolni termini', '2026-02-02 07:30:00', '2026-02-02 07:35:00'),
(434, 37, '2026-02-04', '08:00:00', '14:00:00', 'Ambulantni rad', '2026-02-04 07:30:00', '2026-02-04 07:35:00'),
(435, 37, '2026-02-06', '08:00:00', '14:00:00', 'Ambulantni rad', '2026-02-06 07:30:00', '2026-02-06 07:35:00'),
(436, 37, '2026-02-09', '08:00:00', '14:00:00', 'Redovna smjena', '2026-02-09 07:30:00', '2026-02-09 07:35:00'),
(437, 37, '2026-02-11', '08:00:00', '14:00:00', 'Ambulantni rad', '2026-02-11 07:30:00', '2026-02-11 07:35:00'),
(438, 37, '2026-02-13', '08:00:00', '14:00:00', 'Kontrolni termini', '2026-02-13 07:30:00', '2026-02-13 07:35:00'),
(439, 37, '2026-02-16', '08:00:00', '14:00:00', 'Kontrolni termini', '2026-02-16 07:30:00', '2026-02-16 07:35:00'),
(440, 37, '2026-02-18', '08:00:00', '14:00:00', 'Kontrolni termini', '2026-02-18 07:30:00', '2026-02-18 07:35:00'),
(441, 37, '2026-02-20', '08:00:00', '14:00:00', 'Kontrolni termini', '2026-02-20 07:30:00', '2026-02-20 07:35:00'),
(442, 37, '2026-02-23', '08:00:00', '14:00:00', 'Redovna smjena', '2026-02-23 07:30:00', '2026-02-23 07:35:00'),
(443, 37, '2026-02-25', '08:00:00', '14:00:00', 'Kontrolni termini', '2026-02-25 07:30:00', '2026-02-25 07:35:00'),
(444, 37, '2026-02-27', '08:00:00', '14:00:00', 'Redovna smjena', '2026-02-27 07:30:00', '2026-02-27 07:35:00'),
(445, 38, '2026-02-02', '13:00:00', '19:00:00', 'Ambulantni rad', '2026-02-02 07:30:00', '2026-02-02 07:35:00'),
(446, 38, '2026-02-04', '13:00:00', '19:00:00', 'Ambulantni rad', '2026-02-04 07:30:00', '2026-02-04 07:35:00'),
(447, 38, '2026-02-06', '13:00:00', '19:00:00', 'Redovna smjena', '2026-02-06 07:30:00', '2026-02-06 07:35:00'),
(448, 38, '2026-02-09', '13:00:00', '19:00:00', 'Redovna smjena', '2026-02-09 07:30:00', '2026-02-09 07:35:00'),
(449, 38, '2026-02-11', '13:00:00', '19:00:00', 'Ambulantni rad', '2026-02-11 07:30:00', '2026-02-11 07:35:00'),
(450, 38, '2026-02-13', '13:00:00', '19:00:00', 'Ambulantni rad', '2026-02-13 07:30:00', '2026-02-13 07:35:00'),
(451, 38, '2026-02-16', '13:00:00', '19:00:00', 'Kontrolni termini', '2026-02-16 07:30:00', '2026-02-16 07:35:00'),
(452, 38, '2026-02-18', '13:00:00', '19:00:00', 'Redovna smjena', '2026-02-18 07:30:00', '2026-02-18 07:35:00'),
(453, 38, '2026-02-20', '13:00:00', '19:00:00', 'Ambulantni rad', '2026-02-20 07:30:00', '2026-02-20 07:35:00'),
(454, 38, '2026-02-23', '13:00:00', '19:00:00', 'Redovna smjena', '2026-02-23 07:30:00', '2026-02-23 07:35:00'),
(455, 38, '2026-02-25', '13:00:00', '19:00:00', 'Ambulantni rad', '2026-02-25 07:30:00', '2026-02-25 07:35:00'),
(456, 38, '2026-02-27', '13:00:00', '19:00:00', 'Redovna smjena', '2026-02-27 07:30:00', '2026-02-27 07:35:00'),
(457, 39, '2026-02-02', '08:00:00', '14:00:00', 'Redovna smjena', '2026-02-02 07:30:00', '2026-02-02 07:35:00'),
(458, 39, '2026-02-04', '08:00:00', '14:00:00', 'Ambulantni rad', '2026-02-04 07:30:00', '2026-02-04 07:35:00'),
(459, 39, '2026-02-06', '08:00:00', '14:00:00', 'Kontrolni termini', '2026-02-06 07:30:00', '2026-02-06 07:35:00'),
(460, 39, '2026-02-09', '08:00:00', '14:00:00', 'Kontrolni termini', '2026-02-09 07:30:00', '2026-02-09 07:35:00'),
(461, 39, '2026-02-11', '08:00:00', '14:00:00', 'Kontrolni termini', '2026-02-11 07:30:00', '2026-02-11 07:35:00'),
(462, 39, '2026-02-13', '08:00:00', '14:00:00', 'Ambulantni rad', '2026-02-13 07:30:00', '2026-02-13 07:35:00'),
(463, 39, '2026-02-16', '08:00:00', '14:00:00', 'Ambulantni rad', '2026-02-16 07:30:00', '2026-02-16 07:35:00'),
(464, 39, '2026-02-18', '08:00:00', '14:00:00', 'Kontrolni termini', '2026-02-18 07:30:00', '2026-02-18 07:35:00'),
(465, 39, '2026-02-20', '08:00:00', '14:00:00', 'Ambulantni rad', '2026-02-20 07:30:00', '2026-02-20 07:35:00'),
(466, 39, '2026-02-23', '08:00:00', '14:00:00', 'Ambulantni rad', '2026-02-23 07:30:00', '2026-02-23 07:35:00'),
(467, 39, '2026-02-25', '08:00:00', '14:00:00', 'Kontrolni termini', '2026-02-25 07:30:00', '2026-02-25 07:35:00'),
(468, 39, '2026-02-27', '08:00:00', '14:00:00', 'Ambulantni rad', '2026-02-27 07:30:00', '2026-02-27 07:35:00'),
(469, 40, '2026-02-02', '13:00:00', '19:00:00', 'Ambulantni rad', '2026-02-02 07:30:00', '2026-02-02 07:35:00'),
(470, 40, '2026-02-04', '13:00:00', '19:00:00', 'Redovna smjena', '2026-02-04 07:30:00', '2026-02-04 07:35:00'),
(471, 40, '2026-02-06', '13:00:00', '19:00:00', 'Redovna smjena', '2026-02-06 07:30:00', '2026-02-06 07:35:00'),
(472, 40, '2026-02-09', '13:00:00', '19:00:00', 'Kontrolni termini', '2026-02-09 07:30:00', '2026-02-09 07:35:00'),
(473, 40, '2026-02-11', '13:00:00', '19:00:00', 'Redovna smjena', '2026-02-11 07:30:00', '2026-02-11 07:35:00'),
(474, 40, '2026-02-13', '13:00:00', '19:00:00', 'Redovna smjena', '2026-02-13 07:30:00', '2026-02-13 07:35:00'),
(475, 40, '2026-02-16', '13:00:00', '19:00:00', 'Ambulantni rad', '2026-02-16 07:30:00', '2026-02-16 07:35:00'),
(476, 40, '2026-02-18', '13:00:00', '19:00:00', 'Redovna smjena', '2026-02-18 07:30:00', '2026-02-18 07:35:00'),
(477, 40, '2026-02-20', '13:00:00', '19:00:00', 'Ambulantni rad', '2026-02-20 07:30:00', '2026-02-20 07:35:00'),
(478, 40, '2026-02-23', '13:00:00', '19:00:00', 'Redovna smjena', '2026-02-23 07:30:00', '2026-02-23 07:35:00'),
(479, 40, '2026-02-25', '13:00:00', '19:00:00', 'Kontrolni termini', '2026-02-25 07:30:00', '2026-02-25 07:35:00'),
(480, 40, '2026-02-27', '13:00:00', '19:00:00', 'Ambulantni rad', '2026-02-27 07:30:00', '2026-02-27 07:35:00'),
(481, 41, '2026-02-02', '08:00:00', '14:00:00', 'Redovna smjena', '2026-02-02 07:30:00', '2026-02-02 07:35:00'),
(482, 41, '2026-02-04', '08:00:00', '14:00:00', 'Ambulantni rad', '2026-02-04 07:30:00', '2026-02-04 07:35:00'),
(483, 41, '2026-02-06', '08:00:00', '14:00:00', 'Kontrolni termini', '2026-02-06 07:30:00', '2026-02-06 07:35:00'),
(484, 41, '2026-02-09', '08:00:00', '14:00:00', 'Kontrolni termini', '2026-02-09 07:30:00', '2026-02-09 07:35:00'),
(485, 41, '2026-02-11', '08:00:00', '14:00:00', 'Ambulantni rad', '2026-02-11 07:30:00', '2026-02-11 07:35:00'),
(486, 41, '2026-02-13', '08:00:00', '14:00:00', 'Kontrolni termini', '2026-02-13 07:30:00', '2026-02-13 07:35:00'),
(487, 41, '2026-02-16', '08:00:00', '14:00:00', 'Kontrolni termini', '2026-02-16 07:30:00', '2026-02-16 07:35:00'),
(488, 41, '2026-02-18', '08:00:00', '14:00:00', 'Redovna smjena', '2026-02-18 07:30:00', '2026-02-18 07:35:00'),
(489, 41, '2026-02-20', '08:00:00', '14:00:00', 'Kontrolni termini', '2026-02-20 07:30:00', '2026-02-20 07:35:00'),
(490, 41, '2026-02-23', '08:00:00', '14:00:00', 'Redovna smjena', '2026-02-23 07:30:00', '2026-02-23 07:35:00'),
(491, 41, '2026-02-25', '08:00:00', '14:00:00', 'Ambulantni rad', '2026-02-25 07:30:00', '2026-02-25 07:35:00'),
(492, 41, '2026-02-27', '08:00:00', '14:00:00', 'Kontrolni termini', '2026-02-27 07:30:00', '2026-02-27 07:35:00'),
(493, 42, '2026-02-02', '13:00:00', '19:00:00', 'Ambulantni rad', '2026-02-02 07:30:00', '2026-02-02 07:35:00'),
(494, 42, '2026-02-04', '13:00:00', '19:00:00', 'Kontrolni termini', '2026-02-04 07:30:00', '2026-02-04 07:35:00'),
(495, 42, '2026-02-06', '13:00:00', '19:00:00', 'Redovna smjena', '2026-02-06 07:30:00', '2026-02-06 07:35:00'),
(496, 42, '2026-02-09', '13:00:00', '19:00:00', 'Kontrolni termini', '2026-02-09 07:30:00', '2026-02-09 07:35:00'),
(497, 42, '2026-02-11', '13:00:00', '19:00:00', 'Ambulantni rad', '2026-02-11 07:30:00', '2026-02-11 07:35:00'),
(498, 42, '2026-02-13', '13:00:00', '19:00:00', 'Kontrolni termini', '2026-02-13 07:30:00', '2026-02-13 07:35:00'),
(499, 42, '2026-02-16', '13:00:00', '19:00:00', 'Redovna smjena', '2026-02-16 07:30:00', '2026-02-16 07:35:00'),
(500, 42, '2026-02-18', '13:00:00', '19:00:00', 'Ambulantni rad', '2026-02-18 07:30:00', '2026-02-18 07:35:00'),
(501, 42, '2026-02-20', '13:00:00', '19:00:00', 'Redovna smjena', '2026-02-20 07:30:00', '2026-02-20 07:35:00'),
(502, 42, '2026-02-23', '13:00:00', '19:00:00', 'Kontrolni termini', '2026-02-23 07:30:00', '2026-02-23 07:35:00'),
(503, 42, '2026-02-25', '13:00:00', '19:00:00', 'Kontrolni termini', '2026-02-25 07:30:00', '2026-02-25 07:35:00'),
(504, 42, '2026-02-27', '13:00:00', '19:00:00', 'Redovna smjena', '2026-02-27 07:30:00', '2026-02-27 07:35:00'),
(505, 43, '2026-02-02', '08:00:00', '14:00:00', 'Ambulantni rad', '2026-02-02 07:30:00', '2026-02-02 07:35:00'),
(506, 43, '2026-02-04', '08:00:00', '14:00:00', 'Redovna smjena', '2026-02-04 07:30:00', '2026-02-04 07:35:00'),
(507, 43, '2026-02-06', '08:00:00', '14:00:00', 'Ambulantni rad', '2026-02-06 07:30:00', '2026-02-06 07:35:00'),
(508, 43, '2026-02-09', '08:00:00', '14:00:00', 'Ambulantni rad', '2026-02-09 07:30:00', '2026-02-09 07:35:00'),
(509, 43, '2026-02-11', '08:00:00', '14:00:00', 'Ambulantni rad', '2026-02-11 07:30:00', '2026-02-11 07:35:00'),
(510, 43, '2026-02-13', '08:00:00', '14:00:00', 'Redovna smjena', '2026-02-13 07:30:00', '2026-02-13 07:35:00'),
(511, 43, '2026-02-16', '08:00:00', '14:00:00', 'Ambulantni rad', '2026-02-16 07:30:00', '2026-02-16 07:35:00'),
(512, 43, '2026-02-18', '08:00:00', '14:00:00', 'Redovna smjena', '2026-02-18 07:30:00', '2026-02-18 07:35:00'),
(513, 43, '2026-02-20', '08:00:00', '14:00:00', 'Redovna smjena', '2026-02-20 07:30:00', '2026-02-20 07:35:00'),
(514, 43, '2026-02-23', '08:00:00', '14:00:00', 'Redovna smjena', '2026-02-23 07:30:00', '2026-02-23 07:35:00'),
(515, 43, '2026-02-25', '08:00:00', '14:00:00', 'Kontrolni termini', '2026-02-25 07:30:00', '2026-02-25 07:35:00'),
(516, 43, '2026-02-27', '08:00:00', '14:00:00', 'Kontrolni termini', '2026-02-27 07:30:00', '2026-02-27 07:35:00'),
(517, 44, '2026-02-02', '13:00:00', '19:00:00', 'Kontrolni termini', '2026-02-02 07:30:00', '2026-02-02 07:35:00'),
(518, 44, '2026-02-04', '13:00:00', '19:00:00', 'Ambulantni rad', '2026-02-04 07:30:00', '2026-02-04 07:35:00'),
(519, 44, '2026-02-06', '13:00:00', '19:00:00', 'Kontrolni termini', '2026-02-06 07:30:00', '2026-02-06 07:35:00'),
(520, 44, '2026-02-09', '13:00:00', '19:00:00', 'Kontrolni termini', '2026-02-09 07:30:00', '2026-02-09 07:35:00'),
(521, 44, '2026-02-11', '13:00:00', '19:00:00', 'Kontrolni termini', '2026-02-11 07:30:00', '2026-02-11 07:35:00'),
(522, 44, '2026-02-13', '13:00:00', '19:00:00', 'Ambulantni rad', '2026-02-13 07:30:00', '2026-02-13 07:35:00'),
(523, 44, '2026-02-16', '13:00:00', '19:00:00', 'Redovna smjena', '2026-02-16 07:30:00', '2026-02-16 07:35:00'),
(524, 44, '2026-02-18', '13:00:00', '19:00:00', 'Kontrolni termini', '2026-02-18 07:30:00', '2026-02-18 07:35:00'),
(525, 44, '2026-02-20', '13:00:00', '19:00:00', 'Redovna smjena', '2026-02-20 07:30:00', '2026-02-20 07:35:00'),
(526, 44, '2026-02-23', '13:00:00', '19:00:00', 'Redovna smjena', '2026-02-23 07:30:00', '2026-02-23 07:35:00'),
(527, 44, '2026-02-25', '13:00:00', '19:00:00', 'Redovna smjena', '2026-02-25 07:30:00', '2026-02-25 07:35:00'),
(528, 44, '2026-02-27', '13:00:00', '19:00:00', 'Redovna smjena', '2026-02-27 07:30:00', '2026-02-27 07:35:00'),
(529, 45, '2026-02-02', '08:00:00', '14:00:00', 'Kontrolni termini', '2026-02-02 07:30:00', '2026-02-02 07:35:00'),
(530, 45, '2026-02-04', '08:00:00', '14:00:00', 'Ambulantni rad', '2026-02-04 07:30:00', '2026-02-04 07:35:00'),
(531, 45, '2026-02-06', '08:00:00', '14:00:00', 'Kontrolni termini', '2026-02-06 07:30:00', '2026-02-06 07:35:00'),
(532, 45, '2026-02-09', '08:00:00', '14:00:00', 'Ambulantni rad', '2026-02-09 07:30:00', '2026-02-09 07:35:00'),
(533, 45, '2026-02-11', '08:00:00', '14:00:00', 'Kontrolni termini', '2026-02-11 07:30:00', '2026-02-11 07:35:00'),
(534, 45, '2026-02-13', '08:00:00', '14:00:00', 'Kontrolni termini', '2026-02-13 07:30:00', '2026-02-13 07:35:00'),
(535, 45, '2026-02-16', '08:00:00', '14:00:00', 'Redovna smjena', '2026-02-16 07:30:00', '2026-02-16 07:35:00'),
(536, 45, '2026-02-18', '08:00:00', '14:00:00', 'Ambulantni rad', '2026-02-18 07:30:00', '2026-02-18 07:35:00'),
(537, 45, '2026-02-20', '08:00:00', '14:00:00', 'Kontrolni termini', '2026-02-20 07:30:00', '2026-02-20 07:35:00'),
(538, 45, '2026-02-23', '08:00:00', '14:00:00', 'Ambulantni rad', '2026-02-23 07:30:00', '2026-02-23 07:35:00'),
(539, 45, '2026-02-25', '08:00:00', '14:00:00', 'Ambulantni rad', '2026-02-25 07:30:00', '2026-02-25 07:35:00'),
(540, 45, '2026-02-27', '08:00:00', '14:00:00', 'Kontrolni termini', '2026-02-27 07:30:00', '2026-02-27 07:35:00'),
(541, 46, '2026-02-02', '13:00:00', '19:00:00', 'Ambulantni rad', '2026-02-02 07:30:00', '2026-02-02 07:35:00'),
(542, 46, '2026-02-04', '13:00:00', '19:00:00', 'Kontrolni termini', '2026-02-04 07:30:00', '2026-02-04 07:35:00'),
(543, 46, '2026-02-06', '13:00:00', '19:00:00', 'Kontrolni termini', '2026-02-06 07:30:00', '2026-02-06 07:35:00'),
(544, 46, '2026-02-09', '13:00:00', '19:00:00', 'Redovna smjena', '2026-02-09 07:30:00', '2026-02-09 07:35:00'),
(545, 46, '2026-02-11', '13:00:00', '19:00:00', 'Redovna smjena', '2026-02-11 07:30:00', '2026-02-11 07:35:00'),
(546, 46, '2026-02-13', '13:00:00', '19:00:00', 'Ambulantni rad', '2026-02-13 07:30:00', '2026-02-13 07:35:00'),
(547, 46, '2026-02-16', '13:00:00', '19:00:00', 'Redovna smjena', '2026-02-16 07:30:00', '2026-02-16 07:35:00'),
(548, 46, '2026-02-18', '13:00:00', '19:00:00', 'Ambulantni rad', '2026-02-18 07:30:00', '2026-02-18 07:35:00'),
(549, 46, '2026-02-20', '13:00:00', '19:00:00', 'Kontrolni termini', '2026-02-20 07:30:00', '2026-02-20 07:35:00'),
(550, 46, '2026-02-23', '13:00:00', '19:00:00', 'Redovna smjena', '2026-02-23 07:30:00', '2026-02-23 07:35:00'),
(551, 46, '2026-02-25', '13:00:00', '19:00:00', 'Kontrolni termini', '2026-02-25 07:30:00', '2026-02-25 07:35:00'),
(552, 46, '2026-02-27', '13:00:00', '19:00:00', 'Redovna smjena', '2026-02-27 07:30:00', '2026-02-27 07:35:00'),
(553, 47, '2026-02-02', '08:00:00', '14:00:00', 'Redovna smjena', '2026-02-02 07:30:00', '2026-02-02 07:35:00'),
(554, 47, '2026-02-04', '08:00:00', '14:00:00', 'Redovna smjena', '2026-02-04 07:30:00', '2026-02-04 07:35:00'),
(555, 47, '2026-02-06', '08:00:00', '14:00:00', 'Kontrolni termini', '2026-02-06 07:30:00', '2026-02-06 07:35:00'),
(556, 47, '2026-02-09', '08:00:00', '14:00:00', 'Ambulantni rad', '2026-02-09 07:30:00', '2026-02-09 07:35:00'),
(557, 47, '2026-02-11', '08:00:00', '14:00:00', 'Redovna smjena', '2026-02-11 07:30:00', '2026-02-11 07:35:00'),
(558, 47, '2026-02-13', '08:00:00', '14:00:00', 'Kontrolni termini', '2026-02-13 07:30:00', '2026-02-13 07:35:00'),
(559, 47, '2026-02-16', '08:00:00', '14:00:00', 'Ambulantni rad', '2026-02-16 07:30:00', '2026-02-16 07:35:00'),
(560, 47, '2026-02-18', '08:00:00', '14:00:00', 'Ambulantni rad', '2026-02-18 07:30:00', '2026-02-18 07:35:00'),
(561, 47, '2026-02-20', '08:00:00', '14:00:00', 'Redovna smjena', '2026-02-20 07:30:00', '2026-02-20 07:35:00'),
(562, 47, '2026-02-23', '08:00:00', '14:00:00', 'Kontrolni termini', '2026-02-23 07:30:00', '2026-02-23 07:35:00'),
(563, 47, '2026-02-25', '08:00:00', '14:00:00', 'Kontrolni termini', '2026-02-25 07:30:00', '2026-02-25 07:35:00'),
(564, 47, '2026-02-27', '08:00:00', '14:00:00', 'Ambulantni rad', '2026-02-27 07:30:00', '2026-02-27 07:35:00'),
(565, 48, '2026-02-02', '13:00:00', '19:00:00', 'Kontrolni termini', '2026-02-02 07:30:00', '2026-02-02 07:35:00'),
(566, 48, '2026-02-04', '13:00:00', '19:00:00', 'Ambulantni rad', '2026-02-04 07:30:00', '2026-02-04 07:35:00'),
(567, 48, '2026-02-06', '13:00:00', '19:00:00', 'Ambulantni rad', '2026-02-06 07:30:00', '2026-02-06 07:35:00'),
(568, 48, '2026-02-09', '13:00:00', '19:00:00', 'Ambulantni rad', '2026-02-09 07:30:00', '2026-02-09 07:35:00'),
(569, 48, '2026-02-11', '13:00:00', '19:00:00', 'Redovna smjena', '2026-02-11 07:30:00', '2026-02-11 07:35:00'),
(570, 48, '2026-02-13', '13:00:00', '19:00:00', 'Kontrolni termini', '2026-02-13 07:30:00', '2026-02-13 07:35:00'),
(571, 48, '2026-02-16', '13:00:00', '19:00:00', 'Redovna smjena', '2026-02-16 07:30:00', '2026-02-16 07:35:00'),
(572, 48, '2026-02-18', '13:00:00', '19:00:00', 'Ambulantni rad', '2026-02-18 07:30:00', '2026-02-18 07:35:00'),
(573, 48, '2026-02-20', '13:00:00', '19:00:00', 'Kontrolni termini', '2026-02-20 07:30:00', '2026-02-20 07:35:00'),
(574, 48, '2026-02-23', '13:00:00', '19:00:00', 'Kontrolni termini', '2026-02-23 07:30:00', '2026-02-23 07:35:00'),
(575, 48, '2026-02-25', '13:00:00', '19:00:00', 'Ambulantni rad', '2026-02-25 07:30:00', '2026-02-25 07:35:00'),
(576, 48, '2026-02-27', '13:00:00', '19:00:00', 'Kontrolni termini', '2026-02-27 07:30:00', '2026-02-27 07:35:00'),
(577, 49, '2026-02-02', '08:00:00', '14:00:00', 'Ambulantni rad', '2026-02-02 07:30:00', '2026-02-02 07:35:00'),
(578, 49, '2026-02-04', '08:00:00', '14:00:00', 'Ambulantni rad', '2026-02-04 07:30:00', '2026-02-04 07:35:00'),
(579, 49, '2026-02-06', '08:00:00', '14:00:00', 'Ambulantni rad', '2026-02-06 07:30:00', '2026-02-06 07:35:00'),
(580, 49, '2026-02-09', '08:00:00', '14:00:00', 'Ambulantni rad', '2026-02-09 07:30:00', '2026-02-09 07:35:00'),
(581, 49, '2026-02-11', '08:00:00', '14:00:00', 'Kontrolni termini', '2026-02-11 07:30:00', '2026-02-11 07:35:00'),
(582, 49, '2026-02-13', '08:00:00', '14:00:00', 'Redovna smjena', '2026-02-13 07:30:00', '2026-02-13 07:35:00'),
(583, 49, '2026-02-16', '08:00:00', '14:00:00', 'Kontrolni termini', '2026-02-16 07:30:00', '2026-02-16 07:35:00'),
(584, 49, '2026-02-18', '08:00:00', '14:00:00', 'Redovna smjena', '2026-02-18 07:30:00', '2026-02-18 07:35:00'),
(585, 49, '2026-02-20', '08:00:00', '14:00:00', 'Kontrolni termini', '2026-02-20 07:30:00', '2026-02-20 07:35:00'),
(586, 49, '2026-02-23', '08:00:00', '14:00:00', 'Ambulantni rad', '2026-02-23 07:30:00', '2026-02-23 07:35:00'),
(587, 49, '2026-02-25', '08:00:00', '14:00:00', 'Kontrolni termini', '2026-02-25 07:30:00', '2026-02-25 07:35:00'),
(588, 49, '2026-02-27', '08:00:00', '14:00:00', 'Kontrolni termini', '2026-02-27 07:30:00', '2026-02-27 07:35:00'),
(589, 50, '2026-02-02', '13:00:00', '19:00:00', 'Kontrolni termini', '2026-02-02 07:30:00', '2026-02-02 07:35:00'),
(590, 50, '2026-02-04', '13:00:00', '19:00:00', 'Ambulantni rad', '2026-02-04 07:30:00', '2026-02-04 07:35:00'),
(591, 50, '2026-02-06', '13:00:00', '19:00:00', 'Redovna smjena', '2026-02-06 07:30:00', '2026-02-06 07:35:00'),
(592, 50, '2026-02-09', '13:00:00', '19:00:00', 'Kontrolni termini', '2026-02-09 07:30:00', '2026-02-09 07:35:00'),
(593, 50, '2026-02-11', '13:00:00', '19:00:00', 'Ambulantni rad', '2026-02-11 07:30:00', '2026-02-11 07:35:00'),
(594, 50, '2026-02-13', '13:00:00', '19:00:00', 'Redovna smjena', '2026-02-13 07:30:00', '2026-02-13 07:35:00'),
(595, 50, '2026-02-16', '13:00:00', '19:00:00', 'Ambulantni rad', '2026-02-16 07:30:00', '2026-02-16 07:35:00'),
(596, 50, '2026-02-18', '13:00:00', '19:00:00', 'Redovna smjena', '2026-02-18 07:30:00', '2026-02-18 07:35:00'),
(597, 50, '2026-02-20', '13:00:00', '19:00:00', 'Ambulantni rad', '2026-02-20 07:30:00', '2026-02-20 07:35:00'),
(598, 50, '2026-02-23', '13:00:00', '19:00:00', 'Ambulantni rad', '2026-02-23 07:30:00', '2026-02-23 07:35:00'),
(599, 50, '2026-02-25', '13:00:00', '19:00:00', 'Ambulantni rad', '2026-02-25 07:30:00', '2026-02-25 07:35:00'),
(600, 50, '2026-02-27', '13:00:00', '19:00:00', 'Ambulantni rad', '2026-02-27 07:30:00', '2026-02-27 07:35:00'),
(601, 51, '2026-02-02', '08:00:00', '14:00:00', 'Ambulantni rad', '2026-02-02 07:30:00', '2026-02-02 07:35:00'),
(602, 51, '2026-02-04', '08:00:00', '14:00:00', 'Kontrolni termini', '2026-02-04 07:30:00', '2026-02-04 07:35:00'),
(603, 51, '2026-02-06', '08:00:00', '14:00:00', 'Kontrolni termini', '2026-02-06 07:30:00', '2026-02-06 07:35:00'),
(604, 51, '2026-02-09', '08:00:00', '14:00:00', 'Redovna smjena', '2026-02-09 07:30:00', '2026-02-09 07:35:00'),
(605, 51, '2026-02-11', '08:00:00', '14:00:00', 'Kontrolni termini', '2026-02-11 07:30:00', '2026-02-11 07:35:00'),
(606, 51, '2026-02-13', '08:00:00', '14:00:00', 'Ambulantni rad', '2026-02-13 07:30:00', '2026-02-13 07:35:00'),
(607, 51, '2026-02-16', '08:00:00', '14:00:00', 'Ambulantni rad', '2026-02-16 07:30:00', '2026-02-16 07:35:00'),
(608, 51, '2026-02-18', '08:00:00', '14:00:00', 'Kontrolni termini', '2026-02-18 07:30:00', '2026-02-18 07:35:00'),
(609, 51, '2026-02-20', '08:00:00', '14:00:00', 'Redovna smjena', '2026-02-20 07:30:00', '2026-02-20 07:35:00'),
(610, 51, '2026-02-23', '08:00:00', '14:00:00', 'Redovna smjena', '2026-02-23 07:30:00', '2026-02-23 07:35:00'),
(611, 51, '2026-02-25', '08:00:00', '14:00:00', 'Redovna smjena', '2026-02-25 07:30:00', '2026-02-25 07:35:00'),
(612, 51, '2026-02-27', '08:00:00', '14:00:00', 'Kontrolni termini', '2026-02-27 07:30:00', '2026-02-27 07:35:00'),
(613, 52, '2026-02-02', '13:00:00', '19:00:00', 'Ambulantni rad', '2026-02-02 07:30:00', '2026-02-02 07:35:00'),
(614, 52, '2026-02-04', '13:00:00', '19:00:00', 'Redovna smjena', '2026-02-04 07:30:00', '2026-02-04 07:35:00'),
(615, 52, '2026-02-06', '13:00:00', '19:00:00', 'Redovna smjena', '2026-02-06 07:30:00', '2026-02-06 07:35:00'),
(616, 52, '2026-02-09', '13:00:00', '19:00:00', 'Redovna smjena', '2026-02-09 07:30:00', '2026-02-09 07:35:00'),
(617, 52, '2026-02-11', '13:00:00', '19:00:00', 'Ambulantni rad', '2026-02-11 07:30:00', '2026-02-11 07:35:00'),
(618, 52, '2026-02-13', '13:00:00', '19:00:00', 'Ambulantni rad', '2026-02-13 07:30:00', '2026-02-13 07:35:00'),
(619, 52, '2026-02-16', '13:00:00', '19:00:00', 'Redovna smjena', '2026-02-16 07:30:00', '2026-02-16 07:35:00'),
(620, 52, '2026-02-18', '13:00:00', '19:00:00', 'Ambulantni rad', '2026-02-18 07:30:00', '2026-02-18 07:35:00'),
(621, 52, '2026-02-20', '13:00:00', '19:00:00', 'Redovna smjena', '2026-02-20 07:30:00', '2026-02-20 07:35:00'),
(622, 52, '2026-02-23', '13:00:00', '19:00:00', 'Kontrolni termini', '2026-02-23 07:30:00', '2026-02-23 07:35:00'),
(623, 52, '2026-02-25', '13:00:00', '19:00:00', 'Redovna smjena', '2026-02-25 07:30:00', '2026-02-25 07:35:00'),
(624, 52, '2026-02-27', '13:00:00', '19:00:00', 'Kontrolni termini', '2026-02-27 07:30:00', '2026-02-27 07:35:00'),
(625, 53, '2026-02-02', '08:00:00', '14:00:00', 'Ambulantni rad', '2026-02-02 07:30:00', '2026-02-02 07:35:00'),
(626, 53, '2026-02-04', '08:00:00', '14:00:00', 'Redovna smjena', '2026-02-04 07:30:00', '2026-02-04 07:35:00'),
(627, 53, '2026-02-06', '08:00:00', '14:00:00', 'Ambulantni rad', '2026-02-06 07:30:00', '2026-02-06 07:35:00'),
(628, 53, '2026-02-09', '08:00:00', '14:00:00', 'Redovna smjena', '2026-02-09 07:30:00', '2026-02-09 07:35:00'),
(629, 53, '2026-02-11', '08:00:00', '14:00:00', 'Kontrolni termini', '2026-02-11 07:30:00', '2026-02-11 07:35:00'),
(630, 53, '2026-02-13', '08:00:00', '14:00:00', 'Ambulantni rad', '2026-02-13 07:30:00', '2026-02-13 07:35:00'),
(631, 53, '2026-02-16', '08:00:00', '14:00:00', 'Ambulantni rad', '2026-02-16 07:30:00', '2026-02-16 07:35:00'),
(632, 53, '2026-02-18', '08:00:00', '14:00:00', 'Redovna smjena', '2026-02-18 07:30:00', '2026-02-18 07:35:00'),
(633, 53, '2026-02-20', '08:00:00', '14:00:00', 'Ambulantni rad', '2026-02-20 07:30:00', '2026-02-20 07:35:00'),
(634, 53, '2026-02-23', '08:00:00', '14:00:00', 'Kontrolni termini', '2026-02-23 07:30:00', '2026-02-23 07:35:00'),
(635, 53, '2026-02-25', '08:00:00', '14:00:00', 'Kontrolni termini', '2026-02-25 07:30:00', '2026-02-25 07:35:00'),
(636, 53, '2026-02-27', '08:00:00', '14:00:00', 'Redovna smjena', '2026-02-27 07:30:00', '2026-02-27 07:35:00'),
(637, 54, '2026-02-02', '13:00:00', '19:00:00', 'Redovna smjena', '2026-02-02 07:30:00', '2026-02-02 07:35:00'),
(638, 54, '2026-02-04', '13:00:00', '19:00:00', 'Ambulantni rad', '2026-02-04 07:30:00', '2026-02-04 07:35:00'),
(639, 54, '2026-02-06', '13:00:00', '19:00:00', 'Kontrolni termini', '2026-02-06 07:30:00', '2026-02-06 07:35:00'),
(640, 54, '2026-02-09', '13:00:00', '19:00:00', 'Ambulantni rad', '2026-02-09 07:30:00', '2026-02-09 07:35:00'),
(641, 54, '2026-02-11', '13:00:00', '19:00:00', 'Kontrolni termini', '2026-02-11 07:30:00', '2026-02-11 07:35:00'),
(642, 54, '2026-02-13', '13:00:00', '19:00:00', 'Kontrolni termini', '2026-02-13 07:30:00', '2026-02-13 07:35:00'),
(643, 54, '2026-02-16', '13:00:00', '19:00:00', 'Redovna smjena', '2026-02-16 07:30:00', '2026-02-16 07:35:00'),
(644, 54, '2026-02-18', '13:00:00', '19:00:00', 'Ambulantni rad', '2026-02-18 07:30:00', '2026-02-18 07:35:00'),
(645, 54, '2026-02-20', '13:00:00', '19:00:00', 'Kontrolni termini', '2026-02-20 07:30:00', '2026-02-20 07:35:00'),
(646, 54, '2026-02-23', '13:00:00', '19:00:00', 'Redovna smjena', '2026-02-23 07:30:00', '2026-02-23 07:35:00'),
(647, 54, '2026-02-25', '13:00:00', '19:00:00', 'Kontrolni termini', '2026-02-25 07:30:00', '2026-02-25 07:35:00'),
(648, 54, '2026-02-27', '13:00:00', '19:00:00', 'Redovna smjena', '2026-02-27 07:30:00', '2026-02-27 07:35:00'),
(649, 55, '2026-02-02', '08:00:00', '14:00:00', 'Redovna smjena', '2026-02-02 07:30:00', '2026-02-02 07:35:00'),
(650, 55, '2026-02-04', '08:00:00', '14:00:00', 'Redovna smjena', '2026-02-04 07:30:00', '2026-02-04 07:35:00'),
(651, 55, '2026-02-06', '08:00:00', '14:00:00', 'Ambulantni rad', '2026-02-06 07:30:00', '2026-02-06 07:35:00'),
(652, 55, '2026-02-09', '08:00:00', '14:00:00', 'Redovna smjena', '2026-02-09 07:30:00', '2026-02-09 07:35:00'),
(653, 55, '2026-02-11', '08:00:00', '14:00:00', 'Redovna smjena', '2026-02-11 07:30:00', '2026-02-11 07:35:00'),
(654, 55, '2026-02-13', '08:00:00', '14:00:00', 'Kontrolni termini', '2026-02-13 07:30:00', '2026-02-13 07:35:00'),
(655, 55, '2026-02-16', '08:00:00', '14:00:00', 'Redovna smjena', '2026-02-16 07:30:00', '2026-02-16 07:35:00'),
(656, 55, '2026-02-18', '08:00:00', '14:00:00', 'Kontrolni termini', '2026-02-18 07:30:00', '2026-02-18 07:35:00'),
(657, 55, '2026-02-20', '08:00:00', '14:00:00', 'Kontrolni termini', '2026-02-20 07:30:00', '2026-02-20 07:35:00'),
(658, 55, '2026-02-23', '08:00:00', '14:00:00', 'Ambulantni rad', '2026-02-23 07:30:00', '2026-02-23 07:35:00'),
(659, 55, '2026-02-25', '08:00:00', '14:00:00', 'Redovna smjena', '2026-02-25 07:30:00', '2026-02-25 07:35:00'),
(660, 55, '2026-02-27', '08:00:00', '14:00:00', 'Redovna smjena', '2026-02-27 07:30:00', '2026-02-27 07:35:00'),
(661, 56, '2026-02-02', '13:00:00', '19:00:00', 'Kontrolni termini', '2026-02-02 07:30:00', '2026-02-02 07:35:00'),
(662, 56, '2026-02-04', '13:00:00', '19:00:00', 'Ambulantni rad', '2026-02-04 07:30:00', '2026-02-04 07:35:00'),
(663, 56, '2026-02-06', '13:00:00', '19:00:00', 'Redovna smjena', '2026-02-06 07:30:00', '2026-02-06 07:35:00'),
(664, 56, '2026-02-09', '13:00:00', '19:00:00', 'Ambulantni rad', '2026-02-09 07:30:00', '2026-02-09 07:35:00'),
(665, 56, '2026-02-11', '13:00:00', '19:00:00', 'Kontrolni termini', '2026-02-11 07:30:00', '2026-02-11 07:35:00'),
(666, 56, '2026-02-13', '13:00:00', '19:00:00', 'Redovna smjena', '2026-02-13 07:30:00', '2026-02-13 07:35:00'),
(667, 56, '2026-02-16', '13:00:00', '19:00:00', 'Ambulantni rad', '2026-02-16 07:30:00', '2026-02-16 07:35:00'),
(668, 56, '2026-02-18', '13:00:00', '19:00:00', 'Redovna smjena', '2026-02-18 07:30:00', '2026-02-18 07:35:00'),
(669, 56, '2026-02-20', '13:00:00', '19:00:00', 'Redovna smjena', '2026-02-20 07:30:00', '2026-02-20 07:35:00'),
(670, 56, '2026-02-23', '13:00:00', '19:00:00', 'Ambulantni rad', '2026-02-23 07:30:00', '2026-02-23 07:35:00'),
(671, 56, '2026-02-25', '13:00:00', '19:00:00', 'Redovna smjena', '2026-02-25 07:30:00', '2026-02-25 07:35:00'),
(672, 56, '2026-02-27', '13:00:00', '19:00:00', 'Kontrolni termini', '2026-02-27 07:30:00', '2026-02-27 07:35:00'),
(673, 57, '2026-02-02', '08:00:00', '14:00:00', 'Redovna smjena', '2026-02-02 07:30:00', '2026-02-02 07:35:00'),
(674, 57, '2026-02-04', '08:00:00', '14:00:00', 'Redovna smjena', '2026-02-04 07:30:00', '2026-02-04 07:35:00'),
(675, 57, '2026-02-06', '08:00:00', '14:00:00', 'Ambulantni rad', '2026-02-06 07:30:00', '2026-02-06 07:35:00'),
(676, 57, '2026-02-09', '08:00:00', '14:00:00', 'Ambulantni rad', '2026-02-09 07:30:00', '2026-02-09 07:35:00'),
(677, 57, '2026-02-11', '08:00:00', '14:00:00', 'Ambulantni rad', '2026-02-11 07:30:00', '2026-02-11 07:35:00'),
(678, 57, '2026-02-13', '08:00:00', '14:00:00', 'Redovna smjena', '2026-02-13 07:30:00', '2026-02-13 07:35:00'),
(679, 57, '2026-02-16', '08:00:00', '14:00:00', 'Ambulantni rad', '2026-02-16 07:30:00', '2026-02-16 07:35:00'),
(680, 57, '2026-02-18', '08:00:00', '14:00:00', 'Redovna smjena', '2026-02-18 07:30:00', '2026-02-18 07:35:00'),
(681, 57, '2026-02-20', '08:00:00', '14:00:00', 'Kontrolni termini', '2026-02-20 07:30:00', '2026-02-20 07:35:00'),
(682, 57, '2026-02-23', '08:00:00', '14:00:00', 'Kontrolni termini', '2026-02-23 07:30:00', '2026-02-23 07:35:00'),
(683, 57, '2026-02-25', '08:00:00', '14:00:00', 'Redovna smjena', '2026-02-25 07:30:00', '2026-02-25 07:35:00'),
(684, 57, '2026-02-27', '08:00:00', '14:00:00', 'Redovna smjena', '2026-02-27 07:30:00', '2026-02-27 07:35:00'),
(685, 58, '2026-02-02', '13:00:00', '19:00:00', 'Kontrolni termini', '2026-02-02 07:30:00', '2026-02-02 07:35:00'),
(686, 58, '2026-02-04', '13:00:00', '19:00:00', 'Kontrolni termini', '2026-02-04 07:30:00', '2026-02-04 07:35:00'),
(687, 58, '2026-02-06', '13:00:00', '19:00:00', 'Redovna smjena', '2026-02-06 07:30:00', '2026-02-06 07:35:00'),
(688, 58, '2026-02-09', '13:00:00', '19:00:00', 'Kontrolni termini', '2026-02-09 07:30:00', '2026-02-09 07:35:00'),
(689, 58, '2026-02-11', '13:00:00', '19:00:00', 'Kontrolni termini', '2026-02-11 07:30:00', '2026-02-11 07:35:00'),
(690, 58, '2026-02-13', '13:00:00', '19:00:00', 'Redovna smjena', '2026-02-13 07:30:00', '2026-02-13 07:35:00'),
(691, 58, '2026-02-16', '13:00:00', '19:00:00', 'Ambulantni rad', '2026-02-16 07:30:00', '2026-02-16 07:35:00'),
(692, 58, '2026-02-18', '13:00:00', '19:00:00', 'Ambulantni rad', '2026-02-18 07:30:00', '2026-02-18 07:35:00'),
(693, 58, '2026-02-20', '13:00:00', '19:00:00', 'Kontrolni termini', '2026-02-20 07:30:00', '2026-02-20 07:35:00'),
(694, 58, '2026-02-23', '13:00:00', '19:00:00', 'Redovna smjena', '2026-02-23 07:30:00', '2026-02-23 07:35:00'),
(695, 58, '2026-02-25', '13:00:00', '19:00:00', 'Kontrolni termini', '2026-02-25 07:30:00', '2026-02-25 07:35:00'),
(696, 58, '2026-02-27', '13:00:00', '19:00:00', 'Kontrolni termini', '2026-02-27 07:30:00', '2026-02-27 07:35:00'),
(697, 59, '2026-02-02', '08:00:00', '14:00:00', 'Redovna smjena', '2026-02-02 07:30:00', '2026-02-02 07:35:00'),
(698, 59, '2026-02-04', '08:00:00', '14:00:00', 'Ambulantni rad', '2026-02-04 07:30:00', '2026-02-04 07:35:00'),
(699, 59, '2026-02-06', '08:00:00', '14:00:00', 'Kontrolni termini', '2026-02-06 07:30:00', '2026-02-06 07:35:00'),
(700, 59, '2026-02-09', '08:00:00', '14:00:00', 'Kontrolni termini', '2026-02-09 07:30:00', '2026-02-09 07:35:00'),
(701, 59, '2026-02-11', '08:00:00', '14:00:00', 'Ambulantni rad', '2026-02-11 07:30:00', '2026-02-11 07:35:00'),
(702, 59, '2026-02-13', '08:00:00', '14:00:00', 'Redovna smjena', '2026-02-13 07:30:00', '2026-02-13 07:35:00'),
(703, 59, '2026-02-16', '08:00:00', '14:00:00', 'Redovna smjena', '2026-02-16 07:30:00', '2026-02-16 07:35:00'),
(704, 59, '2026-02-18', '08:00:00', '14:00:00', 'Redovna smjena', '2026-02-18 07:30:00', '2026-02-18 07:35:00'),
(705, 59, '2026-02-20', '08:00:00', '14:00:00', 'Redovna smjena', '2026-02-20 07:30:00', '2026-02-20 07:35:00'),
(706, 59, '2026-02-23', '08:00:00', '14:00:00', 'Redovna smjena', '2026-02-23 07:30:00', '2026-02-23 07:35:00'),
(707, 59, '2026-02-25', '08:00:00', '14:00:00', 'Kontrolni termini', '2026-02-25 07:30:00', '2026-02-25 07:35:00'),
(708, 59, '2026-02-27', '08:00:00', '14:00:00', 'Kontrolni termini', '2026-02-27 07:30:00', '2026-02-27 07:35:00'),
(709, 60, '2026-02-02', '13:00:00', '19:00:00', 'Ambulantni rad', '2026-02-02 07:30:00', '2026-02-02 07:35:00'),
(710, 60, '2026-02-04', '13:00:00', '19:00:00', 'Ambulantni rad', '2026-02-04 07:30:00', '2026-02-04 07:35:00'),
(711, 60, '2026-02-06', '13:00:00', '19:00:00', 'Ambulantni rad', '2026-02-06 07:30:00', '2026-02-06 07:35:00'),
(712, 60, '2026-02-09', '13:00:00', '19:00:00', 'Ambulantni rad', '2026-02-09 07:30:00', '2026-02-09 07:35:00'),
(713, 60, '2026-02-11', '13:00:00', '19:00:00', 'Redovna smjena', '2026-02-11 07:30:00', '2026-02-11 07:35:00'),
(714, 60, '2026-02-13', '13:00:00', '19:00:00', 'Redovna smjena', '2026-02-13 07:30:00', '2026-02-13 07:35:00'),
(715, 60, '2026-02-16', '13:00:00', '19:00:00', 'Ambulantni rad', '2026-02-16 07:30:00', '2026-02-16 07:35:00'),
(716, 60, '2026-02-18', '13:00:00', '19:00:00', 'Kontrolni termini', '2026-02-18 07:30:00', '2026-02-18 07:35:00'),
(717, 60, '2026-02-20', '13:00:00', '19:00:00', 'Redovna smjena', '2026-02-20 07:30:00', '2026-02-20 07:35:00'),
(718, 60, '2026-02-23', '13:00:00', '19:00:00', 'Redovna smjena', '2026-02-23 07:30:00', '2026-02-23 07:35:00'),
(719, 60, '2026-02-25', '13:00:00', '19:00:00', 'Kontrolni termini', '2026-02-25 07:30:00', '2026-02-25 07:35:00'),
(720, 60, '2026-02-27', '13:00:00', '19:00:00', 'Kontrolni termini', '2026-02-27 07:30:00', '2026-02-27 07:35:00');

-- termin_pacijenta: 300 redaka
INSERT INTO termin_pacijenta (id, id_pacijent, id_zaposlenik, id_ordinacija, status_termina, vrijeme_odrzavanja, procjenjeno_trajanje_pregleda_minute, razlog_dolaska, razlog_otkazivanja, vrijeme_kreiranja, vrijeme_azuriranja) VALUES
(1, 32, 7, 8, 'ZAVRSEN', '2026-02-03 08:00:00', 30, 'Prvi pregled', '-', '2026-01-05 07:00:00', '2026-01-06 07:00:00'),
(2, 150, 23, 23, 'DOLAZAK', '2026-02-04 12:00:00', 20, 'Prvi pregled', '-', '2026-01-30 12:00:00', '2026-01-30 12:00:00'),
(3, 32, 6, 5, 'NEMA_DOLASKA', '2026-02-05 08:30:00', 40, 'Tumacenje nalaza', '-', '2026-01-30 07:30:00', '2026-01-30 07:30:00'),
(4, 45, 26, 25, 'ZAKAZAN', '2026-02-06 13:30:00', 20, 'Kontrolni pregled', '-', '2026-01-27 11:30:00', '2026-01-27 11:30:00'),
(5, 166, 3, 4, 'ZAVRSEN', '2026-02-09 12:30:00', 50, 'Tumacenje nalaza', '-', '2026-01-22 08:30:00', '2026-01-23 08:30:00'),
(6, 108, 25, 25, 'ZAVRSEN', '2026-02-10 11:00:00', 30, 'Kontrola terapije', '-', '2026-01-11 07:00:00', '2026-01-12 07:00:00'),
(7, 123, 52, 41, 'ZAVRSEN', '2026-02-11 15:30:00', 20, 'Preventivna obrada', '-', '2026-01-19 11:30:00', '2026-01-20 11:30:00'),
(8, 82, 11, 11, 'ZAVRSEN', '2026-02-12 11:30:00', 20, 'Prvi pregled', '-', '2026-01-13 09:30:00', '2026-01-15 09:30:00'),
(9, 41, 23, 23, 'ZAVRSEN', '2026-02-13 09:30:00', 30, 'Kontrolni pregled', '-', '2026-01-18 08:30:00', '2026-01-18 08:30:00'),
(10, 91, 38, 34, 'ZAVRSEN', '2026-02-16 10:30:00', 20, 'Kontrolni pregled', '-', '2026-02-04 06:30:00', '2026-02-06 06:30:00'),
(11, 146, 2, 1, 'ZAKAZAN', '2026-02-17 10:00:00', 30, 'Dijagnosticki postupak', '-', '2026-02-06 07:00:00', '2026-02-07 07:00:00'),
(12, 15, 3, 4, 'DOLAZAK', '2026-02-18 11:30:00', 50, 'Dijagnosticki postupak', '-', '2026-02-06 11:30:00', '2026-02-08 11:30:00'),
(13, 88, 13, 14, 'ZAKAZAN', '2026-02-19 10:30:00', 30, 'Preventivna obrada', '-', '2026-02-13 10:30:00', '2026-02-13 10:30:00'),
(14, 19, 56, 43, 'ZAVRSEN', '2026-02-20 13:30:00', 60, 'Kontrola terapije', '-', '2026-01-25 10:30:00', '2026-01-26 10:30:00'),
(15, 41, 21, 21, 'DOLAZAK', '2026-02-23 14:30:00', 20, 'Kontrola terapije', '-', '2026-02-03 12:30:00', '2026-02-03 12:30:00'),
(16, 97, 43, 37, 'ZAVRSEN', '2026-02-24 12:30:00', 30, 'Kontrola terapije', '-', '2026-01-28 10:30:00', '2026-01-30 10:30:00'),
(17, 198, 2, 1, 'ZAVRSEN', '2026-02-25 08:30:00', 20, 'Kontrolni pregled', '-', '2026-02-01 06:30:00', '2026-02-01 06:30:00'),
(18, 37, 60, 45, 'ZAVRSEN', '2026-02-26 13:00:00', 30, 'Kontrola terapije', '-', '2026-02-19 12:00:00', '2026-02-19 12:00:00'),
(19, 182, 41, 36, 'NEMA_DOLASKA', '2026-02-27 13:00:00', 20, 'Tumacenje nalaza', '-', '2026-02-22 11:00:00', '2026-02-24 11:00:00'),
(20, 66, 6, 5, 'ZAVRSEN', '2026-03-02 09:30:00', 40, 'Kontrola terapije', '-', '2026-02-25 09:30:00', '2026-02-25 09:30:00'),
(21, 127, 58, 44, 'ZAVRSEN', '2026-03-03 14:00:00', 30, 'Preventivna obrada', '-', '2026-02-09 11:00:00', '2026-02-11 11:00:00'),
(22, 42, 41, 36, 'NEMA_DOLASKA', '2026-03-04 15:00:00', 20, 'Prvi pregled', '-', '2026-02-02 15:00:00', '2026-02-03 15:00:00'),
(23, 19, 17, 17, 'ZAVRSEN', '2026-03-05 13:00:00', 20, 'Kontrolni pregled', '-', '2026-02-16 12:00:00', '2026-02-16 12:00:00'),
(24, 181, 22, 22, 'ZAVRSEN', '2026-03-06 08:00:00', 60, 'Tumacenje nalaza', '-', '2026-02-09 07:00:00', '2026-02-09 07:00:00'),
(25, 49, 21, 21, 'OTKAZAN', '2026-03-09 14:30:00', 20, 'Kontrola terapije', 'Organizacijski razlog.', '2026-02-09 10:30:00', '2026-02-10 10:30:00'),
(26, 13, 15, 15, 'ZAVRSEN', '2026-03-10 14:00:00', 30, 'Dijagnosticki postupak', '-', '2026-02-16 11:00:00', '2026-02-17 11:00:00'),
(27, 23, 2, 1, 'ZAVRSEN', '2026-03-11 12:30:00', 60, 'Kontrola terapije', '-', '2026-02-14 08:30:00', '2026-02-14 08:30:00'),
(28, 164, 13, 14, 'ZAVRSEN', '2026-03-12 12:30:00', 20, 'Prvi pregled', '-', '2026-02-20 12:30:00', '2026-02-21 12:30:00'),
(29, 24, 32, 31, 'ZAVRSEN', '2026-03-13 14:00:00', 45, 'Kontrolni pregled', '-', '2026-02-25 11:00:00', '2026-02-26 11:00:00'),
(30, 113, 4, 3, 'DOLAZAK', '2026-03-16 15:00:00', 30, 'Preventivna obrada', '-', '2026-03-04 13:00:00', '2026-03-06 13:00:00'),
(31, 22, 43, 37, 'ZAVRSEN', '2026-03-17 13:30:00', 30, 'Dijagnosticki postupak', '-', '2026-02-27 09:30:00', '2026-02-28 09:30:00'),
(32, 138, 54, 42, 'ZAKAZAN', '2026-03-18 15:30:00', 20, 'Dijagnosticki postupak', '-', '2026-03-06 12:30:00', '2026-03-07 12:30:00'),
(33, 129, 57, 44, 'DOLAZAK', '2026-03-19 16:00:00', 30, 'Dijagnosticki postupak', '-', '2026-02-21 12:00:00', '2026-02-22 12:00:00'),
(34, 55, 11, 11, 'ZAKAZAN', '2026-03-20 11:00:00', 20, 'Kontrolni pregled', '-', '2026-03-14 08:00:00', '2026-03-14 08:00:00'),
(35, 153, 53, 42, 'ZAVRSEN', '2026-03-23 12:00:00', 20, 'Preventivna obrada', '-', '2026-02-23 12:00:00', '2026-02-25 12:00:00'),
(36, 71, 26, 25, 'ZAVRSEN', '2026-03-24 16:00:00', 60, 'Tumacenje nalaza', '-', '2026-03-19 12:00:00', '2026-03-19 12:00:00'),
(37, 28, 9, 9, 'NEMA_DOLASKA', '2026-03-25 09:30:00', 50, 'Preventivna obrada', '-', '2026-03-03 07:30:00', '2026-03-05 07:30:00'),
(38, 10, 32, 31, 'ZAKAZAN', '2026-03-26 10:30:00', 90, 'Preventivna obrada', '-', '2026-03-09 09:30:00', '2026-03-10 09:30:00'),
(39, 13, 45, 38, 'ZAVRSEN', '2026-03-27 15:30:00', 20, 'Preventivna obrada', '-', '2026-03-11 15:30:00', '2026-03-12 15:30:00'),
(40, 179, 18, 18, 'ZAVRSEN', '2026-03-30 09:30:00', 50, 'Kontrolni pregled', '-', '2026-03-21 07:30:00', '2026-03-23 07:30:00'),
(41, 49, 27, 27, 'ZAVRSEN', '2026-03-31 15:00:00', 30, 'Kontrolni pregled', '-', '2026-03-13 12:00:00', '2026-03-15 12:00:00'),
(42, 17, 51, 41, 'OTKAZAN', '2026-04-01 12:30:00', 20, 'Kontrola terapije', 'Organizacijski razlog.', '2026-03-15 11:30:00', '2026-03-15 11:30:00'),
(43, 15, 57, 44, 'ZAVRSEN', '2026-04-02 11:30:00', 20, 'Prvi pregled', '-', '2026-03-14 11:30:00', '2026-03-14 11:30:00'),
(44, 119, 18, 18, 'ZAKAZAN', '2026-04-03 16:00:00', 30, 'Tumacenje nalaza', '-', '2026-03-09 16:00:00', '2026-03-10 16:00:00'),
(45, 46, 32, 31, 'OTKAZAN', '2026-04-06 15:30:00', 45, 'Dijagnosticki postupak', 'Organizacijski razlog.', '2026-03-21 13:30:00', '2026-03-23 13:30:00'),
(46, 73, 53, 42, 'NEMA_DOLASKA', '2026-04-07 08:00:00', 20, 'Tumacenje nalaza', '-', '2026-04-01 07:00:00', '2026-04-03 07:00:00'),
(47, 69, 15, 15, 'ZAVRSEN', '2026-04-08 14:30:00', 50, 'Dijagnosticki postupak', '-', '2026-04-03 14:30:00', '2026-04-03 14:30:00'),
(48, 58, 39, 35, 'NEMA_DOLASKA', '2026-04-09 12:00:00', 20, 'Dijagnosticki postupak', '-', '2026-03-10 10:00:00', '2026-03-11 10:00:00'),
(49, 118, 56, 43, 'ZAVRSEN', '2026-04-10 12:00:00', 90, 'Kontrolni pregled', '-', '2026-03-22 10:00:00', '2026-03-22 10:00:00'),
(50, 144, 34, 32, 'ZAVRSEN', '2026-04-13 12:30:00', 60, 'Preventivna obrada', '-', '2026-03-18 12:30:00', '2026-03-19 12:30:00'),
(51, 71, 42, 36, 'ZAKAZAN', '2026-04-14 12:00:00', 20, 'Kontrola terapije', '-', '2026-03-18 10:00:00', '2026-03-20 10:00:00'),
(52, 15, 49, 40, 'ZAVRSEN', '2026-04-15 14:00:00', 20, 'Kontrola terapije', '-', '2026-03-31 13:00:00', '2026-04-01 13:00:00'),
(53, 104, 18, 18, 'ZAVRSEN', '2026-04-16 14:00:00', 30, 'Kontrola terapije', '-', '2026-04-10 10:00:00', '2026-04-12 10:00:00'),
(54, 176, 45, 38, 'ZAVRSEN', '2026-04-17 15:30:00', 30, 'Kontrola terapije', '-', '2026-04-01 11:30:00', '2026-04-03 11:30:00'),
(55, 76, 57, 44, 'ZAKAZAN', '2026-04-20 09:30:00', 20, 'Tumacenje nalaza', '-', '2026-04-11 07:30:00', '2026-04-12 07:30:00'),
(56, 57, 41, 36, 'ZAVRSEN', '2026-04-21 13:30:00', 40, 'Kontrolni pregled', '-', '2026-03-24 11:30:00', '2026-03-25 11:30:00'),
(57, 119, 38, 34, 'ZAVRSEN', '2026-04-22 09:30:00', 20, 'Tumacenje nalaza', '-', '2026-04-16 05:30:00', '2026-04-16 05:30:00'),
(58, 175, 33, 32, 'DOLAZAK', '2026-04-23 14:00:00', 30, 'Dijagnosticki postupak', '-', '2026-04-09 11:00:00', '2026-04-09 11:00:00'),
(59, 105, 14, 14, 'ZAVRSEN', '2026-04-24 15:00:00', 20, 'Kontrolni pregled', '-', '2026-04-09 14:00:00', '2026-04-10 14:00:00'),
(60, 81, 41, 36, 'ZAKAZAN', '2026-04-27 08:30:00', 20, 'Prvi pregled', '-', '2026-04-08 06:30:00', '2026-04-10 06:30:00'),
(61, 126, 49, 40, 'ZAVRSEN', '2026-04-28 09:00:00', 40, 'Kontrolni pregled', '-', '2026-04-04 06:00:00', '2026-04-05 06:00:00'),
(62, 10, 25, 25, 'OTKAZAN', '2026-04-29 11:00:00', 30, 'Kontrola terapije', 'Termin prebacen na drugi datum.', '2026-04-24 09:00:00', '2026-04-26 09:00:00'),
(63, 58, 1, 1, 'ZAVRSEN', '2026-04-30 13:30:00', 40, 'Preventivna obrada', '-', '2026-04-21 13:30:00', '2026-04-21 13:30:00'),
(64, 77, 5, 6, 'ZAVRSEN', '2026-05-01 12:30:00', 20, 'Tumacenje nalaza', '-', '2026-04-03 08:30:00', '2026-04-05 08:30:00'),
(65, 126, 10, 9, 'ZAVRSEN', '2026-05-04 13:30:00', 30, 'Kontrolni pregled', '-', '2026-04-24 10:30:00', '2026-04-24 10:30:00'),
(66, 55, 47, 39, 'ZAVRSEN', '2026-05-05 08:00:00', 30, 'Dijagnosticki postupak', '-', '2026-04-14 07:00:00', '2026-04-16 07:00:00'),
(67, 97, 41, 36, 'ZAKAZAN', '2026-05-06 12:00:00', 20, 'Dijagnosticki postupak', '-', '2026-04-12 12:00:00', '2026-04-14 12:00:00'),
(68, 13, 53, 42, 'ZAVRSEN', '2026-05-07 09:30:00', 20, 'Tumacenje nalaza', '-', '2026-04-18 06:30:00', '2026-04-19 06:30:00'),
(69, 53, 31, 31, 'ZAKAZAN', '2026-05-08 08:00:00', 45, 'Preventivna obrada', '-', '2026-04-20 08:00:00', '2026-04-21 08:00:00'),
(70, 131, 53, 42, 'ZAKAZAN', '2026-05-11 09:30:00', 40, 'Preventivna obrada', '-', '2026-05-03 09:30:00', '2026-05-04 09:30:00'),
(71, 92, 53, 42, 'ZAVRSEN', '2026-02-03 14:30:00', 40, 'Preventivna obrada', '-', '2026-01-24 14:30:00', '2026-01-25 14:30:00'),
(72, 4, 15, 15, 'ZAVRSEN', '2026-02-04 09:00:00', 30, 'Prvi pregled', '-', '2026-01-12 06:00:00', '2026-01-14 06:00:00'),
(73, 66, 5, 6, 'ZAVRSEN', '2026-02-05 11:30:00', 50, 'Tumacenje nalaza', '-', '2026-01-22 09:30:00', '2026-01-22 09:30:00'),
(74, 75, 55, 43, 'ZAVRSEN', '2026-02-06 13:30:00', 30, 'Kontrola terapije', '-', '2026-01-22 10:30:00', '2026-01-22 10:30:00'),
(75, 170, 1, 1, 'ZAVRSEN', '2026-02-09 10:30:00', 30, 'Preventivna obrada', '-', '2026-01-24 07:30:00', '2026-01-25 07:30:00'),
(76, 47, 54, 42, 'ZAVRSEN', '2026-02-10 09:30:00', 20, 'Tumacenje nalaza', '-', '2026-01-24 06:30:00', '2026-01-26 06:30:00'),
(77, 108, 56, 43, 'ZAKAZAN', '2026-02-11 10:30:00', 30, 'Prvi pregled', '-', '2026-02-02 10:30:00', '2026-02-03 10:30:00'),
(78, 146, 60, 45, 'ZAVRSEN', '2026-02-12 15:00:00', 30, 'Kontrolni pregled', '-', '2026-01-19 12:00:00', '2026-01-21 12:00:00'),
(79, 124, 57, 44, 'DOLAZAK', '2026-02-13 15:30:00', 30, 'Prvi pregled', '-', '2026-01-26 12:30:00', '2026-01-27 12:30:00'),
(80, 4, 42, 36, 'ZAKAZAN', '2026-02-16 16:00:00', 20, 'Kontrola terapije', '-', '2026-01-24 12:00:00', '2026-01-26 12:00:00'),
(81, 111, 33, 32, 'ZAVRSEN', '2026-02-17 11:30:00', 30, 'Tumacenje nalaza', '-', '2026-02-01 08:30:00', '2026-02-01 08:30:00'),
(82, 130, 41, 36, 'ZAVRSEN', '2026-02-18 15:30:00', 40, 'Tumacenje nalaza', '-', '2026-02-08 15:30:00', '2026-02-09 15:30:00'),
(83, 130, 17, 17, 'ZAVRSEN', '2026-02-19 11:30:00', 60, 'Dijagnosticki postupak', '-', '2026-01-25 08:30:00', '2026-01-26 08:30:00'),
(84, 23, 30, 30, 'ZAKAZAN', '2026-02-20 15:30:00', 50, 'Tumacenje nalaza', '-', '2026-02-05 15:30:00', '2026-02-06 15:30:00'),
(85, 143, 27, 27, 'ZAVRSEN', '2026-02-23 08:00:00', 30, 'Prvi pregled', '-', '2026-01-24 04:00:00', '2026-01-26 04:00:00'),
(86, 88, 44, 37, 'ZAKAZAN', '2026-02-24 13:30:00', 20, 'Prvi pregled', '-', '2026-02-12 10:30:00', '2026-02-14 10:30:00'),
(87, 184, 44, 37, 'ZAVRSEN', '2026-02-25 15:00:00', 20, 'Prvi pregled', '-', '2026-02-17 14:00:00', '2026-02-18 14:00:00'),
(88, 141, 54, 42, 'ZAVRSEN', '2026-02-26 16:00:00', 20, 'Preventivna obrada', '-', '2026-01-30 16:00:00', '2026-01-31 16:00:00'),
(89, 28, 10, 9, 'ZAVRSEN', '2026-02-27 12:00:00', 20, 'Dijagnosticki postupak', '-', '2026-02-16 11:00:00', '2026-02-16 11:00:00'),
(90, 184, 29, 30, 'NEMA_DOLASKA', '2026-03-02 13:00:00', 30, 'Prvi pregled', '-', '2026-02-01 10:00:00', '2026-02-02 10:00:00'),
(91, 128, 29, 30, 'ZAKAZAN', '2026-03-03 08:00:00', 40, 'Dijagnosticki postupak', '-', '2026-02-03 08:00:00', '2026-02-03 08:00:00'),
(92, 188, 45, 38, 'NEMA_DOLASKA', '2026-03-04 10:00:00', 20, 'Prvi pregled', '-', '2026-02-15 06:00:00', '2026-02-16 06:00:00'),
(93, 71, 27, 27, 'OTKAZAN', '2026-03-05 14:00:00', 20, 'Preventivna obrada', 'Termin prebacen na drugi datum.', '2026-02-14 13:00:00', '2026-02-16 13:00:00'),
(94, 180, 46, 38, 'ZAVRSEN', '2026-03-06 13:00:00', 30, 'Kontrola terapije', '-', '2026-02-06 09:00:00', '2026-02-06 09:00:00'),
(95, 176, 40, 35, 'ZAVRSEN', '2026-03-09 13:30:00', 30, 'Kontrola terapije', '-', '2026-02-28 12:30:00', '2026-03-01 12:30:00'),
(96, 150, 36, 33, 'ZAVRSEN', '2026-03-10 14:30:00', 45, 'Kontrola terapije', '-', '2026-02-10 10:30:00', '2026-02-10 10:30:00'),
(97, 7, 33, 32, 'OTKAZAN', '2026-03-11 14:00:00', 30, 'Kontrolni pregled', 'Pacijent otkazao termin.', '2026-02-13 14:00:00', '2026-02-13 14:00:00'),
(98, 38, 20, 20, 'ZAKAZAN', '2026-03-12 08:30:00', 20, 'Kontrola terapije', '-', '2026-02-10 06:30:00', '2026-02-11 06:30:00'),
(99, 27, 54, 42, 'ZAVRSEN', '2026-03-13 11:30:00', 40, 'Kontrola terapije', '-', '2026-02-16 07:30:00', '2026-02-18 07:30:00'),
(100, 98, 43, 37, 'OTKAZAN', '2026-03-16 14:00:00', 30, 'Tumacenje nalaza', 'Organizacijski razlog.', '2026-03-01 10:00:00', '2026-03-03 10:00:00'),
(101, 159, 17, 17, 'ZAVRSEN', '2026-03-17 15:00:00', 30, 'Kontrolni pregled', '-', '2026-02-20 13:00:00', '2026-02-21 13:00:00'),
(102, 175, 29, 30, 'NEMA_DOLASKA', '2026-03-18 09:00:00', 20, 'Kontrolni pregled', '-', '2026-03-08 05:00:00', '2026-03-08 05:00:00'),
(103, 143, 28, 28, 'ZAKAZAN', '2026-03-19 12:00:00', 30, 'Kontrolni pregled', '-', '2026-03-09 08:00:00', '2026-03-10 08:00:00'),
(104, 11, 29, 30, 'ZAVRSEN', '2026-03-20 10:00:00', 20, 'Preventivna obrada', '-', '2026-02-24 10:00:00', '2026-02-26 10:00:00'),
(105, 19, 36, 33, 'ZAKAZAN', '2026-03-23 13:00:00', 30, 'Dijagnosticki postupak', '-', '2026-03-11 12:00:00', '2026-03-12 12:00:00'),
(106, 24, 36, 33, 'OTKAZAN', '2026-03-24 13:30:00', 20, 'Kontrolni pregled', 'Pacijent otkazao termin.', '2026-02-26 11:30:00', '2026-02-27 11:30:00'),
(107, 144, 14, 14, 'ZAKAZAN', '2026-03-25 08:00:00', 50, 'Prvi pregled', '-', '2026-02-27 06:00:00', '2026-03-01 06:00:00'),
(108, 11, 59, 45, 'ZAKAZAN', '2026-03-26 13:00:00', 50, 'Tumacenje nalaza', '-', '2026-02-24 13:00:00', '2026-02-26 13:00:00'),
(109, 133, 19, 19, 'ZAVRSEN', '2026-03-27 13:30:00', 40, 'Dijagnosticki postupak', '-', '2026-02-25 09:30:00', '2026-02-26 09:30:00'),
(110, 83, 57, 44, 'ZAVRSEN', '2026-03-30 16:00:00', 20, 'Prvi pregled', '-', '2026-03-22 15:00:00', '2026-03-22 15:00:00'),
(111, 176, 13, 14, 'ZAVRSEN', '2026-03-31 14:30:00', 50, 'Prvi pregled', '-', '2026-03-20 10:30:00', '2026-03-22 10:30:00'),
(112, 118, 9, 9, 'ZAVRSEN', '2026-04-01 13:00:00', 30, 'Prvi pregled', '-', '2026-03-25 13:00:00', '2026-03-26 13:00:00'),
(113, 148, 35, 33, 'ZAKAZAN', '2026-04-02 11:30:00', 75, 'Preventivna obrada', '-', '2026-03-15 08:30:00', '2026-03-16 08:30:00'),
(114, 173, 2, 1, 'ZAVRSEN', '2026-04-03 09:30:00', 20, 'Dijagnosticki postupak', '-', '2026-03-29 05:30:00', '2026-03-29 05:30:00'),
(115, 92, 45, 38, 'ZAVRSEN', '2026-04-06 16:00:00', 20, 'Prvi pregled', '-', '2026-03-23 14:00:00', '2026-03-24 14:00:00'),
(116, 170, 26, 25, 'ZAVRSEN', '2026-04-07 08:00:00', 30, 'Tumacenje nalaza', '-', '2026-03-28 04:00:00', '2026-03-30 04:00:00'),
(117, 163, 26, 25, 'DOLAZAK', '2026-04-08 10:00:00', 30, 'Preventivna obrada', '-', '2026-03-13 08:00:00', '2026-03-13 08:00:00'),
(118, 147, 3, 4, 'ZAVRSEN', '2026-04-09 14:00:00', 30, 'Dijagnosticki postupak', '-', '2026-03-18 14:00:00', '2026-03-20 14:00:00'),
(119, 55, 48, 39, 'ZAVRSEN', '2026-04-10 14:30:00', 30, 'Kontrola terapije', '-', '2026-03-20 13:30:00', '2026-03-20 13:30:00'),
(120, 50, 40, 35, 'ZAVRSEN', '2026-04-13 09:30:00', 20, 'Kontrolni pregled', '-', '2026-03-18 05:30:00', '2026-03-20 05:30:00'),
(121, 75, 35, 33, 'ZAVRSEN', '2026-04-14 09:00:00', 50, 'Preventivna obrada', '-', '2026-04-06 08:00:00', '2026-04-06 08:00:00'),
(122, 26, 43, 37, 'OTKAZAN', '2026-04-15 12:30:00', 50, 'Dijagnosticki postupak', 'Pacijent otkazao termin.', '2026-04-04 10:30:00', '2026-04-06 10:30:00'),
(123, 178, 44, 37, 'ZAVRSEN', '2026-04-16 10:00:00', 20, 'Dijagnosticki postupak', '-', '2026-03-24 08:00:00', '2026-03-24 08:00:00'),
(124, 64, 2, 1, 'ZAVRSEN', '2026-04-17 11:30:00', 20, 'Kontrola terapije', '-', '2026-03-20 08:30:00', '2026-03-20 08:30:00'),
(125, 123, 44, 37, 'OTKAZAN', '2026-04-20 15:00:00', 50, 'Tumacenje nalaza', 'Termin prebacen na drugi datum.', '2026-03-22 13:00:00', '2026-03-24 13:00:00'),
(126, 72, 39, 35, 'ZAKAZAN', '2026-04-21 10:00:00', 30, 'Dijagnosticki postupak', '-', '2026-04-10 08:00:00', '2026-04-10 08:00:00'),
(127, 149, 55, 43, 'NEMA_DOLASKA', '2026-04-22 14:00:00', 60, 'Dijagnosticki postupak', '-', '2026-04-11 14:00:00', '2026-04-13 14:00:00'),
(128, 94, 31, 31, 'ZAVRSEN', '2026-04-23 14:00:00', 45, 'Kontrolni pregled', '-', '2026-03-25 10:00:00', '2026-03-26 10:00:00'),
(129, 102, 33, 32, 'ZAKAZAN', '2026-04-24 13:30:00', 30, 'Dijagnosticki postupak', '-', '2026-04-19 12:30:00', '2026-04-20 12:30:00'),
(130, 145, 11, 11, 'ZAKAZAN', '2026-04-27 10:00:00', 30, 'Kontrola terapije', '-', '2026-03-30 07:00:00', '2026-03-30 07:00:00'),
(131, 60, 50, 40, 'DOLAZAK', '2026-04-28 09:00:00', 20, 'Preventivna obrada', '-', '2026-04-12 08:00:00', '2026-04-14 08:00:00'),
(132, 100, 60, 45, 'ZAKAZAN', '2026-04-29 15:30:00', 30, 'Tumacenje nalaza', '-', '2026-04-23 15:30:00', '2026-04-25 15:30:00'),
(133, 190, 34, 32, 'OTKAZAN', '2026-04-30 12:00:00', 50, 'Dijagnosticki postupak', 'Organizacijski razlog.', '2026-04-07 11:00:00', '2026-04-09 11:00:00'),
(134, 133, 41, 36, 'ZAKAZAN', '2026-05-01 12:00:00', 40, 'Tumacenje nalaza', '-', '2026-04-19 08:00:00', '2026-04-20 08:00:00'),
(135, 155, 52, 41, 'ZAVRSEN', '2026-05-04 08:00:00', 20, 'Dijagnosticki postupak', '-', '2026-04-25 05:00:00', '2026-04-25 05:00:00'),
(136, 55, 34, 32, 'ZAVRSEN', '2026-05-05 10:00:00', 30, 'Kontrolni pregled', '-', '2026-04-25 08:00:00', '2026-04-26 08:00:00'),
(137, 185, 52, 41, 'ZAVRSEN', '2026-05-06 09:30:00', 40, 'Tumacenje nalaza', '-', '2026-04-10 06:30:00', '2026-04-12 06:30:00'),
(138, 6, 54, 42, 'ZAVRSEN', '2026-05-07 11:30:00', 20, 'Prvi pregled', '-', '2026-04-28 07:30:00', '2026-04-30 07:30:00'),
(139, 147, 33, 32, 'OTKAZAN', '2026-05-08 10:00:00', 60, 'Prvi pregled', 'Pacijent otkazao termin.', '2026-04-25 09:00:00', '2026-04-27 09:00:00'),
(140, 22, 44, 37, 'ZAKAZAN', '2026-05-11 11:00:00', 60, 'Tumacenje nalaza', '-', '2026-04-17 08:00:00', '2026-04-18 08:00:00'),
(141, 150, 39, 35, 'ZAVRSEN', '2026-02-03 10:30:00', 30, 'Dijagnosticki postupak', '-', '2026-01-08 06:30:00', '2026-01-10 06:30:00'),
(142, 117, 44, 37, 'ZAVRSEN', '2026-02-04 09:00:00', 30, 'Kontrolni pregled', '-', '2026-01-18 06:00:00', '2026-01-18 06:00:00'),
(143, 39, 14, 14, 'DOLAZAK', '2026-02-05 09:30:00', 30, 'Kontrolni pregled', '-', '2026-01-16 05:30:00', '2026-01-16 05:30:00'),
(144, 155, 31, 31, 'ZAVRSEN', '2026-02-06 08:00:00', 90, 'Kontrola terapije', '-', '2026-01-12 05:00:00', '2026-01-14 05:00:00'),
(145, 59, 34, 32, 'ZAKAZAN', '2026-02-09 15:30:00', 20, 'Tumacenje nalaza', '-', '2026-01-24 11:30:00', '2026-01-24 11:30:00'),
(146, 197, 18, 18, 'ZAKAZAN', '2026-02-10 11:30:00', 60, 'Prvi pregled', '-', '2026-01-27 07:30:00', '2026-01-27 07:30:00'),
(147, 148, 45, 38, 'ZAKAZAN', '2026-02-11 16:00:00', 50, 'Prvi pregled', '-', '2026-01-21 16:00:00', '2026-01-23 16:00:00'),
(148, 105, 52, 41, 'ZAKAZAN', '2026-02-12 13:30:00', 20, 'Prvi pregled', '-', '2026-02-03 10:30:00', '2026-02-05 10:30:00'),
(149, 157, 28, 28, 'ZAKAZAN', '2026-02-13 12:00:00', 50, 'Kontrola terapije', '-', '2026-01-27 11:00:00', '2026-01-28 11:00:00'),
(150, 65, 36, 33, 'ZAVRSEN', '2026-02-16 12:30:00', 30, 'Dijagnosticki postupak', '-', '2026-01-31 09:30:00', '2026-02-02 09:30:00'),
(151, 180, 16, 15, 'ZAVRSEN', '2026-02-17 10:30:00', 40, 'Prvi pregled', '-', '2026-02-06 06:30:00', '2026-02-08 06:30:00'),
(152, 42, 45, 38, 'ZAVRSEN', '2026-02-18 14:00:00', 20, 'Kontrola terapije', '-', '2026-02-13 14:00:00', '2026-02-15 14:00:00'),
(153, 17, 27, 27, 'ZAVRSEN', '2026-02-19 12:00:00', 20, 'Kontrolni pregled', '-', '2026-02-03 12:00:00', '2026-02-04 12:00:00'),
(154, 183, 40, 35, 'DOLAZAK', '2026-02-20 08:30:00', 50, 'Kontrolni pregled', '-', '2026-01-26 05:30:00', '2026-01-28 05:30:00'),
(155, 50, 60, 45, 'ZAVRSEN', '2026-02-23 08:30:00', 30, 'Dijagnosticki postupak', '-', '2026-02-02 04:30:00', '2026-02-04 04:30:00'),
(156, 62, 4, 3, 'ZAVRSEN', '2026-02-24 08:00:00', 50, 'Kontrolni pregled', '-', '2026-02-17 06:00:00', '2026-02-18 06:00:00'),
(157, 133, 37, 34, 'ZAVRSEN', '2026-02-25 08:00:00', 20, 'Kontrola terapije', '-', '2026-01-29 08:00:00', '2026-01-31 08:00:00'),
(158, 89, 54, 42, 'ZAVRSEN', '2026-02-26 12:00:00', 40, 'Kontrolni pregled', '-', '2026-02-02 11:00:00', '2026-02-03 11:00:00'),
(159, 130, 12, 11, 'ZAVRSEN', '2026-02-27 09:30:00', 20, 'Dijagnosticki postupak', '-', '2026-02-20 05:30:00', '2026-02-20 05:30:00'),
(160, 138, 52, 41, 'ZAVRSEN', '2026-03-02 12:00:00', 40, 'Kontrola terapije', '-', '2026-02-11 09:00:00', '2026-02-12 09:00:00'),
(161, 151, 44, 37, 'ZAVRSEN', '2026-03-03 08:00:00', 20, 'Tumacenje nalaza', '-', '2026-02-23 06:00:00', '2026-02-25 06:00:00'),
(162, 174, 51, 41, 'ZAVRSEN', '2026-03-04 11:30:00', 20, 'Preventivna obrada', '-', '2026-02-14 09:30:00', '2026-02-15 09:30:00'),
(163, 24, 16, 15, 'ZAVRSEN', '2026-03-05 14:00:00', 30, 'Kontrola terapije', '-', '2026-02-05 12:00:00', '2026-02-06 12:00:00'),
(164, 56, 22, 22, 'ZAKAZAN', '2026-03-06 12:00:00', 60, 'Kontrolni pregled', '-', '2026-02-06 11:00:00', '2026-02-08 11:00:00'),
(165, 53, 16, 15, 'OTKAZAN', '2026-03-09 11:30:00', 30, 'Kontrolni pregled', 'Pacijent otkazao termin.', '2026-02-13 09:30:00', '2026-02-13 09:30:00'),
(166, 174, 59, 45, 'ZAVRSEN', '2026-03-10 15:30:00', 20, 'Dijagnosticki postupak', '-', '2026-03-05 11:30:00', '2026-03-06 11:30:00'),
(167, 127, 40, 35, 'ZAVRSEN', '2026-03-11 12:00:00', 20, 'Tumacenje nalaza', '-', '2026-03-01 08:00:00', '2026-03-01 08:00:00'),
(168, 14, 49, 40, 'ZAKAZAN', '2026-03-12 16:00:00', 20, 'Tumacenje nalaza', '-', '2026-02-20 12:00:00', '2026-02-21 12:00:00'),
(169, 118, 25, 25, 'ZAVRSEN', '2026-03-13 09:30:00', 30, 'Kontrola terapije', '-', '2026-02-20 06:30:00', '2026-02-20 06:30:00'),
(170, 98, 43, 37, 'ZAKAZAN', '2026-03-16 09:30:00', 30, 'Preventivna obrada', '-', '2026-02-28 05:30:00', '2026-03-02 05:30:00'),
(171, 69, 17, 17, 'OTKAZAN', '2026-03-17 15:30:00', 50, 'Dijagnosticki postupak', 'Termin prebacen na drugi datum.', '2026-03-01 14:30:00', '2026-03-02 14:30:00'),
(172, 94, 46, 38, 'ZAVRSEN', '2026-03-18 14:00:00', 20, 'Preventivna obrada', '-', '2026-02-27 13:00:00', '2026-03-01 13:00:00'),
(173, 185, 15, 15, 'ZAVRSEN', '2026-03-19 12:00:00', 60, 'Kontrolni pregled', '-', '2026-02-25 09:00:00', '2026-02-27 09:00:00'),
(174, 3, 10, 9, 'ZAVRSEN', '2026-03-20 10:30:00', 20, 'Tumacenje nalaza', '-', '2026-02-28 09:30:00', '2026-03-01 09:30:00'),
(175, 102, 17, 17, 'ZAVRSEN', '2026-03-23 09:30:00', 30, 'Kontrola terapije', '-', '2026-03-13 09:30:00', '2026-03-14 09:30:00'),
(176, 116, 53, 42, 'OTKAZAN', '2026-03-24 13:00:00', 20, 'Preventivna obrada', 'Termin prebacen na drugi datum.', '2026-03-08 09:00:00', '2026-03-08 09:00:00'),
(177, 90, 27, 27, 'DOLAZAK', '2026-03-25 11:00:00', 30, 'Dijagnosticki postupak', '-', '2026-03-02 07:00:00', '2026-03-03 07:00:00'),
(178, 199, 22, 22, 'ZAKAZAN', '2026-03-26 15:00:00', 20, 'Prvi pregled', '-', '2026-03-09 11:00:00', '2026-03-11 11:00:00'),
(179, 164, 9, 9, 'ZAKAZAN', '2026-03-27 13:00:00', 50, 'Tumacenje nalaza', '-', '2026-03-02 09:00:00', '2026-03-02 09:00:00'),
(180, 81, 21, 21, 'ZAVRSEN', '2026-03-30 13:00:00', 50, 'Kontrola terapije', '-', '2026-03-16 11:00:00', '2026-03-17 11:00:00'),
(181, 106, 48, 39, 'OTKAZAN', '2026-03-31 10:30:00', 30, 'Kontrolni pregled', 'Pacijent otkazao termin.', '2026-03-22 09:30:00', '2026-03-22 09:30:00'),
(182, 27, 12, 11, 'ZAKAZAN', '2026-04-01 09:30:00', 30, 'Prvi pregled', '-', '2026-03-12 05:30:00', '2026-03-13 05:30:00'),
(183, 27, 33, 32, 'ZAKAZAN', '2026-04-02 12:00:00', 60, 'Dijagnosticki postupak', '-', '2026-03-24 12:00:00', '2026-03-24 12:00:00'),
(184, 114, 48, 39, 'ZAVRSEN', '2026-04-03 10:00:00', 30, 'Kontrolni pregled', '-', '2026-03-13 09:00:00', '2026-03-15 09:00:00'),
(185, 122, 24, 24, 'ZAVRSEN', '2026-04-06 15:00:00', 60, 'Dijagnosticki postupak', '-', '2026-03-24 11:00:00', '2026-03-26 11:00:00'),
(186, 162, 12, 11, 'ZAVRSEN', '2026-04-07 14:30:00', 20, 'Dijagnosticki postupak', '-', '2026-03-13 10:30:00', '2026-03-14 10:30:00'),
(187, 23, 35, 33, 'ZAKAZAN', '2026-04-08 15:00:00', 30, 'Preventivna obrada', '-', '2026-03-23 12:00:00', '2026-03-24 12:00:00'),
(188, 134, 1, 1, 'NEMA_DOLASKA', '2026-04-09 10:00:00', 20, 'Preventivna obrada', '-', '2026-03-26 07:00:00', '2026-03-27 07:00:00'),
(189, 197, 19, 19, 'ZAKAZAN', '2026-04-10 14:30:00', 60, 'Preventivna obrada', '-', '2026-03-17 13:30:00', '2026-03-17 13:30:00'),
(190, 102, 28, 28, 'NEMA_DOLASKA', '2026-04-13 11:30:00', 50, 'Kontrolni pregled', '-', '2026-03-17 08:30:00', '2026-03-17 08:30:00'),
(191, 133, 27, 27, 'ZAVRSEN', '2026-04-14 12:00:00', 20, 'Preventivna obrada', '-', '2026-03-20 08:00:00', '2026-03-20 08:00:00'),
(192, 47, 55, 43, 'ZAVRSEN', '2026-04-15 10:00:00', 120, 'Preventivna obrada', '-', '2026-04-07 07:00:00', '2026-04-07 07:00:00'),
(193, 39, 21, 21, 'ZAVRSEN', '2026-04-16 08:30:00', 20, 'Dijagnosticki postupak', '-', '2026-04-11 07:30:00', '2026-04-12 07:30:00'),
(194, 187, 10, 9, 'NEMA_DOLASKA', '2026-04-17 08:00:00', 20, 'Kontrolni pregled', '-', '2026-04-10 07:00:00', '2026-04-10 07:00:00'),
(195, 80, 22, 22, 'ZAKAZAN', '2026-04-20 15:30:00', 30, 'Preventivna obrada', '-', '2026-04-01 15:30:00', '2026-04-01 15:30:00'),
(196, 199, 4, 3, 'NEMA_DOLASKA', '2026-04-21 14:00:00', 30, 'Prvi pregled', '-', '2026-03-30 11:00:00', '2026-03-31 11:00:00'),
(197, 4, 54, 42, 'ZAVRSEN', '2026-04-22 09:30:00', 40, 'Kontrola terapije', '-', '2026-04-10 06:30:00', '2026-04-10 06:30:00'),
(198, 134, 29, 30, 'ZAKAZAN', '2026-04-23 11:00:00', 30, 'Tumacenje nalaza', '-', '2026-04-06 09:00:00', '2026-04-08 09:00:00'),
(199, 191, 47, 39, 'ZAVRSEN', '2026-04-24 16:00:00', 30, 'Prvi pregled', '-', '2026-04-11 13:00:00', '2026-04-12 13:00:00'),
(200, 171, 57, 44, 'ZAVRSEN', '2026-04-27 11:00:00', 30, 'Prvi pregled', '-', '2026-04-15 08:00:00', '2026-04-15 08:00:00'),
(201, 150, 52, 41, 'OTKAZAN', '2026-04-28 09:30:00', 40, 'Tumacenje nalaza', 'Pacijent otkazao termin.', '2026-04-23 09:30:00', '2026-04-24 09:30:00'),
(202, 64, 49, 40, 'ZAVRSEN', '2026-04-29 10:30:00', 20, 'Tumacenje nalaza', '-', '2026-04-22 06:30:00', '2026-04-22 06:30:00'),
(203, 180, 23, 23, 'NEMA_DOLASKA', '2026-04-30 09:30:00', 30, 'Kontrolni pregled', '-', '2026-04-10 08:30:00', '2026-04-11 08:30:00'),
(204, 6, 47, 39, 'DOLAZAK', '2026-05-01 14:00:00', 30, 'Preventivna obrada', '-', '2026-04-03 13:00:00', '2026-04-04 13:00:00'),
(205, 144, 46, 38, 'ZAVRSEN', '2026-05-04 12:30:00', 20, 'Dijagnosticki postupak', '-', '2026-04-07 09:30:00', '2026-04-07 09:30:00'),
(206, 83, 36, 33, 'ZAVRSEN', '2026-05-05 15:00:00', 30, 'Preventivna obrada', '-', '2026-04-11 11:00:00', '2026-04-13 11:00:00'),
(207, 76, 10, 9, 'NEMA_DOLASKA', '2026-05-06 12:00:00', 20, 'Dijagnosticki postupak', '-', '2026-04-20 09:00:00', '2026-04-21 09:00:00'),
(208, 5, 47, 39, 'ZAVRSEN', '2026-05-07 13:30:00', 20, 'Dijagnosticki postupak', '-', '2026-04-25 11:30:00', '2026-04-25 11:30:00'),
(209, 197, 34, 32, 'ZAVRSEN', '2026-05-08 10:00:00', 60, 'Dijagnosticki postupak', '-', '2026-04-24 08:00:00', '2026-04-24 08:00:00'),
(210, 12, 33, 32, 'ZAVRSEN', '2026-05-11 10:00:00', 20, 'Kontrolni pregled', '-', '2026-05-05 09:00:00', '2026-05-05 09:00:00'),
(211, 147, 7, 8, 'ZAKAZAN', '2026-02-03 14:00:00', 30, 'Kontrola terapije', '-', '2026-01-14 10:00:00', '2026-01-15 10:00:00'),
(212, 4, 15, 15, 'ZAVRSEN', '2026-02-04 11:00:00', 60, 'Kontrola terapije', '-', '2026-01-15 11:00:00', '2026-01-17 11:00:00'),
(213, 95, 48, 39, 'ZAKAZAN', '2026-02-05 08:30:00', 30, 'Dijagnosticki postupak', '-', '2026-01-23 04:30:00', '2026-01-24 04:30:00'),
(214, 133, 5, 6, 'ZAVRSEN', '2026-02-06 09:30:00', 50, 'Prvi pregled', '-', '2026-01-09 08:30:00', '2026-01-11 08:30:00'),
(215, 146, 43, 37, 'DOLAZAK', '2026-02-09 10:30:00', 50, 'Dijagnosticki postupak', '-', '2026-01-12 06:30:00', '2026-01-14 06:30:00'),
(216, 180, 24, 24, 'ZAVRSEN', '2026-02-10 14:30:00', 50, 'Prvi pregled', '-', '2026-01-31 13:30:00', '2026-01-31 13:30:00'),
(217, 91, 36, 33, 'ZAKAZAN', '2026-02-11 13:00:00', 65, 'Dijagnosticki postupak', '-', '2026-01-27 11:00:00', '2026-01-28 11:00:00'),
(218, 145, 39, 35, 'ZAVRSEN', '2026-02-12 11:00:00', 20, 'Tumacenje nalaza', '-', '2026-01-14 07:00:00', '2026-01-15 07:00:00'),
(219, 1, 30, 30, 'ZAKAZAN', '2026-02-13 08:30:00', 20, 'Preventivna obrada', '-', '2026-01-20 08:30:00', '2026-01-20 08:30:00'),
(220, 55, 19, 19, 'ZAKAZAN', '2026-02-16 13:00:00', 20, 'Prvi pregled', '-', '2026-01-18 11:00:00', '2026-01-18 11:00:00'),
(221, 40, 30, 30, 'OTKAZAN', '2026-02-17 10:00:00', 20, 'Preventivna obrada', 'Termin prebacen na drugi datum.', '2026-01-25 09:00:00', '2026-01-26 09:00:00'),
(222, 146, 6, 5, 'ZAKAZAN', '2026-02-18 11:00:00', 50, 'Kontrola terapije', '-', '2026-02-11 09:00:00', '2026-02-13 09:00:00'),
(223, 153, 45, 38, 'ZAVRSEN', '2026-02-19 12:30:00', 50, 'Prvi pregled', '-', '2026-01-22 08:30:00', '2026-01-23 08:30:00'),
(224, 107, 24, 24, 'ZAVRSEN', '2026-02-20 09:30:00', 20, 'Kontrolni pregled', '-', '2026-01-23 05:30:00', '2026-01-23 05:30:00'),
(225, 82, 19, 19, 'ZAVRSEN', '2026-02-23 10:00:00', 20, 'Preventivna obrada', '-', '2026-02-02 09:00:00', '2026-02-04 09:00:00'),
(226, 115, 48, 39, 'ZAVRSEN', '2026-02-24 16:00:00', 20, 'Prvi pregled', '-', '2026-02-12 13:00:00', '2026-02-12 13:00:00'),
(227, 22, 10, 9, 'ZAKAZAN', '2026-02-25 15:30:00', 60, 'Dijagnosticki postupak', '-', '2026-01-28 15:30:00', '2026-01-29 15:30:00'),
(228, 199, 34, 32, 'ZAVRSEN', '2026-02-26 10:00:00', 20, 'Kontrolni pregled', '-', '2026-02-06 06:00:00', '2026-02-07 06:00:00'),
(229, 144, 41, 36, 'ZAVRSEN', '2026-02-27 16:00:00', 20, 'Kontrolni pregled', '-', '2026-02-15 16:00:00', '2026-02-16 16:00:00'),
(230, 29, 43, 37, 'ZAVRSEN', '2026-03-02 14:30:00', 20, 'Tumacenje nalaza', '-', '2026-02-14 12:30:00', '2026-02-15 12:30:00'),
(231, 198, 39, 35, 'ZAVRSEN', '2026-03-03 12:30:00', 50, 'Kontrolni pregled', '-', '2026-02-15 08:30:00', '2026-02-15 08:30:00'),
(232, 52, 59, 45, 'OTKAZAN', '2026-03-04 13:30:00', 30, 'Kontrolni pregled', 'Organizacijski razlog.', '2026-02-25 13:30:00', '2026-02-27 13:30:00'),
(233, 74, 59, 45, 'ZAKAZAN', '2026-03-05 08:00:00', 20, 'Preventivna obrada', '-', '2026-02-06 08:00:00', '2026-02-07 08:00:00'),
(234, 54, 2, 1, 'ZAVRSEN', '2026-03-06 11:00:00', 20, 'Kontrolni pregled', '-', '2026-02-12 07:00:00', '2026-02-13 07:00:00'),
(235, 178, 39, 35, 'ZAKAZAN', '2026-03-09 08:00:00', 20, 'Tumacenje nalaza', '-', '2026-02-14 04:00:00', '2026-02-14 04:00:00'),
(236, 52, 4, 3, 'DOLAZAK', '2026-03-10 12:00:00', 30, 'Prvi pregled', '-', '2026-02-19 12:00:00', '2026-02-21 12:00:00'),
(237, 28, 18, 18, 'ZAVRSEN', '2026-03-11 08:00:00', 20, 'Preventivna obrada', '-', '2026-02-14 05:00:00', '2026-02-16 05:00:00'),
(238, 81, 45, 38, 'ZAVRSEN', '2026-03-12 15:30:00', 30, 'Dijagnosticki postupak', '-', '2026-02-18 15:30:00', '2026-02-20 15:30:00'),
(239, 11, 29, 30, 'ZAKAZAN', '2026-03-13 11:30:00', 40, 'Dijagnosticki postupak', '-', '2026-02-27 09:30:00', '2026-02-27 09:30:00'),
(240, 176, 2, 1, 'ZAVRSEN', '2026-03-16 13:30:00', 20, 'Preventivna obrada', '-', '2026-02-19 11:30:00', '2026-02-20 11:30:00'),
(241, 161, 51, 41, 'ZAKAZAN', '2026-03-17 12:00:00', 20, 'Tumacenje nalaza', '-', '2026-03-12 08:00:00', '2026-03-12 08:00:00'),
(242, 169, 22, 22, 'ZAKAZAN', '2026-03-18 10:00:00', 20, 'Prvi pregled', '-', '2026-02-18 07:00:00', '2026-02-18 07:00:00'),
(243, 110, 37, 34, 'NEMA_DOLASKA', '2026-03-19 12:30:00', 30, 'Dijagnosticki postupak', '-', '2026-03-04 09:30:00', '2026-03-06 09:30:00'),
(244, 36, 9, 9, 'ZAVRSEN', '2026-03-20 12:30:00', 20, 'Kontrola terapije', '-', '2026-02-21 08:30:00', '2026-02-21 08:30:00'),
(245, 82, 41, 36, 'ZAVRSEN', '2026-03-23 09:00:00', 20, 'Dijagnosticki postupak', '-', '2026-03-01 09:00:00', '2026-03-01 09:00:00'),
(246, 196, 47, 39, 'ZAVRSEN', '2026-03-24 13:00:00', 60, 'Tumacenje nalaza', '-', '2026-03-06 11:00:00', '2026-03-06 11:00:00'),
(247, 48, 7, 8, 'ZAVRSEN', '2026-03-25 08:00:00', 20, 'Dijagnosticki postupak', '-', '2026-03-01 06:00:00', '2026-03-01 06:00:00'),
(248, 92, 15, 15, 'ZAVRSEN', '2026-03-26 09:00:00', 20, 'Kontrola terapije', '-', '2026-02-25 06:00:00', '2026-02-27 06:00:00'),
(249, 48, 42, 36, 'ZAKAZAN', '2026-03-27 14:00:00', 20, 'Tumacenje nalaza', '-', '2026-03-07 13:00:00', '2026-03-07 13:00:00'),
(250, 196, 4, 3, 'ZAVRSEN', '2026-03-30 08:00:00', 30, 'Preventivna obrada', '-', '2026-03-12 07:00:00', '2026-03-12 07:00:00'),
(251, 158, 12, 11, 'ZAKAZAN', '2026-03-31 15:30:00', 20, 'Kontrola terapije', '-', '2026-03-16 12:30:00', '2026-03-17 12:30:00'),
(252, 156, 49, 40, 'ZAVRSEN', '2026-04-01 14:00:00', 20, 'Kontrola terapije', '-', '2026-03-17 11:00:00', '2026-03-17 11:00:00'),
(253, 11, 30, 30, 'NEMA_DOLASKA', '2026-04-02 11:30:00', 20, 'Dijagnosticki postupak', '-', '2026-03-11 08:30:00', '2026-03-13 08:30:00'),
(254, 49, 49, 40, 'ZAVRSEN', '2026-04-03 12:30:00', 20, 'Tumacenje nalaza', '-', '2026-03-17 10:30:00', '2026-03-17 10:30:00'),
(255, 157, 28, 28, 'ZAVRSEN', '2026-04-06 08:30:00', 50, 'Kontrola terapije', '-', '2026-03-16 07:30:00', '2026-03-18 07:30:00'),
(256, 47, 33, 32, 'ZAVRSEN', '2026-04-07 10:00:00', 50, 'Tumacenje nalaza', '-', '2026-03-20 08:00:00', '2026-03-21 08:00:00'),
(257, 117, 37, 34, 'ZAVRSEN', '2026-04-08 09:00:00', 30, 'Preventivna obrada', '-', '2026-03-24 08:00:00', '2026-03-24 08:00:00'),
(258, 163, 46, 38, 'ZAVRSEN', '2026-04-09 13:30:00', 20, 'Prvi pregled', '-', '2026-03-19 10:30:00', '2026-03-21 10:30:00'),
(259, 197, 25, 25, 'ZAKAZAN', '2026-04-10 10:30:00', 30, 'Preventivna obrada', '-', '2026-03-18 09:30:00', '2026-03-18 09:30:00'),
(260, 108, 49, 40, 'ZAKAZAN', '2026-04-13 12:30:00', 20, 'Preventivna obrada', '-', '2026-03-16 09:30:00', '2026-03-16 09:30:00'),
(261, 52, 57, 44, 'ZAKAZAN', '2026-04-14 08:00:00', 30, 'Dijagnosticki postupak', '-', '2026-03-16 06:00:00', '2026-03-17 06:00:00'),
(262, 140, 56, 43, 'OTKAZAN', '2026-04-15 08:00:00', 120, 'Dijagnosticki postupak', 'Termin prebacen na drugi datum.', '2026-04-03 07:00:00', '2026-04-04 07:00:00'),
(263, 63, 5, 6, 'ZAVRSEN', '2026-04-16 12:00:00', 30, 'Dijagnosticki postupak', '-', '2026-03-22 08:00:00', '2026-03-22 08:00:00'),
(264, 168, 9, 9, 'OTKAZAN', '2026-04-17 13:30:00', 30, 'Prvi pregled', 'Pacijent otkazao termin.', '2026-04-11 09:30:00', '2026-04-11 09:30:00'),
(265, 107, 3, 4, 'ZAKAZAN', '2026-04-20 10:30:00', 30, 'Kontrolni pregled', '-', '2026-03-25 08:30:00', '2026-03-27 08:30:00'),
(266, 10, 38, 34, 'ZAVRSEN', '2026-04-21 09:00:00', 60, 'Preventivna obrada', '-', '2026-04-06 07:00:00', '2026-04-08 07:00:00'),
(267, 121, 6, 5, 'ZAVRSEN', '2026-04-22 10:00:00', 20, 'Prvi pregled', '-', '2026-03-26 08:00:00', '2026-03-27 08:00:00'),
(268, 179, 33, 32, 'ZAVRSEN', '2026-04-23 11:00:00', 20, 'Dijagnosticki postupak', '-', '2026-04-17 11:00:00', '2026-04-19 11:00:00'),
(269, 110, 46, 38, 'ZAVRSEN', '2026-04-24 13:00:00', 30, 'Preventivna obrada', '-', '2026-04-03 09:00:00', '2026-04-05 09:00:00'),
(270, 134, 38, 34, 'ZAVRSEN', '2026-04-27 15:30:00', 20, 'Tumacenje nalaza', '-', '2026-03-28 14:30:00', '2026-03-28 14:30:00'),
(271, 7, 1, 1, 'ZAVRSEN', '2026-04-28 15:00:00', 20, 'Kontrola terapije', '-', '2026-03-29 15:00:00', '2026-03-30 15:00:00'),
(272, 86, 27, 27, 'ZAVRSEN', '2026-04-29 13:30:00', 30, 'Dijagnosticki postupak', '-', '2026-03-30 12:30:00', '2026-04-01 12:30:00'),
(273, 18, 20, 20, 'ZAVRSEN', '2026-04-30 12:30:00', 20, 'Preventivna obrada', '-', '2026-04-09 08:30:00', '2026-04-09 08:30:00'),
(274, 88, 44, 37, 'OTKAZAN', '2026-05-01 14:00:00', 30, 'Kontrola terapije', 'Organizacijski razlog.', '2026-04-07 14:00:00', '2026-04-08 14:00:00'),
(275, 173, 54, 42, 'ZAVRSEN', '2026-05-04 15:30:00', 20, 'Tumacenje nalaza', '-', '2026-04-04 15:30:00', '2026-04-04 15:30:00'),
(276, 138, 42, 36, 'ZAKAZAN', '2026-05-05 13:00:00', 20, 'Tumacenje nalaza', '-', '2026-04-05 10:00:00', '2026-04-07 10:00:00'),
(277, 143, 48, 39, 'ZAKAZAN', '2026-05-06 08:00:00', 30, 'Kontrolni pregled', '-', '2026-04-13 06:00:00', '2026-04-13 06:00:00'),
(278, 87, 17, 17, 'ZAKAZAN', '2026-05-07 14:00:00', 60, 'Kontrola terapije', '-', '2026-04-15 13:00:00', '2026-04-16 13:00:00'),
(279, 182, 46, 38, 'ZAVRSEN', '2026-05-08 08:30:00', 50, 'Preventivna obrada', '-', '2026-04-20 08:30:00', '2026-04-21 08:30:00'),
(280, 56, 54, 42, 'ZAVRSEN', '2026-05-11 16:00:00', 20, 'Preventivna obrada', '-', '2026-05-01 16:00:00', '2026-05-01 16:00:00'),
(281, 114, 59, 45, 'ZAKAZAN', '2026-02-03 16:00:00', 30, 'Prvi pregled', '-', '2026-01-04 13:00:00', '2026-01-05 13:00:00'),
(282, 188, 60, 45, 'ZAVRSEN', '2026-02-04 16:00:00', 30, 'Preventivna obrada', '-', '2026-01-06 14:00:00', '2026-01-08 14:00:00'),
(283, 53, 43, 37, 'NEMA_DOLASKA', '2026-02-05 08:30:00', 30, 'Tumacenje nalaza', '-', '2026-01-19 04:30:00', '2026-01-20 04:30:00'),
(284, 176, 59, 45, 'ZAVRSEN', '2026-02-06 09:00:00', 30, 'Preventivna obrada', '-', '2026-01-18 09:00:00', '2026-01-18 09:00:00'),
(285, 164, 38, 34, 'OTKAZAN', '2026-02-09 11:00:00', 20, 'Preventivna obrada', 'Pacijent otkazao termin.', '2026-01-29 09:00:00', '2026-01-30 09:00:00'),
(286, 70, 43, 37, 'ZAVRSEN', '2026-02-10 10:00:00', 30, 'Kontrolni pregled', '-', '2026-01-28 10:00:00', '2026-01-28 10:00:00'),
(287, 141, 36, 33, 'ZAVRSEN', '2026-02-11 13:00:00', 30, 'Preventivna obrada', '-', '2026-02-02 11:00:00', '2026-02-02 11:00:00'),
(288, 139, 20, 20, 'ZAKAZAN', '2026-02-12 15:00:00', 40, 'Prvi pregled', '-', '2026-02-03 15:00:00', '2026-02-04 15:00:00'),
(289, 110, 3, 4, 'OTKAZAN', '2026-02-13 14:00:00', 40, 'Kontrolni pregled', 'Organizacijski razlog.', '2026-01-20 10:00:00', '2026-01-21 10:00:00'),
(290, 183, 21, 21, 'ZAVRSEN', '2026-02-16 09:00:00', 20, 'Tumacenje nalaza', '-', '2026-01-24 08:00:00', '2026-01-24 08:00:00'),
(291, 176, 30, 30, 'ZAVRSEN', '2026-02-17 15:00:00', 20, 'Tumacenje nalaza', '-', '2026-02-05 14:00:00', '2026-02-06 14:00:00'),
(292, 180, 25, 25, 'ZAVRSEN', '2026-02-18 13:00:00', 30, 'Preventivna obrada', '-', '2026-01-30 10:00:00', '2026-01-31 10:00:00'),
(293, 123, 8, 7, 'ZAKAZAN', '2026-02-19 15:00:00', 20, 'Kontrolni pregled', '-', '2026-02-05 13:00:00', '2026-02-05 13:00:00'),
(294, 84, 25, 25, 'ZAVRSEN', '2026-02-20 09:00:00', 50, 'Preventivna obrada', '-', '2026-01-29 06:00:00', '2026-01-31 06:00:00'),
(295, 124, 15, 15, 'OTKAZAN', '2026-02-23 14:00:00', 40, 'Prvi pregled', 'Termin prebacen na drugi datum.', '2026-02-12 10:00:00', '2026-02-13 10:00:00'),
(296, 45, 35, 33, 'NEMA_DOLASKA', '2026-02-24 09:00:00', 50, 'Kontrola terapije', '-', '2026-01-28 05:00:00', '2026-01-30 05:00:00'),
(297, 143, 30, 30, 'ZAVRSEN', '2026-02-25 09:30:00', 50, 'Tumacenje nalaza', '-', '2026-02-15 07:30:00', '2026-02-15 07:30:00'),
(298, 84, 44, 37, 'ZAVRSEN', '2026-02-26 15:30:00', 30, 'Kontrola terapije', '-', '2026-01-31 15:30:00', '2026-01-31 15:30:00'),
(299, 194, 57, 44, 'ZAVRSEN', '2026-02-27 10:00:00', 30, 'Kontrola terapije', '-', '2026-02-18 07:00:00', '2026-02-20 07:00:00'),
(300, 51, 38, 34, 'ZAVRSEN', '2026-03-02 11:00:00', 20, 'Kontrola terapije', '-', '2026-02-15 09:00:00', '2026-02-17 09:00:00');

-- termin_pacijenta_usluga: 381 redaka
INSERT INTO termin_pacijenta_usluga (id, id_termin_pacijenta, id_usluga, vrijeme_kreiranja, vrijeme_azuriranja) VALUES
(1, 1, 18, '2026-01-05 07:00:00', '2026-01-05 07:10:00'),
(2, 2, 56, '2026-01-30 12:00:00', '2026-01-30 12:10:00'),
(3, 3, 15, '2026-01-30 07:30:00', '2026-01-30 07:40:00'),
(4, 3, 16, '2026-01-30 07:30:00', '2026-01-30 07:40:00'),
(5, 4, 60, '2026-01-27 11:30:00', '2026-01-27 11:40:00'),
(6, 5, 6, '2026-01-22 08:30:00', '2026-01-22 08:40:00'),
(7, 5, 11, '2026-01-22 08:30:00', '2026-01-22 08:40:00'),
(8, 6, 57, '2026-01-11 07:00:00', '2026-01-11 07:10:00'),
(9, 7, 110, '2026-01-19 11:30:00', '2026-01-19 11:40:00'),
(10, 8, 31, '2026-01-13 09:30:00', '2026-01-13 09:40:00'),
(11, 9, 53, '2026-01-18 08:30:00', '2026-01-18 08:40:00'),
(12, 10, 83, '2026-02-04 06:30:00', '2026-02-04 06:40:00'),
(13, 11, 2, '2026-02-06 07:00:00', '2026-02-06 07:10:00'),
(14, 12, 6, '2026-02-06 11:30:00', '2026-02-06 11:40:00'),
(15, 12, 8, '2026-02-06 11:30:00', '2026-02-06 11:40:00'),
(16, 13, 33, '2026-02-13 10:30:00', '2026-02-13 10:40:00'),
(17, 14, 116, '2026-01-25 10:30:00', '2026-01-25 10:40:00'),
(18, 15, 51, '2026-02-03 12:30:00', '2026-02-03 12:40:00'),
(19, 16, 94, '2026-01-28 10:30:00', '2026-01-28 10:40:00'),
(20, 17, 5, '2026-02-01 06:30:00', '2026-02-01 06:40:00'),
(21, 18, 123, '2026-02-19 12:00:00', '2026-02-19 12:10:00'),
(22, 19, 90, '2026-02-22 11:00:00', '2026-02-22 11:10:00'),
(23, 20, 15, '2026-02-25 09:30:00', '2026-02-25 09:40:00'),
(24, 20, 16, '2026-02-25 09:30:00', '2026-02-25 09:40:00'),
(25, 21, 119, '2026-02-09 11:00:00', '2026-02-09 11:10:00'),
(26, 22, 89, '2026-02-02 15:00:00', '2026-02-02 15:10:00'),
(27, 23, 44, '2026-02-16 12:00:00', '2026-02-16 12:10:00'),
(28, 24, 50, '2026-02-09 07:00:00', '2026-02-09 07:10:00'),
(29, 24, 49, '2026-02-09 07:00:00', '2026-02-09 07:10:00'),
(30, 25, 51, '2026-02-09 10:30:00', '2026-02-09 10:40:00'),
(31, 26, 36, '2026-02-16 11:00:00', '2026-02-16 11:10:00'),
(32, 27, 2, '2026-02-14 08:30:00', '2026-02-14 08:40:00'),
(33, 27, 1, '2026-02-14 08:30:00', '2026-02-14 08:40:00'),
(34, 28, 35, '2026-02-20 12:30:00', '2026-02-20 12:40:00'),
(35, 29, 70, '2026-02-25 11:00:00', '2026-02-25 11:10:00'),
(36, 30, 7, '2026-03-04 13:00:00', '2026-03-04 13:10:00'),
(37, 31, 93, '2026-02-27 09:30:00', '2026-02-27 09:40:00'),
(38, 32, 112, '2026-03-06 12:30:00', '2026-03-06 12:40:00'),
(39, 33, 118, '2026-02-21 12:00:00', '2026-02-21 12:10:00'),
(40, 34, 31, '2026-03-14 08:00:00', '2026-03-14 08:10:00'),
(41, 35, 113, '2026-02-23 12:00:00', '2026-02-23 12:10:00'),
(42, 36, 57, '2026-03-19 12:00:00', '2026-03-19 12:10:00'),
(43, 36, 58, '2026-03-19 12:00:00', '2026-03-19 12:10:00'),
(44, 37, 25, '2026-03-03 07:30:00', '2026-03-03 07:40:00'),
(45, 37, 26, '2026-03-03 07:30:00', '2026-03-03 07:40:00'),
(46, 38, 69, '2026-03-09 09:30:00', '2026-03-09 09:40:00'),
(47, 38, 70, '2026-03-09 09:30:00', '2026-03-09 09:40:00'),
(48, 39, 98, '2026-03-11 15:30:00', '2026-03-11 15:40:00'),
(49, 40, 42, '2026-03-21 07:30:00', '2026-03-21 07:40:00'),
(50, 40, 44, '2026-03-21 07:30:00', '2026-03-21 07:40:00'),
(51, 41, 61, '2026-03-13 12:00:00', '2026-03-13 12:10:00'),
(52, 42, 109, '2026-03-15 11:30:00', '2026-03-15 11:40:00'),
(53, 43, 120, '2026-03-14 11:30:00', '2026-03-14 11:40:00'),
(54, 44, 41, '2026-03-09 16:00:00', '2026-03-09 16:10:00'),
(55, 45, 71, '2026-03-21 13:30:00', '2026-03-21 13:40:00'),
(56, 46, 112, '2026-04-01 07:00:00', '2026-04-01 07:10:00'),
(57, 47, 37, '2026-04-03 14:30:00', '2026-04-03 14:40:00'),
(58, 47, 38, '2026-04-03 14:30:00', '2026-04-03 14:40:00'),
(59, 48, 88, '2026-03-10 10:00:00', '2026-03-10 10:10:00'),
(60, 49, 117, '2026-03-22 10:00:00', '2026-03-22 10:10:00'),
(61, 49, 115, '2026-03-22 10:00:00', '2026-03-22 10:10:00'),
(62, 50, 73, '2026-03-18 12:30:00', '2026-03-18 12:40:00'),
(63, 50, 74, '2026-03-18 12:30:00', '2026-03-18 12:40:00'),
(64, 51, 90, '2026-03-18 10:00:00', '2026-03-18 10:10:00'),
(65, 52, 107, '2026-03-31 13:00:00', '2026-03-31 13:10:00'),
(66, 53, 42, '2026-04-10 10:00:00', '2026-04-10 10:10:00'),
(67, 54, 97, '2026-04-01 11:30:00', '2026-04-01 11:40:00'),
(68, 55, 120, '2026-04-11 07:30:00', '2026-04-11 07:40:00'),
(69, 56, 91, '2026-03-24 11:30:00', '2026-03-24 11:40:00'),
(70, 56, 90, '2026-03-24 11:30:00', '2026-03-24 11:40:00'),
(71, 57, 84, '2026-04-16 05:30:00', '2026-04-16 05:40:00'),
(72, 58, 74, '2026-04-09 11:00:00', '2026-04-09 11:10:00'),
(73, 59, 35, '2026-04-09 14:00:00', '2026-04-09 14:10:00'),
(74, 60, 90, '2026-04-08 06:30:00', '2026-04-08 06:40:00'),
(75, 61, 107, '2026-04-04 06:00:00', '2026-04-04 06:10:00'),
(76, 61, 108, '2026-04-04 06:00:00', '2026-04-04 06:10:00'),
(77, 62, 57, '2026-04-24 09:00:00', '2026-04-24 09:10:00'),
(78, 63, 5, '2026-04-21 13:30:00', '2026-04-21 13:40:00'),
(79, 63, 3, '2026-04-21 13:30:00', '2026-04-21 13:40:00'),
(80, 64, 15, '2026-04-03 08:30:00', '2026-04-03 08:40:00'),
(81, 65, 24, '2026-04-24 10:30:00', '2026-04-24 10:40:00'),
(82, 66, 102, '2026-04-14 07:00:00', '2026-04-14 07:10:00'),
(83, 67, 89, '2026-04-12 12:00:00', '2026-04-12 12:10:00'),
(84, 68, 114, '2026-04-18 06:30:00', '2026-04-18 06:40:00'),
(85, 69, 70, '2026-04-20 08:00:00', '2026-04-20 08:10:00'),
(86, 70, 112, '2026-05-03 09:30:00', '2026-05-03 09:40:00'),
(87, 70, 114, '2026-05-03 09:30:00', '2026-05-03 09:40:00'),
(88, 71, 112, '2026-01-24 14:30:00', '2026-01-24 14:40:00'),
(89, 71, 113, '2026-01-24 14:30:00', '2026-01-24 14:40:00'),
(90, 72, 36, '2026-01-12 06:00:00', '2026-01-12 06:10:00'),
(91, 73, 12, '2026-01-22 09:30:00', '2026-01-22 09:40:00'),
(92, 73, 16, '2026-01-22 09:30:00', '2026-01-22 09:40:00'),
(93, 74, 115, '2026-01-22 10:30:00', '2026-01-22 10:40:00'),
(94, 75, 1, '2026-01-24 07:30:00', '2026-01-24 07:40:00'),
(95, 76, 113, '2026-01-24 06:30:00', '2026-01-24 06:40:00'),
(96, 77, 115, '2026-02-02 10:30:00', '2026-02-02 10:40:00'),
(97, 78, 121, '2026-01-19 12:00:00', '2026-01-19 12:10:00'),
(98, 79, 118, '2026-01-26 12:30:00', '2026-01-26 12:40:00'),
(99, 80, 91, '2026-01-24 12:00:00', '2026-01-24 12:10:00'),
(100, 81, 73, '2026-02-01 08:30:00', '2026-02-01 08:40:00'),
(101, 82, 91, '2026-02-08 15:30:00', '2026-02-08 15:40:00'),
(102, 82, 89, '2026-02-08 15:30:00', '2026-02-08 15:40:00'),
(103, 83, 41, '2026-01-25 08:30:00', '2026-01-25 08:40:00'),
(104, 83, 40, '2026-01-25 08:30:00', '2026-01-25 08:40:00'),
(105, 84, 65, '2026-02-05 15:30:00', '2026-02-05 15:40:00'),
(106, 84, 68, '2026-02-05 15:30:00', '2026-02-05 15:40:00'),
(107, 85, 62, '2026-01-24 04:00:00', '2026-01-24 04:10:00'),
(108, 86, 96, '2026-02-12 10:30:00', '2026-02-12 10:40:00'),
(109, 87, 95, '2026-02-17 14:00:00', '2026-02-17 14:10:00'),
(110, 88, 112, '2026-01-30 16:00:00', '2026-01-30 16:10:00'),
(111, 89, 26, '2026-02-16 11:00:00', '2026-02-16 11:10:00'),
(112, 90, 65, '2026-02-01 10:00:00', '2026-02-01 10:10:00'),
(113, 91, 68, '2026-02-03 08:00:00', '2026-02-03 08:10:00'),
(114, 91, 67, '2026-02-03 08:00:00', '2026-02-03 08:10:00'),
(115, 92, 99, '2026-02-15 06:00:00', '2026-02-15 06:10:00'),
(116, 93, 64, '2026-02-14 13:00:00', '2026-02-14 13:10:00'),
(117, 94, 97, '2026-02-06 09:00:00', '2026-02-06 09:10:00'),
(118, 95, 85, '2026-02-28 12:30:00', '2026-02-28 12:40:00'),
(119, 96, 80, '2026-02-10 10:30:00', '2026-02-10 10:40:00'),
(120, 97, 75, '2026-02-13 14:00:00', '2026-02-13 14:10:00'),
(121, 98, 45, '2026-02-10 06:30:00', '2026-02-10 06:40:00'),
(122, 99, 112, '2026-02-16 07:30:00', '2026-02-16 07:40:00'),
(123, 99, 113, '2026-02-16 07:30:00', '2026-02-16 07:40:00'),
(124, 100, 93, '2026-03-01 10:00:00', '2026-03-01 10:10:00'),
(125, 101, 41, '2026-02-20 13:00:00', '2026-02-20 13:10:00'),
(126, 102, 68, '2026-03-08 05:00:00', '2026-03-08 05:10:00'),
(127, 103, 61, '2026-03-09 08:00:00', '2026-03-09 08:10:00'),
(128, 104, 68, '2026-02-24 10:00:00', '2026-02-24 10:10:00'),
(129, 105, 78, '2026-03-11 12:00:00', '2026-03-11 12:10:00'),
(130, 106, 79, '2026-02-26 11:30:00', '2026-02-26 11:40:00'),
(131, 107, 33, '2026-02-27 06:00:00', '2026-02-27 06:10:00'),
(132, 107, 34, '2026-02-27 06:00:00', '2026-02-27 06:10:00'),
(133, 108, 123, '2026-02-24 13:00:00', '2026-02-24 13:10:00'),
(134, 108, 124, '2026-02-24 13:00:00', '2026-02-24 13:10:00'),
(135, 109, 48, '2026-02-25 09:30:00', '2026-02-25 09:40:00'),
(136, 109, 45, '2026-02-25 09:30:00', '2026-02-25 09:40:00'),
(137, 110, 120, '2026-03-22 15:00:00', '2026-03-22 15:10:00'),
(138, 111, 32, '2026-03-20 10:30:00', '2026-03-20 10:40:00'),
(139, 111, 34, '2026-03-20 10:30:00', '2026-03-20 10:40:00'),
(140, 112, 24, '2026-03-25 13:00:00', '2026-03-25 13:10:00'),
(141, 113, 80, '2026-03-15 08:30:00', '2026-03-15 08:40:00'),
(142, 113, 78, '2026-03-15 08:30:00', '2026-03-15 08:40:00'),
(143, 114, 5, '2026-03-29 05:30:00', '2026-03-29 05:40:00'),
(144, 115, 98, '2026-03-23 14:00:00', '2026-03-23 14:10:00'),
(145, 116, 58, '2026-03-28 04:00:00', '2026-03-28 04:10:00'),
(146, 117, 58, '2026-03-13 08:00:00', '2026-03-13 08:10:00'),
(147, 118, 7, '2026-03-18 14:00:00', '2026-03-18 14:10:00'),
(148, 119, 101, '2026-03-20 13:30:00', '2026-03-20 13:40:00'),
(149, 120, 88, '2026-03-18 05:30:00', '2026-03-18 05:40:00'),
(150, 121, 79, '2026-04-06 08:00:00', '2026-04-06 08:10:00'),
(151, 121, 78, '2026-04-06 08:00:00', '2026-04-06 08:10:00'),
(152, 122, 96, '2026-04-04 10:30:00', '2026-04-04 10:40:00'),
(153, 122, 94, '2026-04-04 10:30:00', '2026-04-04 10:40:00'),
(154, 123, 96, '2026-03-24 08:00:00', '2026-03-24 08:10:00'),
(155, 124, 3, '2026-03-20 08:30:00', '2026-03-20 08:40:00'),
(156, 125, 93, '2026-03-22 13:00:00', '2026-03-22 13:10:00'),
(157, 125, 96, '2026-03-22 13:00:00', '2026-03-22 13:10:00'),
(158, 126, 85, '2026-04-10 08:00:00', '2026-04-10 08:10:00'),
(159, 127, 117, '2026-04-11 14:00:00', '2026-04-11 14:10:00'),
(160, 128, 70, '2026-03-25 10:00:00', '2026-03-25 10:10:00'),
(161, 129, 74, '2026-04-19 12:30:00', '2026-04-19 12:40:00'),
(162, 130, 28, '2026-03-30 07:00:00', '2026-03-30 07:10:00'),
(163, 131, 105, '2026-04-12 08:00:00', '2026-04-12 08:10:00'),
(164, 132, 121, '2026-04-23 15:30:00', '2026-04-23 15:40:00'),
(165, 133, 76, '2026-04-07 11:00:00', '2026-04-07 11:10:00'),
(166, 133, 74, '2026-04-07 11:00:00', '2026-04-07 11:10:00'),
(167, 134, 91, '2026-04-19 08:00:00', '2026-04-19 08:10:00'),
(168, 134, 90, '2026-04-19 08:00:00', '2026-04-19 08:10:00'),
(169, 135, 109, '2026-04-25 05:00:00', '2026-04-25 05:10:00'),
(170, 136, 74, '2026-04-25 08:00:00', '2026-04-25 08:10:00'),
(171, 137, 109, '2026-04-10 06:30:00', '2026-04-10 06:40:00'),
(172, 137, 111, '2026-04-10 06:30:00', '2026-04-10 06:40:00'),
(173, 138, 112, '2026-04-28 07:30:00', '2026-04-28 07:40:00'),
(174, 139, 73, '2026-04-25 09:00:00', '2026-04-25 09:10:00'),
(175, 139, 75, '2026-04-25 09:00:00', '2026-04-25 09:10:00'),
(176, 140, 94, '2026-04-17 08:00:00', '2026-04-17 08:10:00'),
(177, 140, 93, '2026-04-17 08:00:00', '2026-04-17 08:10:00'),
(178, 141, 86, '2026-01-08 06:30:00', '2026-01-08 06:40:00'),
(179, 142, 93, '2026-01-18 06:00:00', '2026-01-18 06:10:00'),
(180, 143, 32, '2026-01-16 05:30:00', '2026-01-16 05:40:00'),
(181, 144, 71, '2026-01-12 05:00:00', '2026-01-12 05:10:00'),
(182, 144, 69, '2026-01-12 05:00:00', '2026-01-12 05:10:00'),
(183, 145, 76, '2026-01-24 11:30:00', '2026-01-24 11:40:00'),
(184, 146, 42, '2026-01-27 07:30:00', '2026-01-27 07:40:00'),
(185, 146, 41, '2026-01-27 07:30:00', '2026-01-27 07:40:00'),
(186, 147, 99, '2026-01-21 16:00:00', '2026-01-21 16:10:00'),
(187, 147, 97, '2026-01-21 16:00:00', '2026-01-21 16:10:00'),
(188, 148, 110, '2026-02-03 10:30:00', '2026-02-03 10:40:00'),
(189, 149, 64, '2026-01-27 11:00:00', '2026-01-27 11:10:00'),
(190, 149, 61, '2026-01-27 11:00:00', '2026-01-27 11:10:00'),
(191, 150, 77, '2026-01-31 09:30:00', '2026-01-31 09:40:00'),
(192, 151, 38, '2026-02-06 06:30:00', '2026-02-06 06:40:00'),
(193, 151, 39, '2026-02-06 06:30:00', '2026-02-06 06:40:00'),
(194, 152, 98, '2026-02-13 14:00:00', '2026-02-13 14:10:00'),
(195, 153, 64, '2026-02-03 12:00:00', '2026-02-03 12:10:00'),
(196, 154, 85, '2026-01-26 05:30:00', '2026-01-26 05:40:00'),
(197, 154, 88, '2026-01-26 05:30:00', '2026-01-26 05:40:00'),
(198, 155, 122, '2026-02-02 04:30:00', '2026-02-02 04:40:00'),
(199, 156, 8, '2026-02-17 06:00:00', '2026-02-17 06:10:00'),
(200, 156, 9, '2026-02-17 06:00:00', '2026-02-17 06:10:00'),
(201, 157, 83, '2026-01-29 08:00:00', '2026-01-29 08:10:00'),
(202, 158, 113, '2026-02-02 11:00:00', '2026-02-02 11:10:00'),
(203, 158, 112, '2026-02-02 11:00:00', '2026-02-02 11:10:00'),
(204, 159, 30, '2026-02-20 05:30:00', '2026-02-20 05:40:00'),
(205, 160, 109, '2026-02-11 09:00:00', '2026-02-11 09:10:00'),
(206, 160, 110, '2026-02-11 09:00:00', '2026-02-11 09:10:00'),
(207, 161, 96, '2026-02-23 06:00:00', '2026-02-23 06:10:00'),
(208, 162, 111, '2026-02-14 09:30:00', '2026-02-14 09:40:00'),
(209, 163, 37, '2026-02-05 12:00:00', '2026-02-05 12:10:00'),
(210, 164, 50, '2026-02-06 11:00:00', '2026-02-06 11:10:00'),
(211, 164, 49, '2026-02-06 11:00:00', '2026-02-06 11:10:00'),
(212, 165, 36, '2026-02-13 09:30:00', '2026-02-13 09:40:00'),
(213, 166, 124, '2026-03-05 11:30:00', '2026-03-05 11:40:00'),
(214, 167, 88, '2026-03-01 08:00:00', '2026-03-01 08:10:00'),
(215, 168, 108, '2026-02-20 12:00:00', '2026-02-20 12:10:00'),
(216, 169, 57, '2026-02-20 06:30:00', '2026-02-20 06:40:00'),
(217, 170, 94, '2026-02-28 05:30:00', '2026-02-28 05:40:00'),
(218, 171, 43, '2026-03-01 14:30:00', '2026-03-01 14:40:00'),
(219, 171, 41, '2026-03-01 14:30:00', '2026-03-01 14:40:00'),
(220, 172, 99, '2026-02-27 13:00:00', '2026-02-27 13:10:00'),
(221, 173, 37, '2026-02-25 09:00:00', '2026-02-25 09:10:00'),
(222, 173, 36, '2026-02-25 09:00:00', '2026-02-25 09:10:00'),
(223, 174, 26, '2026-02-28 09:30:00', '2026-02-28 09:40:00'),
(224, 175, 42, '2026-03-13 09:30:00', '2026-03-13 09:40:00'),
(225, 176, 113, '2026-03-08 09:00:00', '2026-03-08 09:10:00'),
(226, 177, 63, '2026-03-02 07:00:00', '2026-03-02 07:10:00'),
(227, 178, 52, '2026-03-09 11:00:00', '2026-03-09 11:10:00'),
(228, 179, 23, '2026-03-02 09:00:00', '2026-03-02 09:10:00'),
(229, 179, 27, '2026-03-02 09:00:00', '2026-03-02 09:10:00'),
(230, 180, 51, '2026-03-16 11:00:00', '2026-03-16 11:10:00'),
(231, 180, 50, '2026-03-16 11:00:00', '2026-03-16 11:10:00'),
(232, 181, 100, '2026-03-22 09:30:00', '2026-03-22 09:40:00'),
(233, 182, 28, '2026-03-12 05:30:00', '2026-03-12 05:40:00'),
(234, 183, 75, '2026-03-24 12:00:00', '2026-03-24 12:10:00'),
(235, 183, 73, '2026-03-24 12:00:00', '2026-03-24 12:10:00'),
(236, 184, 100, '2026-03-13 09:00:00', '2026-03-13 09:10:00'),
(237, 185, 54, '2026-03-24 11:00:00', '2026-03-24 11:10:00'),
(238, 185, 55, '2026-03-24 11:00:00', '2026-03-24 11:10:00'),
(239, 186, 30, '2026-03-13 10:30:00', '2026-03-13 10:40:00'),
(240, 187, 78, '2026-03-23 12:00:00', '2026-03-23 12:10:00'),
(241, 188, 4, '2026-03-26 07:00:00', '2026-03-26 07:10:00'),
(242, 189, 47, '2026-03-17 13:30:00', '2026-03-17 13:40:00'),
(243, 190, 62, '2026-03-17 08:30:00', '2026-03-17 08:40:00'),
(244, 190, 64, '2026-03-17 08:30:00', '2026-03-17 08:40:00'),
(245, 191, 64, '2026-03-20 08:00:00', '2026-03-20 08:10:00'),
(246, 192, 116, '2026-04-07 07:00:00', '2026-04-07 07:10:00'),
(247, 192, 117, '2026-04-07 07:00:00', '2026-04-07 07:10:00'),
(248, 193, 51, '2026-04-11 07:30:00', '2026-04-11 07:40:00'),
(249, 194, 26, '2026-04-10 07:00:00', '2026-04-10 07:10:00'),
(250, 195, 49, '2026-04-01 15:30:00', '2026-04-01 15:40:00'),
(251, 196, 7, '2026-03-30 11:00:00', '2026-03-30 11:10:00'),
(252, 197, 112, '2026-04-10 06:30:00', '2026-04-10 06:40:00'),
(253, 197, 114, '2026-04-10 06:30:00', '2026-04-10 06:40:00'),
(254, 198, 66, '2026-04-06 09:00:00', '2026-04-06 09:10:00'),
(255, 199, 101, '2026-04-11 13:00:00', '2026-04-11 13:10:00'),
(256, 200, 118, '2026-04-15 08:00:00', '2026-04-15 08:10:00'),
(257, 201, 111, '2026-04-23 09:30:00', '2026-04-23 09:40:00'),
(258, 201, 109, '2026-04-23 09:30:00', '2026-04-23 09:40:00'),
(259, 202, 104, '2026-04-22 06:30:00', '2026-04-22 06:40:00'),
(260, 203, 55, '2026-04-10 08:30:00', '2026-04-10 08:40:00'),
(261, 204, 100, '2026-04-03 13:00:00', '2026-04-03 13:10:00'),
(262, 205, 99, '2026-04-07 09:30:00', '2026-04-07 09:40:00'),
(263, 206, 77, '2026-04-11 11:00:00', '2026-04-11 11:10:00'),
(264, 207, 27, '2026-04-20 09:00:00', '2026-04-20 09:10:00'),
(265, 208, 103, '2026-04-25 11:30:00', '2026-04-25 11:40:00'),
(266, 209, 75, '2026-04-24 08:00:00', '2026-04-24 08:10:00'),
(267, 209, 73, '2026-04-24 08:00:00', '2026-04-24 08:10:00'),
(268, 210, 76, '2026-05-05 09:00:00', '2026-05-05 09:10:00'),
(269, 211, 17, '2026-01-14 10:00:00', '2026-01-14 10:10:00'),
(270, 212, 36, '2026-01-15 11:00:00', '2026-01-15 11:10:00'),
(271, 212, 37, '2026-01-15 11:00:00', '2026-01-15 11:10:00'),
(272, 213, 100, '2026-01-23 04:30:00', '2026-01-23 04:40:00'),
(273, 214, 13, '2026-01-09 08:30:00', '2026-01-09 08:40:00'),
(274, 214, 16, '2026-01-09 08:30:00', '2026-01-09 08:40:00'),
(275, 215, 93, '2026-01-12 06:30:00', '2026-01-12 06:40:00'),
(276, 215, 95, '2026-01-12 06:30:00', '2026-01-12 06:40:00'),
(277, 216, 55, '2026-01-31 13:30:00', '2026-01-31 13:40:00'),
(278, 216, 56, '2026-01-31 13:30:00', '2026-01-31 13:40:00'),
(279, 217, 80, '2026-01-27 11:00:00', '2026-01-27 11:10:00'),
(280, 217, 79, '2026-01-27 11:00:00', '2026-01-27 11:10:00'),
(281, 218, 87, '2026-01-14 07:00:00', '2026-01-14 07:10:00'),
(282, 219, 67, '2026-01-20 08:30:00', '2026-01-20 08:40:00'),
(283, 220, 45, '2026-01-18 11:00:00', '2026-01-18 11:10:00'),
(284, 221, 67, '2026-01-25 09:00:00', '2026-01-25 09:10:00'),
(285, 222, 13, '2026-02-11 09:00:00', '2026-02-11 09:10:00'),
(286, 222, 15, '2026-02-11 09:00:00', '2026-02-11 09:10:00'),
(287, 223, 97, '2026-01-22 08:30:00', '2026-01-22 08:40:00'),
(288, 223, 99, '2026-01-22 08:30:00', '2026-01-22 08:40:00'),
(289, 224, 56, '2026-01-23 05:30:00', '2026-01-23 05:40:00'),
(290, 225, 45, '2026-02-02 09:00:00', '2026-02-02 09:10:00'),
(291, 226, 103, '2026-02-12 13:00:00', '2026-02-12 13:10:00'),
(292, 227, 25, '2026-01-28 15:30:00', '2026-01-28 15:40:00'),
(293, 227, 23, '2026-01-28 15:30:00', '2026-01-28 15:40:00'),
(294, 228, 76, '2026-02-06 06:00:00', '2026-02-06 06:10:00'),
(295, 229, 92, '2026-02-15 16:00:00', '2026-02-15 16:10:00'),
(296, 230, 95, '2026-02-14 12:30:00', '2026-02-14 12:40:00'),
(297, 231, 86, '2026-02-15 08:30:00', '2026-02-15 08:40:00'),
(298, 231, 88, '2026-02-15 08:30:00', '2026-02-15 08:40:00'),
(299, 232, 122, '2026-02-25 13:30:00', '2026-02-25 13:40:00'),
(300, 233, 124, '2026-02-06 08:00:00', '2026-02-06 08:10:00'),
(301, 234, 5, '2026-02-12 07:00:00', '2026-02-12 07:10:00'),
(302, 235, 87, '2026-02-14 04:00:00', '2026-02-14 04:10:00'),
(303, 236, 9, '2026-02-19 12:00:00', '2026-02-19 12:10:00'),
(304, 237, 43, '2026-02-14 05:00:00', '2026-02-14 05:10:00'),
(305, 238, 97, '2026-02-18 15:30:00', '2026-02-18 15:40:00'),
(306, 239, 68, '2026-02-27 09:30:00', '2026-02-27 09:40:00'),
(307, 239, 67, '2026-02-27 09:30:00', '2026-02-27 09:40:00'),
(308, 240, 5, '2026-02-19 11:30:00', '2026-02-19 11:40:00'),
(309, 241, 109, '2026-03-12 08:00:00', '2026-03-12 08:10:00'),
(310, 242, 52, '2026-02-18 07:00:00', '2026-02-18 07:10:00'),
(311, 243, 82, '2026-03-04 09:30:00', '2026-03-04 09:40:00'),
(312, 244, 26, '2026-02-21 08:30:00', '2026-02-21 08:40:00'),
(313, 245, 91, '2026-03-01 09:00:00', '2026-03-01 09:10:00'),
(314, 246, 102, '2026-03-06 11:00:00', '2026-03-06 11:10:00'),
(315, 246, 100, '2026-03-06 11:00:00', '2026-03-06 11:10:00'),
(316, 247, 21, '2026-03-01 06:00:00', '2026-03-01 06:10:00'),
(317, 248, 39, '2026-02-25 06:00:00', '2026-02-25 06:10:00'),
(318, 249, 90, '2026-03-07 13:00:00', '2026-03-07 13:10:00'),
(319, 250, 7, '2026-03-12 07:00:00', '2026-03-12 07:10:00'),
(320, 251, 31, '2026-03-16 12:30:00', '2026-03-16 12:40:00'),
(321, 252, 108, '2026-03-17 11:00:00', '2026-03-17 11:10:00'),
(322, 253, 68, '2026-03-11 08:30:00', '2026-03-11 08:40:00'),
(323, 254, 107, '2026-03-17 10:30:00', '2026-03-17 10:40:00'),
(324, 255, 64, '2026-03-16 07:30:00', '2026-03-16 07:40:00'),
(325, 255, 61, '2026-03-16 07:30:00', '2026-03-16 07:40:00'),
(326, 256, 73, '2026-03-20 08:00:00', '2026-03-20 08:10:00'),
(327, 256, 76, '2026-03-20 08:00:00', '2026-03-20 08:10:00'),
(328, 257, 81, '2026-03-24 08:00:00', '2026-03-24 08:10:00'),
(329, 258, 98, '2026-03-19 10:30:00', '2026-03-19 10:40:00'),
(330, 259, 58, '2026-03-18 09:30:00', '2026-03-18 09:40:00'),
(331, 260, 105, '2026-03-16 09:30:00', '2026-03-16 09:40:00'),
(332, 261, 119, '2026-03-16 06:00:00', '2026-03-16 06:10:00'),
(333, 262, 116, '2026-04-03 07:00:00', '2026-04-03 07:10:00'),
(334, 262, 117, '2026-04-03 07:00:00', '2026-04-03 07:10:00'),
(335, 263, 12, '2026-03-22 08:00:00', '2026-03-22 08:10:00'),
(336, 264, 25, '2026-04-11 09:30:00', '2026-04-11 09:40:00'),
(337, 265, 9, '2026-03-25 08:30:00', '2026-03-25 08:40:00'),
(338, 266, 81, '2026-04-06 07:00:00', '2026-04-06 07:10:00'),
(339, 266, 82, '2026-04-06 07:00:00', '2026-04-06 07:10:00'),
(340, 267, 16, '2026-03-26 08:00:00', '2026-03-26 08:10:00'),
(341, 268, 76, '2026-04-17 11:00:00', '2026-04-17 11:10:00'),
(342, 269, 97, '2026-04-03 09:00:00', '2026-04-03 09:10:00'),
(343, 270, 83, '2026-03-28 14:30:00', '2026-03-28 14:40:00'),
(344, 271, 5, '2026-03-29 15:00:00', '2026-03-29 15:10:00'),
(345, 272, 62, '2026-03-30 12:30:00', '2026-03-30 12:40:00'),
(346, 273, 45, '2026-04-09 08:30:00', '2026-04-09 08:40:00'),
(347, 274, 94, '2026-04-07 14:00:00', '2026-04-07 14:10:00'),
(348, 275, 113, '2026-04-04 15:30:00', '2026-04-04 15:40:00'),
(349, 276, 91, '2026-04-05 10:00:00', '2026-04-05 10:10:00'),
(350, 277, 100, '2026-04-13 06:00:00', '2026-04-13 06:10:00'),
(351, 278, 41, '2026-04-15 13:00:00', '2026-04-15 13:10:00'),
(352, 278, 40, '2026-04-15 13:00:00', '2026-04-15 13:10:00'),
(353, 279, 97, '2026-04-20 08:30:00', '2026-04-20 08:40:00'),
(354, 279, 98, '2026-04-20 08:30:00', '2026-04-20 08:40:00'),
(355, 280, 112, '2026-05-01 16:00:00', '2026-05-01 16:10:00'),
(356, 281, 122, '2026-01-04 13:00:00', '2026-01-04 13:10:00'),
(357, 282, 121, '2026-01-06 14:00:00', '2026-01-06 14:10:00'),
(358, 283, 93, '2026-01-19 04:30:00', '2026-01-19 04:40:00'),
(359, 284, 123, '2026-01-18 09:00:00', '2026-01-18 09:10:00'),
(360, 285, 83, '2026-01-29 09:00:00', '2026-01-29 09:10:00'),
(361, 286, 93, '2026-01-28 10:00:00', '2026-01-28 10:10:00'),
(362, 287, 78, '2026-02-02 11:00:00', '2026-02-02 11:10:00'),
(363, 288, 45, '2026-02-03 15:00:00', '2026-02-03 15:10:00'),
(364, 288, 48, '2026-02-03 15:00:00', '2026-02-03 15:10:00'),
(365, 289, 10, '2026-01-20 10:00:00', '2026-01-20 10:10:00'),
(366, 289, 8, '2026-01-20 10:00:00', '2026-01-20 10:10:00'),
(367, 290, 52, '2026-01-24 08:00:00', '2026-01-24 08:10:00'),
(368, 291, 67, '2026-02-05 14:00:00', '2026-02-05 14:10:00'),
(369, 292, 57, '2026-01-30 10:00:00', '2026-01-30 10:10:00'),
(370, 293, 21, '2026-02-05 13:00:00', '2026-02-05 13:10:00'),
(371, 294, 60, '2026-01-29 06:00:00', '2026-01-29 06:10:00'),
(372, 294, 57, '2026-01-29 06:00:00', '2026-01-29 06:10:00'),
(373, 295, 39, '2026-02-12 10:00:00', '2026-02-12 10:10:00'),
(374, 295, 38, '2026-02-12 10:00:00', '2026-02-12 10:10:00'),
(375, 296, 77, '2026-01-28 05:00:00', '2026-01-28 05:10:00'),
(376, 296, 79, '2026-01-28 05:00:00', '2026-01-28 05:10:00'),
(377, 297, 65, '2026-02-15 07:30:00', '2026-02-15 07:40:00'),
(378, 297, 67, '2026-02-15 07:30:00', '2026-02-15 07:40:00'),
(379, 298, 94, '2026-01-31 15:30:00', '2026-01-31 15:40:00'),
(380, 299, 119, '2026-02-18 07:00:00', '2026-02-18 07:10:00'),
(381, 300, 84, '2026-02-15 09:00:00', '2026-02-15 09:10:00');

-- pregled: 185 redaka
INSERT INTO pregled (id, id_termin_pacijenta, id_pacijent, id_zaposlenik, status_pregleda, vrijeme_odrzavanja_pregleda, anamneza, zakljucak, vrijeme_kreiranja, vrijeme_azuriranja) VALUES
(1, 1, 32, 7, 'ZAVRSEN', '2026-02-03 08:10:00', 'Pacijent navodi tegobe nekoliko dana.', 'Preporucena daljnja obrada i kontrola.', '2026-02-03 08:10:00', '2026-02-03 09:10:00'),
(2, 2, 150, 23, 'OTVOREN', '2026-02-04 12:05:00', 'Preventivni pregled bez akutnih tegoba.', 'Preporucena daljnja obrada i kontrola.', '2026-02-04 12:05:00', '2026-02-04 13:05:00'),
(3, 5, 166, 3, 'ZAVRSEN', '2026-02-09 12:35:00', 'Dolazi radi kontrole prethodnih nalaza.', 'Preporuceno pracenje i kontrolni pregled.', '2026-02-09 12:35:00', '2026-02-09 13:35:00'),
(4, 6, 108, 25, 'ZAVRSEN', '2026-02-10 11:10:00', 'Tegobe su prisutne dulje vrijeme.', 'Preporuceno pracenje i kontrolni pregled.', '2026-02-10 11:10:00', '2026-02-10 12:10:00'),
(5, 7, 123, 52, 'ZAVRSEN', '2026-02-11 15:35:00', 'Tegobe su prisutne dulje vrijeme.', 'Nalaz uredan, kontrola po potrebi.', '2026-02-11 15:35:00', '2026-02-11 16:35:00'),
(6, 8, 82, 11, 'ZAVRSEN', '2026-02-12 11:35:00', 'Preventivni pregled bez akutnih tegoba.', 'Nalaz uredan, kontrola po potrebi.', '2026-02-12 11:35:00', '2026-02-12 12:35:00'),
(7, 9, 41, 23, 'ZAVRSEN', '2026-02-13 09:45:00', 'Pacijent navodi tegobe nekoliko dana.', 'Nalaz uredan, kontrola po potrebi.', '2026-02-13 09:45:00', '2026-02-13 10:45:00'),
(8, 10, 91, 38, 'ZAVRSEN', '2026-02-16 10:35:00', 'Tegobe su prisutne dulje vrijeme.', 'Preporuceno pracenje i kontrolni pregled.', '2026-02-16 10:35:00', '2026-02-16 11:35:00'),
(9, 12, 15, 3, 'OTVOREN', '2026-02-18 11:40:00', 'Tegobe su prisutne dulje vrijeme.', 'Preporuceno pracenje i kontrolni pregled.', '2026-02-18 11:40:00', '2026-02-18 12:40:00'),
(10, 14, 19, 56, 'ZAVRSEN', '2026-02-20 13:40:00', 'Pacijent navodi tegobe nekoliko dana.', 'Preporuceno pracenje i kontrolni pregled.', '2026-02-20 13:40:00', '2026-02-20 14:40:00'),
(11, 15, 41, 21, 'OTVOREN', '2026-02-23 14:45:00', 'Preventivni pregled bez akutnih tegoba.', 'Preporucena daljnja obrada i kontrola.', '2026-02-23 14:45:00', '2026-02-23 15:45:00'),
(12, 16, 97, 43, 'ZAVRSEN', '2026-02-24 12:35:00', 'Tegobe su prisutne dulje vrijeme.', 'Preporucena daljnja obrada i kontrola.', '2026-02-24 12:35:00', '2026-02-24 13:35:00'),
(13, 17, 198, 2, 'ZAVRSEN', '2026-02-25 08:45:00', 'Pacijent navodi tegobe nekoliko dana.', 'Preporucena daljnja obrada i kontrola.', '2026-02-25 08:45:00', '2026-02-25 09:45:00'),
(14, 18, 37, 60, 'ZAVRSEN', '2026-02-26 13:15:00', 'Pacijent navodi tegobe nekoliko dana.', 'Uvedena terapija prema nalazu.', '2026-02-26 13:15:00', '2026-02-26 14:15:00'),
(15, 20, 66, 6, 'ZAVRSEN', '2026-03-02 09:45:00', 'Pacijent navodi tegobe nekoliko dana.', 'Preporuceno pracenje i kontrolni pregled.', '2026-03-02 09:45:00', '2026-03-02 10:45:00'),
(16, 21, 127, 58, 'ZAVRSEN', '2026-03-03 14:10:00', 'Tegobe su prisutne dulje vrijeme.', 'Uvedena terapija prema nalazu.', '2026-03-03 14:10:00', '2026-03-03 15:10:00'),
(17, 23, 19, 17, 'ZAVRSEN', '2026-03-05 13:15:00', 'Preventivni pregled bez akutnih tegoba.', 'Uvedena terapija prema nalazu.', '2026-03-05 13:15:00', '2026-03-05 14:15:00'),
(18, 24, 181, 22, 'ZAVRSEN', '2026-03-06 08:15:00', 'Pacijent navodi tegobe nekoliko dana.', 'Uvedena terapija prema nalazu.', '2026-03-06 08:15:00', '2026-03-06 09:15:00'),
(19, 26, 13, 15, 'ZAVRSEN', '2026-03-10 14:05:00', 'Pacijent navodi tegobe nekoliko dana.', 'Uvedena terapija prema nalazu.', '2026-03-10 14:05:00', '2026-03-10 15:05:00'),
(20, 27, 23, 2, 'ZAVRSEN', '2026-03-11 12:40:00', 'Preventivni pregled bez akutnih tegoba.', 'Uvedena terapija prema nalazu.', '2026-03-11 12:40:00', '2026-03-11 13:40:00'),
(21, 28, 164, 13, 'ZAVRSEN', '2026-03-12 12:35:00', 'Tegobe su prisutne dulje vrijeme.', 'Uvedena terapija prema nalazu.', '2026-03-12 12:35:00', '2026-03-12 13:35:00'),
(22, 29, 24, 32, 'ZAVRSEN', '2026-03-13 14:10:00', 'Dolazi radi kontrole prethodnih nalaza.', 'Preporucena daljnja obrada i kontrola.', '2026-03-13 14:10:00', '2026-03-13 15:10:00'),
(23, 30, 113, 4, 'OTVOREN', '2026-03-16 15:15:00', 'Dolazi radi kontrole prethodnih nalaza.', 'Preporuceno pracenje i kontrolni pregled.', '2026-03-16 15:15:00', '2026-03-16 16:15:00'),
(24, 31, 22, 43, 'ZAVRSEN', '2026-03-17 13:40:00', 'Dolazi radi kontrole prethodnih nalaza.', 'Nalaz uredan, kontrola po potrebi.', '2026-03-17 13:40:00', '2026-03-17 14:40:00'),
(25, 33, 129, 57, 'OTVOREN', '2026-03-19 16:10:00', 'Pacijent navodi tegobe nekoliko dana.', 'Preporucena daljnja obrada i kontrola.', '2026-03-19 16:10:00', '2026-03-19 17:10:00'),
(26, 35, 153, 53, 'ZAVRSEN', '2026-03-23 12:10:00', 'Tegobe su prisutne dulje vrijeme.', 'Nalaz uredan, kontrola po potrebi.', '2026-03-23 12:10:00', '2026-03-23 13:10:00'),
(27, 36, 71, 26, 'ZAVRSEN', '2026-03-24 16:05:00', 'Tegobe su prisutne dulje vrijeme.', 'Preporucena daljnja obrada i kontrola.', '2026-03-24 16:05:00', '2026-03-24 17:05:00'),
(28, 39, 13, 45, 'ZAVRSEN', '2026-03-27 15:45:00', 'Pacijent navodi tegobe nekoliko dana.', 'Preporucena daljnja obrada i kontrola.', '2026-03-27 15:45:00', '2026-03-27 16:45:00'),
(29, 40, 179, 18, 'ZAVRSEN', '2026-03-30 09:45:00', 'Preventivni pregled bez akutnih tegoba.', 'Uvedena terapija prema nalazu.', '2026-03-30 09:45:00', '2026-03-30 10:45:00'),
(30, 41, 49, 27, 'ZAVRSEN', '2026-03-31 15:15:00', 'Tegobe su prisutne dulje vrijeme.', 'Preporuceno pracenje i kontrolni pregled.', '2026-03-31 15:15:00', '2026-03-31 16:15:00'),
(31, 43, 15, 57, 'ZAVRSEN', '2026-04-02 11:40:00', 'Dolazi radi kontrole prethodnih nalaza.', 'Uvedena terapija prema nalazu.', '2026-04-02 11:40:00', '2026-04-02 12:40:00'),
(32, 47, 69, 15, 'ZAVRSEN', '2026-04-08 14:35:00', 'Pacijent navodi tegobe nekoliko dana.', 'Preporucena daljnja obrada i kontrola.', '2026-04-08 14:35:00', '2026-04-08 15:35:00'),
(33, 49, 118, 56, 'ZAVRSEN', '2026-04-10 12:10:00', 'Dolazi radi kontrole prethodnih nalaza.', 'Uvedena terapija prema nalazu.', '2026-04-10 12:10:00', '2026-04-10 13:10:00'),
(34, 50, 144, 34, 'ZAVRSEN', '2026-04-13 12:45:00', 'Pacijent navodi tegobe nekoliko dana.', 'Preporucena daljnja obrada i kontrola.', '2026-04-13 12:45:00', '2026-04-13 13:45:00'),
(35, 52, 15, 49, 'ZAVRSEN', '2026-04-15 14:05:00', 'Pacijent navodi tegobe nekoliko dana.', 'Nalaz uredan, kontrola po potrebi.', '2026-04-15 14:05:00', '2026-04-15 15:05:00'),
(36, 53, 104, 18, 'ZAVRSEN', '2026-04-16 14:05:00', 'Preventivni pregled bez akutnih tegoba.', 'Uvedena terapija prema nalazu.', '2026-04-16 14:05:00', '2026-04-16 15:05:00'),
(37, 54, 176, 45, 'ZAVRSEN', '2026-04-17 15:40:00', 'Preventivni pregled bez akutnih tegoba.', 'Preporuceno pracenje i kontrolni pregled.', '2026-04-17 15:40:00', '2026-04-17 16:40:00'),
(38, 56, 57, 41, 'ZAVRSEN', '2026-04-21 13:35:00', 'Preventivni pregled bez akutnih tegoba.', 'Preporucena daljnja obrada i kontrola.', '2026-04-21 13:35:00', '2026-04-21 14:35:00'),
(39, 57, 119, 38, 'ZAVRSEN', '2026-04-22 09:40:00', 'Dolazi radi kontrole prethodnih nalaza.', 'Preporuceno pracenje i kontrolni pregled.', '2026-04-22 09:40:00', '2026-04-22 10:40:00'),
(40, 58, 175, 33, 'OTVOREN', '2026-04-23 14:10:00', 'Dolazi radi kontrole prethodnih nalaza.', 'Preporuceno pracenje i kontrolni pregled.', '2026-04-23 14:10:00', '2026-04-23 15:10:00'),
(41, 59, 105, 14, 'ZAVRSEN', '2026-04-24 15:10:00', 'Dolazi radi kontrole prethodnih nalaza.', 'Preporucena daljnja obrada i kontrola.', '2026-04-24 15:10:00', '2026-04-24 16:10:00'),
(42, 61, 126, 49, 'ZAVRSEN', '2026-04-28 09:05:00', 'Pacijent navodi tegobe nekoliko dana.', 'Uvedena terapija prema nalazu.', '2026-04-28 09:05:00', '2026-04-28 10:05:00'),
(43, 63, 58, 1, 'ZAVRSEN', '2026-04-30 13:45:00', 'Pacijent navodi tegobe nekoliko dana.', 'Preporucena daljnja obrada i kontrola.', '2026-04-30 13:45:00', '2026-04-30 14:45:00'),
(44, 64, 77, 5, 'ZAVRSEN', '2026-05-01 12:40:00', 'Tegobe su prisutne dulje vrijeme.', 'Preporucena daljnja obrada i kontrola.', '2026-05-01 12:40:00', '2026-05-01 13:40:00'),
(45, 65, 126, 10, 'ZAVRSEN', '2026-05-04 13:40:00', 'Pacijent navodi tegobe nekoliko dana.', 'Nalaz uredan, kontrola po potrebi.', '2026-05-04 13:40:00', '2026-05-04 14:40:00'),
(46, 66, 55, 47, 'ZAVRSEN', '2026-05-05 08:10:00', 'Pacijent navodi tegobe nekoliko dana.', 'Uvedena terapija prema nalazu.', '2026-05-05 08:10:00', '2026-05-05 09:10:00'),
(47, 68, 13, 53, 'ZAVRSEN', '2026-05-07 09:45:00', 'Pacijent navodi tegobe nekoliko dana.', 'Uvedena terapija prema nalazu.', '2026-05-07 09:45:00', '2026-05-07 10:45:00'),
(48, 71, 92, 53, 'ZAVRSEN', '2026-02-03 14:40:00', 'Dolazi radi kontrole prethodnih nalaza.', 'Nalaz uredan, kontrola po potrebi.', '2026-02-03 14:40:00', '2026-02-03 15:40:00'),
(49, 72, 4, 15, 'ZAVRSEN', '2026-02-04 09:10:00', 'Tegobe su prisutne dulje vrijeme.', 'Preporucena daljnja obrada i kontrola.', '2026-02-04 09:10:00', '2026-02-04 10:10:00'),
(50, 73, 66, 5, 'ZAVRSEN', '2026-02-05 11:40:00', 'Dolazi radi kontrole prethodnih nalaza.', 'Nalaz uredan, kontrola po potrebi.', '2026-02-05 11:40:00', '2026-02-05 12:40:00'),
(51, 74, 75, 55, 'ZAVRSEN', '2026-02-06 13:45:00', 'Dolazi radi kontrole prethodnih nalaza.', 'Preporuceno pracenje i kontrolni pregled.', '2026-02-06 13:45:00', '2026-02-06 14:45:00'),
(52, 75, 170, 1, 'ZAVRSEN', '2026-02-09 10:45:00', 'Preventivni pregled bez akutnih tegoba.', 'Preporuceno pracenje i kontrolni pregled.', '2026-02-09 10:45:00', '2026-02-09 11:45:00'),
(53, 76, 47, 54, 'ZAVRSEN', '2026-02-10 09:40:00', 'Pacijent navodi tegobe nekoliko dana.', 'Uvedena terapija prema nalazu.', '2026-02-10 09:40:00', '2026-02-10 10:40:00'),
(54, 78, 146, 60, 'ZAVRSEN', '2026-02-12 15:15:00', 'Tegobe su prisutne dulje vrijeme.', 'Nalaz uredan, kontrola po potrebi.', '2026-02-12 15:15:00', '2026-02-12 16:15:00'),
(55, 79, 124, 57, 'OTVOREN', '2026-02-13 15:35:00', 'Dolazi radi kontrole prethodnih nalaza.', 'Preporuceno pracenje i kontrolni pregled.', '2026-02-13 15:35:00', '2026-02-13 16:35:00'),
(56, 81, 111, 33, 'ZAVRSEN', '2026-02-17 11:35:00', 'Dolazi radi kontrole prethodnih nalaza.', 'Preporucena daljnja obrada i kontrola.', '2026-02-17 11:35:00', '2026-02-17 12:35:00'),
(57, 82, 130, 41, 'ZAVRSEN', '2026-02-18 15:35:00', 'Tegobe su prisutne dulje vrijeme.', 'Nalaz uredan, kontrola po potrebi.', '2026-02-18 15:35:00', '2026-02-18 16:35:00'),
(58, 83, 130, 17, 'ZAVRSEN', '2026-02-19 11:40:00', 'Dolazi radi kontrole prethodnih nalaza.', 'Preporucena daljnja obrada i kontrola.', '2026-02-19 11:40:00', '2026-02-19 12:40:00'),
(59, 85, 143, 27, 'ZAVRSEN', '2026-02-23 08:10:00', 'Preventivni pregled bez akutnih tegoba.', 'Preporucena daljnja obrada i kontrola.', '2026-02-23 08:10:00', '2026-02-23 09:10:00'),
(60, 87, 184, 44, 'ZAVRSEN', '2026-02-25 15:05:00', 'Dolazi radi kontrole prethodnih nalaza.', 'Uvedena terapija prema nalazu.', '2026-02-25 15:05:00', '2026-02-25 16:05:00'),
(61, 88, 141, 54, 'ZAVRSEN', '2026-02-26 16:05:00', 'Tegobe su prisutne dulje vrijeme.', 'Nalaz uredan, kontrola po potrebi.', '2026-02-26 16:05:00', '2026-02-26 17:05:00'),
(62, 89, 28, 10, 'ZAVRSEN', '2026-02-27 12:15:00', 'Pacijent navodi tegobe nekoliko dana.', 'Nalaz uredan, kontrola po potrebi.', '2026-02-27 12:15:00', '2026-02-27 13:15:00'),
(63, 94, 180, 46, 'ZAVRSEN', '2026-03-06 13:05:00', 'Tegobe su prisutne dulje vrijeme.', 'Preporucena daljnja obrada i kontrola.', '2026-03-06 13:05:00', '2026-03-06 14:05:00'),
(64, 95, 176, 40, 'ZAVRSEN', '2026-03-09 13:35:00', 'Preventivni pregled bez akutnih tegoba.', 'Preporuceno pracenje i kontrolni pregled.', '2026-03-09 13:35:00', '2026-03-09 14:35:00'),
(65, 96, 150, 36, 'ZAVRSEN', '2026-03-10 14:35:00', 'Preventivni pregled bez akutnih tegoba.', 'Preporuceno pracenje i kontrolni pregled.', '2026-03-10 14:35:00', '2026-03-10 15:35:00'),
(66, 99, 27, 54, 'ZAVRSEN', '2026-03-13 11:45:00', 'Pacijent navodi tegobe nekoliko dana.', 'Nalaz uredan, kontrola po potrebi.', '2026-03-13 11:45:00', '2026-03-13 12:45:00'),
(67, 101, 159, 17, 'ZAVRSEN', '2026-03-17 15:10:00', 'Preventivni pregled bez akutnih tegoba.', 'Preporuceno pracenje i kontrolni pregled.', '2026-03-17 15:10:00', '2026-03-17 16:10:00'),
(68, 104, 11, 29, 'ZAVRSEN', '2026-03-20 10:15:00', 'Pacijent navodi tegobe nekoliko dana.', 'Uvedena terapija prema nalazu.', '2026-03-20 10:15:00', '2026-03-20 11:15:00'),
(69, 109, 133, 19, 'ZAVRSEN', '2026-03-27 13:45:00', 'Dolazi radi kontrole prethodnih nalaza.', 'Uvedena terapija prema nalazu.', '2026-03-27 13:45:00', '2026-03-27 14:45:00'),
(70, 110, 83, 57, 'ZAVRSEN', '2026-03-30 16:15:00', 'Tegobe su prisutne dulje vrijeme.', 'Preporuceno pracenje i kontrolni pregled.', '2026-03-30 16:15:00', '2026-03-30 17:15:00'),
(71, 111, 176, 13, 'ZAVRSEN', '2026-03-31 14:35:00', 'Pacijent navodi tegobe nekoliko dana.', 'Uvedena terapija prema nalazu.', '2026-03-31 14:35:00', '2026-03-31 15:35:00'),
(72, 112, 118, 9, 'ZAVRSEN', '2026-04-01 13:15:00', 'Tegobe su prisutne dulje vrijeme.', 'Preporucena daljnja obrada i kontrola.', '2026-04-01 13:15:00', '2026-04-01 14:15:00'),
(73, 114, 173, 2, 'ZAVRSEN', '2026-04-03 09:35:00', 'Dolazi radi kontrole prethodnih nalaza.', 'Preporucena daljnja obrada i kontrola.', '2026-04-03 09:35:00', '2026-04-03 10:35:00'),
(74, 115, 92, 45, 'ZAVRSEN', '2026-04-06 16:15:00', 'Tegobe su prisutne dulje vrijeme.', 'Uvedena terapija prema nalazu.', '2026-04-06 16:15:00', '2026-04-06 17:15:00'),
(75, 116, 170, 26, 'ZAVRSEN', '2026-04-07 08:15:00', 'Preventivni pregled bez akutnih tegoba.', 'Nalaz uredan, kontrola po potrebi.', '2026-04-07 08:15:00', '2026-04-07 09:15:00'),
(76, 117, 163, 26, 'OTVOREN', '2026-04-08 10:05:00', 'Tegobe su prisutne dulje vrijeme.', 'Nalaz uredan, kontrola po potrebi.', '2026-04-08 10:05:00', '2026-04-08 11:05:00'),
(77, 118, 147, 3, 'ZAVRSEN', '2026-04-09 14:10:00', 'Tegobe su prisutne dulje vrijeme.', 'Preporucena daljnja obrada i kontrola.', '2026-04-09 14:10:00', '2026-04-09 15:10:00'),
(78, 119, 55, 48, 'ZAVRSEN', '2026-04-10 14:45:00', 'Tegobe su prisutne dulje vrijeme.', 'Nalaz uredan, kontrola po potrebi.', '2026-04-10 14:45:00', '2026-04-10 15:45:00'),
(79, 120, 50, 40, 'ZAVRSEN', '2026-04-13 09:45:00', 'Dolazi radi kontrole prethodnih nalaza.', 'Uvedena terapija prema nalazu.', '2026-04-13 09:45:00', '2026-04-13 10:45:00'),
(80, 121, 75, 35, 'ZAVRSEN', '2026-04-14 09:05:00', 'Pacijent navodi tegobe nekoliko dana.', 'Preporucena daljnja obrada i kontrola.', '2026-04-14 09:05:00', '2026-04-14 10:05:00'),
(81, 123, 178, 44, 'ZAVRSEN', '2026-04-16 10:10:00', 'Tegobe su prisutne dulje vrijeme.', 'Nalaz uredan, kontrola po potrebi.', '2026-04-16 10:10:00', '2026-04-16 11:10:00'),
(82, 124, 64, 2, 'ZAVRSEN', '2026-04-17 11:45:00', 'Dolazi radi kontrole prethodnih nalaza.', 'Nalaz uredan, kontrola po potrebi.', '2026-04-17 11:45:00', '2026-04-17 12:45:00'),
(83, 128, 94, 31, 'ZAVRSEN', '2026-04-23 14:15:00', 'Tegobe su prisutne dulje vrijeme.', 'Nalaz uredan, kontrola po potrebi.', '2026-04-23 14:15:00', '2026-04-23 15:15:00'),
(84, 131, 60, 50, 'OTVOREN', '2026-04-28 09:05:00', 'Tegobe su prisutne dulje vrijeme.', 'Nalaz uredan, kontrola po potrebi.', '2026-04-28 09:05:00', '2026-04-28 10:05:00'),
(85, 135, 155, 52, 'ZAVRSEN', '2026-05-04 08:05:00', 'Dolazi radi kontrole prethodnih nalaza.', 'Preporucena daljnja obrada i kontrola.', '2026-05-04 08:05:00', '2026-05-04 09:05:00'),
(86, 136, 55, 34, 'ZAVRSEN', '2026-05-05 10:10:00', 'Pacijent navodi tegobe nekoliko dana.', 'Preporuceno pracenje i kontrolni pregled.', '2026-05-05 10:10:00', '2026-05-05 11:10:00'),
(87, 137, 185, 52, 'ZAVRSEN', '2026-05-06 09:35:00', 'Tegobe su prisutne dulje vrijeme.', 'Preporuceno pracenje i kontrolni pregled.', '2026-05-06 09:35:00', '2026-05-06 10:35:00'),
(88, 138, 6, 54, 'ZAVRSEN', '2026-05-07 11:45:00', 'Tegobe su prisutne dulje vrijeme.', 'Nalaz uredan, kontrola po potrebi.', '2026-05-07 11:45:00', '2026-05-07 12:45:00'),
(89, 141, 150, 39, 'ZAVRSEN', '2026-02-03 10:45:00', 'Pacijent navodi tegobe nekoliko dana.', 'Preporucena daljnja obrada i kontrola.', '2026-02-03 10:45:00', '2026-02-03 11:45:00'),
(90, 142, 117, 44, 'ZAVRSEN', '2026-02-04 09:10:00', 'Pacijent navodi tegobe nekoliko dana.', 'Preporuceno pracenje i kontrolni pregled.', '2026-02-04 09:10:00', '2026-02-04 10:10:00'),
(91, 143, 39, 14, 'OTVOREN', '2026-02-05 09:40:00', 'Dolazi radi kontrole prethodnih nalaza.', 'Uvedena terapija prema nalazu.', '2026-02-05 09:40:00', '2026-02-05 10:40:00'),
(92, 144, 155, 31, 'ZAVRSEN', '2026-02-06 08:05:00', 'Tegobe su prisutne dulje vrijeme.', 'Uvedena terapija prema nalazu.', '2026-02-06 08:05:00', '2026-02-06 09:05:00'),
(93, 150, 65, 36, 'ZAVRSEN', '2026-02-16 12:40:00', 'Dolazi radi kontrole prethodnih nalaza.', 'Preporucena daljnja obrada i kontrola.', '2026-02-16 12:40:00', '2026-02-16 13:40:00'),
(94, 151, 180, 16, 'ZAVRSEN', '2026-02-17 10:45:00', 'Preventivni pregled bez akutnih tegoba.', 'Preporucena daljnja obrada i kontrola.', '2026-02-17 10:45:00', '2026-02-17 11:45:00'),
(95, 152, 42, 45, 'ZAVRSEN', '2026-02-18 14:05:00', 'Preventivni pregled bez akutnih tegoba.', 'Uvedena terapija prema nalazu.', '2026-02-18 14:05:00', '2026-02-18 15:05:00'),
(96, 153, 17, 27, 'ZAVRSEN', '2026-02-19 12:15:00', 'Dolazi radi kontrole prethodnih nalaza.', 'Nalaz uredan, kontrola po potrebi.', '2026-02-19 12:15:00', '2026-02-19 13:15:00'),
(97, 154, 183, 40, 'OTVOREN', '2026-02-20 08:35:00', 'Tegobe su prisutne dulje vrijeme.', 'Nalaz uredan, kontrola po potrebi.', '2026-02-20 08:35:00', '2026-02-20 09:35:00'),
(98, 155, 50, 60, 'ZAVRSEN', '2026-02-23 08:45:00', 'Tegobe su prisutne dulje vrijeme.', 'Uvedena terapija prema nalazu.', '2026-02-23 08:45:00', '2026-02-23 09:45:00'),
(99, 156, 62, 4, 'ZAVRSEN', '2026-02-24 08:10:00', 'Tegobe su prisutne dulje vrijeme.', 'Preporuceno pracenje i kontrolni pregled.', '2026-02-24 08:10:00', '2026-02-24 09:10:00'),
(100, 157, 133, 37, 'ZAVRSEN', '2026-02-25 08:15:00', 'Preventivni pregled bez akutnih tegoba.', 'Preporuceno pracenje i kontrolni pregled.', '2026-02-25 08:15:00', '2026-02-25 09:15:00'),
(101, 158, 89, 54, 'ZAVRSEN', '2026-02-26 12:05:00', 'Dolazi radi kontrole prethodnih nalaza.', 'Preporuceno pracenje i kontrolni pregled.', '2026-02-26 12:05:00', '2026-02-26 13:05:00'),
(102, 159, 130, 12, 'ZAVRSEN', '2026-02-27 09:35:00', 'Pacijent navodi tegobe nekoliko dana.', 'Nalaz uredan, kontrola po potrebi.', '2026-02-27 09:35:00', '2026-02-27 10:35:00'),
(103, 160, 138, 52, 'ZAVRSEN', '2026-03-02 12:05:00', 'Tegobe su prisutne dulje vrijeme.', 'Nalaz uredan, kontrola po potrebi.', '2026-03-02 12:05:00', '2026-03-02 13:05:00'),
(104, 161, 151, 44, 'ZAVRSEN', '2026-03-03 08:10:00', 'Dolazi radi kontrole prethodnih nalaza.', 'Preporuceno pracenje i kontrolni pregled.', '2026-03-03 08:10:00', '2026-03-03 09:10:00'),
(105, 162, 174, 51, 'ZAVRSEN', '2026-03-04 11:45:00', 'Pacijent navodi tegobe nekoliko dana.', 'Uvedena terapija prema nalazu.', '2026-03-04 11:45:00', '2026-03-04 12:45:00'),
(106, 163, 24, 16, 'ZAVRSEN', '2026-03-05 14:05:00', 'Preventivni pregled bez akutnih tegoba.', 'Preporuceno pracenje i kontrolni pregled.', '2026-03-05 14:05:00', '2026-03-05 15:05:00'),
(107, 166, 174, 59, 'ZAVRSEN', '2026-03-10 15:40:00', 'Tegobe su prisutne dulje vrijeme.', 'Preporuceno pracenje i kontrolni pregled.', '2026-03-10 15:40:00', '2026-03-10 16:40:00'),
(108, 167, 127, 40, 'ZAVRSEN', '2026-03-11 12:10:00', 'Dolazi radi kontrole prethodnih nalaza.', 'Preporuceno pracenje i kontrolni pregled.', '2026-03-11 12:10:00', '2026-03-11 13:10:00'),
(109, 169, 118, 25, 'ZAVRSEN', '2026-03-13 09:35:00', 'Preventivni pregled bez akutnih tegoba.', 'Uvedena terapija prema nalazu.', '2026-03-13 09:35:00', '2026-03-13 10:35:00'),
(110, 172, 94, 46, 'ZAVRSEN', '2026-03-18 14:05:00', 'Preventivni pregled bez akutnih tegoba.', 'Nalaz uredan, kontrola po potrebi.', '2026-03-18 14:05:00', '2026-03-18 15:05:00'),
(111, 173, 185, 15, 'ZAVRSEN', '2026-03-19 12:05:00', 'Pacijent navodi tegobe nekoliko dana.', 'Preporucena daljnja obrada i kontrola.', '2026-03-19 12:05:00', '2026-03-19 13:05:00'),
(112, 174, 3, 10, 'ZAVRSEN', '2026-03-20 10:40:00', 'Preventivni pregled bez akutnih tegoba.', 'Nalaz uredan, kontrola po potrebi.', '2026-03-20 10:40:00', '2026-03-20 11:40:00'),
(113, 175, 102, 17, 'ZAVRSEN', '2026-03-23 09:40:00', 'Preventivni pregled bez akutnih tegoba.', 'Nalaz uredan, kontrola po potrebi.', '2026-03-23 09:40:00', '2026-03-23 10:40:00'),
(114, 177, 90, 27, 'OTVOREN', '2026-03-25 11:15:00', 'Preventivni pregled bez akutnih tegoba.', 'Preporucena daljnja obrada i kontrola.', '2026-03-25 11:15:00', '2026-03-25 12:15:00'),
(115, 180, 81, 21, 'ZAVRSEN', '2026-03-30 13:05:00', 'Tegobe su prisutne dulje vrijeme.', 'Uvedena terapija prema nalazu.', '2026-03-30 13:05:00', '2026-03-30 14:05:00'),
(116, 184, 114, 48, 'ZAVRSEN', '2026-04-03 10:15:00', 'Preventivni pregled bez akutnih tegoba.', 'Preporuceno pracenje i kontrolni pregled.', '2026-04-03 10:15:00', '2026-04-03 11:15:00'),
(117, 185, 122, 24, 'ZAVRSEN', '2026-04-06 15:15:00', 'Tegobe su prisutne dulje vrijeme.', 'Uvedena terapija prema nalazu.', '2026-04-06 15:15:00', '2026-04-06 16:15:00'),
(118, 186, 162, 12, 'ZAVRSEN', '2026-04-07 14:45:00', 'Pacijent navodi tegobe nekoliko dana.', 'Uvedena terapija prema nalazu.', '2026-04-07 14:45:00', '2026-04-07 15:45:00'),
(119, 191, 133, 27, 'ZAVRSEN', '2026-04-14 12:10:00', 'Preventivni pregled bez akutnih tegoba.', 'Preporucena daljnja obrada i kontrola.', '2026-04-14 12:10:00', '2026-04-14 13:10:00'),
(120, 192, 47, 55, 'ZAVRSEN', '2026-04-15 10:15:00', 'Dolazi radi kontrole prethodnih nalaza.', 'Nalaz uredan, kontrola po potrebi.', '2026-04-15 10:15:00', '2026-04-15 11:15:00'),
(121, 193, 39, 21, 'ZAVRSEN', '2026-04-16 08:45:00', 'Tegobe su prisutne dulje vrijeme.', 'Preporucena daljnja obrada i kontrola.', '2026-04-16 08:45:00', '2026-04-16 09:45:00'),
(122, 197, 4, 54, 'ZAVRSEN', '2026-04-22 09:40:00', 'Pacijent navodi tegobe nekoliko dana.', 'Uvedena terapija prema nalazu.', '2026-04-22 09:40:00', '2026-04-22 10:40:00'),
(123, 199, 191, 47, 'ZAVRSEN', '2026-04-24 16:10:00', 'Pacijent navodi tegobe nekoliko dana.', 'Uvedena terapija prema nalazu.', '2026-04-24 16:10:00', '2026-04-24 17:10:00'),
(124, 200, 171, 57, 'ZAVRSEN', '2026-04-27 11:15:00', 'Pacijent navodi tegobe nekoliko dana.', 'Nalaz uredan, kontrola po potrebi.', '2026-04-27 11:15:00', '2026-04-27 12:15:00'),
(125, 202, 64, 49, 'ZAVRSEN', '2026-04-29 10:35:00', 'Tegobe su prisutne dulje vrijeme.', 'Preporuceno pracenje i kontrolni pregled.', '2026-04-29 10:35:00', '2026-04-29 11:35:00'),
(126, 204, 6, 47, 'OTVOREN', '2026-05-01 14:05:00', 'Preventivni pregled bez akutnih tegoba.', 'Preporuceno pracenje i kontrolni pregled.', '2026-05-01 14:05:00', '2026-05-01 15:05:00'),
(127, 205, 144, 46, 'ZAVRSEN', '2026-05-04 12:40:00', 'Pacijent navodi tegobe nekoliko dana.', 'Preporucena daljnja obrada i kontrola.', '2026-05-04 12:40:00', '2026-05-04 13:40:00'),
(128, 206, 83, 36, 'ZAVRSEN', '2026-05-05 15:15:00', 'Tegobe su prisutne dulje vrijeme.', 'Nalaz uredan, kontrola po potrebi.', '2026-05-05 15:15:00', '2026-05-05 16:15:00'),
(129, 208, 5, 47, 'ZAVRSEN', '2026-05-07 13:40:00', 'Tegobe su prisutne dulje vrijeme.', 'Preporucena daljnja obrada i kontrola.', '2026-05-07 13:40:00', '2026-05-07 14:40:00'),
(130, 209, 197, 34, 'ZAVRSEN', '2026-05-08 10:15:00', 'Tegobe su prisutne dulje vrijeme.', 'Nalaz uredan, kontrola po potrebi.', '2026-05-08 10:15:00', '2026-05-08 11:15:00'),
(131, 210, 12, 33, 'ZAVRSEN', '2026-05-11 10:10:00', 'Tegobe su prisutne dulje vrijeme.', 'Preporucena daljnja obrada i kontrola.', '2026-05-11 10:10:00', '2026-05-11 11:10:00'),
(132, 212, 4, 15, 'ZAVRSEN', '2026-02-04 11:15:00', 'Dolazi radi kontrole prethodnih nalaza.', 'Preporucena daljnja obrada i kontrola.', '2026-02-04 11:15:00', '2026-02-04 12:15:00'),
(133, 214, 133, 5, 'ZAVRSEN', '2026-02-06 09:45:00', 'Preventivni pregled bez akutnih tegoba.', 'Preporuceno pracenje i kontrolni pregled.', '2026-02-06 09:45:00', '2026-02-06 10:45:00'),
(134, 215, 146, 43, 'OTVOREN', '2026-02-09 10:40:00', 'Pacijent navodi tegobe nekoliko dana.', 'Uvedena terapija prema nalazu.', '2026-02-09 10:40:00', '2026-02-09 11:40:00'),
(135, 216, 180, 24, 'ZAVRSEN', '2026-02-10 14:35:00', 'Pacijent navodi tegobe nekoliko dana.', 'Nalaz uredan, kontrola po potrebi.', '2026-02-10 14:35:00', '2026-02-10 15:35:00'),
(136, 218, 145, 39, 'ZAVRSEN', '2026-02-12 11:05:00', 'Pacijent navodi tegobe nekoliko dana.', 'Uvedena terapija prema nalazu.', '2026-02-12 11:05:00', '2026-02-12 12:05:00'),
(137, 223, 153, 45, 'ZAVRSEN', '2026-02-19 12:35:00', 'Preventivni pregled bez akutnih tegoba.', 'Uvedena terapija prema nalazu.', '2026-02-19 12:35:00', '2026-02-19 13:35:00'),
(138, 224, 107, 24, 'ZAVRSEN', '2026-02-20 09:35:00', 'Pacijent navodi tegobe nekoliko dana.', 'Nalaz uredan, kontrola po potrebi.', '2026-02-20 09:35:00', '2026-02-20 10:35:00'),
(139, 225, 82, 19, 'ZAVRSEN', '2026-02-23 10:10:00', 'Preventivni pregled bez akutnih tegoba.', 'Uvedena terapija prema nalazu.', '2026-02-23 10:10:00', '2026-02-23 11:10:00'),
(140, 226, 115, 48, 'ZAVRSEN', '2026-02-24 16:05:00', 'Dolazi radi kontrole prethodnih nalaza.', 'Uvedena terapija prema nalazu.', '2026-02-24 16:05:00', '2026-02-24 17:05:00'),
(141, 228, 199, 34, 'ZAVRSEN', '2026-02-26 10:05:00', 'Pacijent navodi tegobe nekoliko dana.', 'Nalaz uredan, kontrola po potrebi.', '2026-02-26 10:05:00', '2026-02-26 11:05:00'),
(142, 229, 144, 41, 'ZAVRSEN', '2026-02-27 16:15:00', 'Pacijent navodi tegobe nekoliko dana.', 'Preporuceno pracenje i kontrolni pregled.', '2026-02-27 16:15:00', '2026-02-27 17:15:00'),
(143, 230, 29, 43, 'ZAVRSEN', '2026-03-02 14:35:00', 'Pacijent navodi tegobe nekoliko dana.', 'Preporuceno pracenje i kontrolni pregled.', '2026-03-02 14:35:00', '2026-03-02 15:35:00'),
(144, 231, 198, 39, 'ZAVRSEN', '2026-03-03 12:35:00', 'Tegobe su prisutne dulje vrijeme.', 'Uvedena terapija prema nalazu.', '2026-03-03 12:35:00', '2026-03-03 13:35:00'),
(145, 234, 54, 2, 'ZAVRSEN', '2026-03-06 11:05:00', 'Dolazi radi kontrole prethodnih nalaza.', 'Nalaz uredan, kontrola po potrebi.', '2026-03-06 11:05:00', '2026-03-06 12:05:00'),
(146, 236, 52, 4, 'OTVOREN', '2026-03-10 12:05:00', 'Dolazi radi kontrole prethodnih nalaza.', 'Nalaz uredan, kontrola po potrebi.', '2026-03-10 12:05:00', '2026-03-10 13:05:00'),
(147, 237, 28, 18, 'ZAVRSEN', '2026-03-11 08:05:00', 'Pacijent navodi tegobe nekoliko dana.', 'Preporucena daljnja obrada i kontrola.', '2026-03-11 08:05:00', '2026-03-11 09:05:00'),
(148, 238, 81, 45, 'ZAVRSEN', '2026-03-12 15:35:00', 'Pacijent navodi tegobe nekoliko dana.', 'Preporucena daljnja obrada i kontrola.', '2026-03-12 15:35:00', '2026-03-12 16:35:00'),
(149, 240, 176, 2, 'ZAVRSEN', '2026-03-16 13:35:00', 'Pacijent navodi tegobe nekoliko dana.', 'Uvedena terapija prema nalazu.', '2026-03-16 13:35:00', '2026-03-16 14:35:00'),
(150, 244, 36, 9, 'ZAVRSEN', '2026-03-20 12:45:00', 'Dolazi radi kontrole prethodnih nalaza.', 'Nalaz uredan, kontrola po potrebi.', '2026-03-20 12:45:00', '2026-03-20 13:45:00'),
(151, 245, 82, 41, 'ZAVRSEN', '2026-03-23 09:05:00', 'Preventivni pregled bez akutnih tegoba.', 'Uvedena terapija prema nalazu.', '2026-03-23 09:05:00', '2026-03-23 10:05:00'),
(152, 246, 196, 47, 'ZAVRSEN', '2026-03-24 13:15:00', 'Dolazi radi kontrole prethodnih nalaza.', 'Preporucena daljnja obrada i kontrola.', '2026-03-24 13:15:00', '2026-03-24 14:15:00'),
(153, 247, 48, 7, 'ZAVRSEN', '2026-03-25 08:05:00', 'Dolazi radi kontrole prethodnih nalaza.', 'Uvedena terapija prema nalazu.', '2026-03-25 08:05:00', '2026-03-25 09:05:00'),
(154, 248, 92, 15, 'ZAVRSEN', '2026-03-26 09:05:00', 'Tegobe su prisutne dulje vrijeme.', 'Uvedena terapija prema nalazu.', '2026-03-26 09:05:00', '2026-03-26 10:05:00'),
(155, 250, 196, 4, 'ZAVRSEN', '2026-03-30 08:15:00', 'Pacijent navodi tegobe nekoliko dana.', 'Nalaz uredan, kontrola po potrebi.', '2026-03-30 08:15:00', '2026-03-30 09:15:00'),
(156, 252, 156, 49, 'ZAVRSEN', '2026-04-01 14:15:00', 'Dolazi radi kontrole prethodnih nalaza.', 'Preporuceno pracenje i kontrolni pregled.', '2026-04-01 14:15:00', '2026-04-01 15:15:00'),
(157, 254, 49, 49, 'ZAVRSEN', '2026-04-03 12:35:00', 'Dolazi radi kontrole prethodnih nalaza.', 'Preporuceno pracenje i kontrolni pregled.', '2026-04-03 12:35:00', '2026-04-03 13:35:00'),
(158, 255, 157, 28, 'ZAVRSEN', '2026-04-06 08:35:00', 'Pacijent navodi tegobe nekoliko dana.', 'Uvedena terapija prema nalazu.', '2026-04-06 08:35:00', '2026-04-06 09:35:00'),
(159, 256, 47, 33, 'ZAVRSEN', '2026-04-07 10:15:00', 'Preventivni pregled bez akutnih tegoba.', 'Preporuceno pracenje i kontrolni pregled.', '2026-04-07 10:15:00', '2026-04-07 11:15:00'),
(160, 257, 117, 37, 'ZAVRSEN', '2026-04-08 09:05:00', 'Pacijent navodi tegobe nekoliko dana.', 'Preporuceno pracenje i kontrolni pregled.', '2026-04-08 09:05:00', '2026-04-08 10:05:00'),
(161, 258, 163, 46, 'ZAVRSEN', '2026-04-09 13:45:00', 'Tegobe su prisutne dulje vrijeme.', 'Preporucena daljnja obrada i kontrola.', '2026-04-09 13:45:00', '2026-04-09 14:45:00'),
(162, 263, 63, 5, 'ZAVRSEN', '2026-04-16 12:15:00', 'Pacijent navodi tegobe nekoliko dana.', 'Preporucena daljnja obrada i kontrola.', '2026-04-16 12:15:00', '2026-04-16 13:15:00'),
(163, 266, 10, 38, 'ZAVRSEN', '2026-04-21 09:15:00', 'Pacijent navodi tegobe nekoliko dana.', 'Nalaz uredan, kontrola po potrebi.', '2026-04-21 09:15:00', '2026-04-21 10:15:00'),
(164, 267, 121, 6, 'ZAVRSEN', '2026-04-22 10:05:00', 'Tegobe su prisutne dulje vrijeme.', 'Preporucena daljnja obrada i kontrola.', '2026-04-22 10:05:00', '2026-04-22 11:05:00'),
(165, 268, 179, 33, 'ZAVRSEN', '2026-04-23 11:10:00', 'Preventivni pregled bez akutnih tegoba.', 'Preporuceno pracenje i kontrolni pregled.', '2026-04-23 11:10:00', '2026-04-23 12:10:00'),
(166, 269, 110, 46, 'ZAVRSEN', '2026-04-24 13:10:00', 'Tegobe su prisutne dulje vrijeme.', 'Uvedena terapija prema nalazu.', '2026-04-24 13:10:00', '2026-04-24 14:10:00'),
(167, 270, 134, 38, 'ZAVRSEN', '2026-04-27 15:40:00', 'Tegobe su prisutne dulje vrijeme.', 'Nalaz uredan, kontrola po potrebi.', '2026-04-27 15:40:00', '2026-04-27 16:40:00'),
(168, 271, 7, 1, 'ZAVRSEN', '2026-04-28 15:15:00', 'Pacijent navodi tegobe nekoliko dana.', 'Preporucena daljnja obrada i kontrola.', '2026-04-28 15:15:00', '2026-04-28 16:15:00'),
(169, 272, 86, 27, 'ZAVRSEN', '2026-04-29 13:40:00', 'Preventivni pregled bez akutnih tegoba.', 'Nalaz uredan, kontrola po potrebi.', '2026-04-29 13:40:00', '2026-04-29 14:40:00'),
(170, 273, 18, 20, 'ZAVRSEN', '2026-04-30 12:35:00', 'Tegobe su prisutne dulje vrijeme.', 'Preporuceno pracenje i kontrolni pregled.', '2026-04-30 12:35:00', '2026-04-30 13:35:00'),
(171, 275, 173, 54, 'ZAVRSEN', '2026-05-04 15:40:00', 'Preventivni pregled bez akutnih tegoba.', 'Uvedena terapija prema nalazu.', '2026-05-04 15:40:00', '2026-05-04 16:40:00'),
(172, 279, 182, 46, 'ZAVRSEN', '2026-05-08 08:40:00', 'Pacijent navodi tegobe nekoliko dana.', 'Preporuceno pracenje i kontrolni pregled.', '2026-05-08 08:40:00', '2026-05-08 09:40:00'),
(173, 280, 56, 54, 'ZAVRSEN', '2026-05-11 16:05:00', 'Dolazi radi kontrole prethodnih nalaza.', 'Uvedena terapija prema nalazu.', '2026-05-11 16:05:00', '2026-05-11 17:05:00'),
(174, 282, 188, 60, 'ZAVRSEN', '2026-02-04 16:10:00', 'Tegobe su prisutne dulje vrijeme.', 'Preporuceno pracenje i kontrolni pregled.', '2026-02-04 16:10:00', '2026-02-04 17:10:00'),
(175, 284, 176, 59, 'ZAVRSEN', '2026-02-06 09:15:00', 'Tegobe su prisutne dulje vrijeme.', 'Preporuceno pracenje i kontrolni pregled.', '2026-02-06 09:15:00', '2026-02-06 10:15:00'),
(176, 286, 70, 43, 'ZAVRSEN', '2026-02-10 10:05:00', 'Tegobe su prisutne dulje vrijeme.', 'Uvedena terapija prema nalazu.', '2026-02-10 10:05:00', '2026-02-10 11:05:00'),
(177, 287, 141, 36, 'ZAVRSEN', '2026-02-11 13:10:00', 'Preventivni pregled bez akutnih tegoba.', 'Uvedena terapija prema nalazu.', '2026-02-11 13:10:00', '2026-02-11 14:10:00'),
(178, 290, 183, 21, 'ZAVRSEN', '2026-02-16 09:05:00', 'Dolazi radi kontrole prethodnih nalaza.', 'Uvedena terapija prema nalazu.', '2026-02-16 09:05:00', '2026-02-16 10:05:00'),
(179, 291, 176, 30, 'ZAVRSEN', '2026-02-17 15:10:00', 'Tegobe su prisutne dulje vrijeme.', 'Preporucena daljnja obrada i kontrola.', '2026-02-17 15:10:00', '2026-02-17 16:10:00'),
(180, 292, 180, 25, 'ZAVRSEN', '2026-02-18 13:10:00', 'Pacijent navodi tegobe nekoliko dana.', 'Nalaz uredan, kontrola po potrebi.', '2026-02-18 13:10:00', '2026-02-18 14:10:00'),
(181, 294, 84, 25, 'ZAVRSEN', '2026-02-20 09:10:00', 'Pacijent navodi tegobe nekoliko dana.', 'Preporucena daljnja obrada i kontrola.', '2026-02-20 09:10:00', '2026-02-20 10:10:00'),
(182, 297, 143, 30, 'ZAVRSEN', '2026-02-25 09:45:00', 'Preventivni pregled bez akutnih tegoba.', 'Preporucena daljnja obrada i kontrola.', '2026-02-25 09:45:00', '2026-02-25 10:45:00'),
(183, 298, 84, 44, 'ZAVRSEN', '2026-02-26 15:35:00', 'Tegobe su prisutne dulje vrijeme.', 'Preporucena daljnja obrada i kontrola.', '2026-02-26 15:35:00', '2026-02-26 16:35:00'),
(184, 299, 194, 57, 'ZAVRSEN', '2026-02-27 10:10:00', 'Pacijent navodi tegobe nekoliko dana.', 'Preporuceno pracenje i kontrolni pregled.', '2026-02-27 10:10:00', '2026-02-27 11:10:00'),
(185, 300, 51, 38, 'ZAVRSEN', '2026-03-02 11:10:00', 'Preventivni pregled bez akutnih tegoba.', 'Nalaz uredan, kontrola po potrebi.', '2026-03-02 11:10:00', '2026-03-02 12:10:00');

-- pregled_usluga: 232 redaka
INSERT INTO pregled_usluga (id, id_pregled, id_usluga, kolicina, cijena, popust, porezna_stopa, ukupni_iznos, vrijeme_kreiranja, vrijeme_azuriranja) VALUES
(1, 1, 18, 1.00, 60.00, 10.00, 0.00, 54.00, '2026-02-03 08:10:00', '2026-02-03 08:40:00'),
(2, 2, 56, 1.00, 65.00, 0.00, 0.00, 65.00, '2026-02-04 12:05:00', '2026-02-04 12:35:00'),
(3, 3, 6, 1.00, 50.00, 10.00, 0.00, 45.00, '2026-02-09 12:35:00', '2026-02-09 13:05:00'),
(4, 3, 11, 1.00, 45.00, 5.00, 0.00, 42.75, '2026-02-09 12:35:00', '2026-02-09 13:05:00'),
(5, 4, 57, 1.00, 70.00, 10.00, 0.00, 63.00, '2026-02-10 11:10:00', '2026-02-10 11:40:00'),
(6, 5, 110, 1.00, 60.00, 0.00, 0.00, 60.00, '2026-02-11 15:35:00', '2026-02-11 16:05:00'),
(7, 6, 31, 1.00, 80.00, 0.00, 0.00, 80.00, '2026-02-12 11:35:00', '2026-02-12 12:05:00'),
(8, 7, 53, 1.00, 70.00, 5.00, 0.00, 66.50, '2026-02-13 09:45:00', '2026-02-13 10:15:00'),
(9, 8, 83, 1.00, 60.00, 10.00, 0.00, 54.00, '2026-02-16 10:35:00', '2026-02-16 11:05:00'),
(10, 9, 6, 1.00, 50.00, 5.00, 0.00, 47.50, '2026-02-18 11:40:00', '2026-02-18 12:10:00'),
(11, 9, 8, 1.00, 15.00, 0.00, 0.00, 15.00, '2026-02-18 11:40:00', '2026-02-18 12:10:00'),
(12, 10, 116, 1.00, 160.00, 0.00, 0.00, 160.00, '2026-02-20 13:40:00', '2026-02-20 14:10:00'),
(13, 11, 51, 1.00, 65.00, 0.00, 0.00, 65.00, '2026-02-23 14:45:00', '2026-02-23 15:15:00'),
(14, 12, 94, 1.00, 65.00, 0.00, 0.00, 65.00, '2026-02-24 12:35:00', '2026-02-24 13:05:00'),
(15, 13, 5, 1.00, 45.00, 0.00, 0.00, 45.00, '2026-02-25 08:45:00', '2026-02-25 09:15:00'),
(16, 14, 123, 1.00, 75.00, 10.00, 0.00, 67.50, '2026-02-26 13:15:00', '2026-02-26 13:45:00'),
(17, 15, 15, 1.00, 50.00, 5.00, 0.00, 47.50, '2026-03-02 09:45:00', '2026-03-02 10:15:00'),
(18, 15, 16, 1.00, 55.00, 10.00, 0.00, 49.50, '2026-03-02 09:45:00', '2026-03-02 10:15:00'),
(19, 16, 119, 1.00, 65.00, 0.00, 0.00, 65.00, '2026-03-03 14:10:00', '2026-03-03 14:40:00'),
(20, 17, 44, 1.00, 40.00, 0.00, 0.00, 40.00, '2026-03-05 13:15:00', '2026-03-05 13:45:00'),
(21, 18, 50, 1.00, 50.00, 10.00, 0.00, 45.00, '2026-03-06 08:15:00', '2026-03-06 08:45:00'),
(22, 18, 49, 1.00, 55.00, 0.00, 0.00, 55.00, '2026-03-06 08:15:00', '2026-03-06 08:45:00'),
(23, 19, 36, 1.00, 35.00, 0.00, 0.00, 35.00, '2026-03-10 14:05:00', '2026-03-10 14:35:00'),
(24, 20, 2, 1.00, 40.00, 0.00, 0.00, 40.00, '2026-03-11 12:40:00', '2026-03-11 13:10:00'),
(25, 20, 1, 1.00, 40.00, 0.00, 0.00, 40.00, '2026-03-11 12:40:00', '2026-03-11 13:10:00'),
(26, 21, 35, 1.00, 80.00, 0.00, 0.00, 80.00, '2026-03-12 12:35:00', '2026-03-12 13:05:00'),
(27, 22, 70, 1.00, 40.00, 0.00, 0.00, 40.00, '2026-03-13 14:10:00', '2026-03-13 14:40:00'),
(28, 23, 7, 1.00, 45.00, 5.00, 0.00, 42.75, '2026-03-16 15:15:00', '2026-03-16 15:45:00'),
(29, 24, 93, 1.00, 65.00, 10.00, 0.00, 58.50, '2026-03-17 13:40:00', '2026-03-17 14:10:00'),
(30, 25, 118, 1.00, 65.00, 0.00, 0.00, 65.00, '2026-03-19 16:10:00', '2026-03-19 16:40:00'),
(31, 26, 113, 1.00, 50.00, 5.00, 0.00, 47.50, '2026-03-23 12:10:00', '2026-03-23 12:40:00'),
(32, 27, 57, 1.00, 70.00, 0.00, 0.00, 70.00, '2026-03-24 16:05:00', '2026-03-24 16:35:00'),
(33, 27, 58, 1.00, 65.00, 5.00, 0.00, 61.75, '2026-03-24 16:05:00', '2026-03-24 16:35:00'),
(34, 28, 98, 1.00, 85.00, 10.00, 0.00, 76.50, '2026-03-27 15:45:00', '2026-03-27 16:15:00'),
(35, 29, 42, 1.00, 50.00, 0.00, 0.00, 50.00, '2026-03-30 09:45:00', '2026-03-30 10:15:00'),
(36, 29, 44, 1.00, 40.00, 0.00, 0.00, 40.00, '2026-03-30 09:45:00', '2026-03-30 10:15:00'),
(37, 30, 61, 1.00, 70.00, 0.00, 0.00, 70.00, '2026-03-31 15:15:00', '2026-03-31 15:45:00'),
(38, 31, 120, 1.00, 70.00, 10.00, 0.00, 63.00, '2026-04-02 11:40:00', '2026-04-02 12:10:00'),
(39, 32, 37, 1.00, 50.00, 5.00, 0.00, 47.50, '2026-04-08 14:35:00', '2026-04-08 15:05:00'),
(40, 32, 38, 1.00, 35.00, 0.00, 0.00, 35.00, '2026-04-08 14:35:00', '2026-04-08 15:05:00'),
(41, 33, 117, 1.00, 260.00, 0.00, 0.00, 260.00, '2026-04-10 12:10:00', '2026-04-10 12:40:00'),
(42, 33, 115, 1.00, 105.00, 0.00, 0.00, 105.00, '2026-04-10 12:10:00', '2026-04-10 12:40:00'),
(43, 34, 73, 1.00, 55.00, 10.00, 0.00, 49.50, '2026-04-13 12:45:00', '2026-04-13 13:15:00'),
(44, 34, 74, 1.00, 50.00, 0.00, 0.00, 50.00, '2026-04-13 12:45:00', '2026-04-13 13:15:00'),
(45, 35, 107, 1.00, 25.00, 5.00, 0.00, 23.75, '2026-04-15 14:05:00', '2026-04-15 14:35:00'),
(46, 36, 42, 1.00, 50.00, 5.00, 0.00, 47.50, '2026-04-16 14:05:00', '2026-04-16 14:35:00'),
(47, 37, 97, 1.00, 75.00, 0.00, 0.00, 75.00, '2026-04-17 15:40:00', '2026-04-17 16:10:00'),
(48, 38, 91, 1.00, 65.00, 5.00, 0.00, 61.75, '2026-04-21 13:35:00', '2026-04-21 14:05:00'),
(49, 38, 90, 1.00, 65.00, 5.00, 0.00, 61.75, '2026-04-21 13:35:00', '2026-04-21 14:05:00'),
(50, 39, 84, 1.00, 55.00, 0.00, 0.00, 55.00, '2026-04-22 09:40:00', '2026-04-22 10:10:00'),
(51, 40, 74, 1.00, 50.00, 0.00, 0.00, 50.00, '2026-04-23 14:10:00', '2026-04-23 14:40:00'),
(52, 41, 35, 1.00, 80.00, 5.00, 0.00, 76.00, '2026-04-24 15:10:00', '2026-04-24 15:40:00'),
(53, 42, 107, 1.00, 25.00, 5.00, 0.00, 23.75, '2026-04-28 09:05:00', '2026-04-28 09:35:00'),
(54, 42, 108, 1.00, 15.00, 0.00, 0.00, 15.00, '2026-04-28 09:05:00', '2026-04-28 09:35:00'),
(55, 43, 5, 1.00, 45.00, 5.00, 0.00, 42.75, '2026-04-30 13:45:00', '2026-04-30 14:15:00'),
(56, 43, 3, 1.00, 50.00, 0.00, 0.00, 50.00, '2026-04-30 13:45:00', '2026-04-30 14:15:00'),
(57, 44, 15, 1.00, 50.00, 10.00, 0.00, 45.00, '2026-05-01 12:40:00', '2026-05-01 13:10:00'),
(58, 45, 24, 1.00, 70.00, 0.00, 0.00, 70.00, '2026-05-04 13:40:00', '2026-05-04 14:10:00'),
(59, 46, 102, 1.00, 50.00, 0.00, 0.00, 50.00, '2026-05-05 08:10:00', '2026-05-05 08:40:00'),
(60, 47, 114, 1.00, 60.00, 10.00, 0.00, 54.00, '2026-05-07 09:45:00', '2026-05-07 10:15:00'),
(61, 48, 112, 1.00, 65.00, 10.00, 0.00, 58.50, '2026-02-03 14:40:00', '2026-02-03 15:10:00'),
(62, 48, 113, 1.00, 50.00, 0.00, 0.00, 50.00, '2026-02-03 14:40:00', '2026-02-03 15:10:00'),
(63, 49, 36, 1.00, 35.00, 0.00, 0.00, 35.00, '2026-02-04 09:10:00', '2026-02-04 09:40:00'),
(64, 50, 12, 1.00, 50.00, 0.00, 0.00, 50.00, '2026-02-05 11:40:00', '2026-02-05 12:10:00'),
(65, 50, 16, 1.00, 55.00, 0.00, 0.00, 55.00, '2026-02-05 11:40:00', '2026-02-05 12:10:00'),
(66, 51, 115, 1.00, 105.00, 5.00, 0.00, 99.75, '2026-02-06 13:45:00', '2026-02-06 14:15:00'),
(67, 52, 1, 1.00, 40.00, 10.00, 0.00, 36.00, '2026-02-09 10:45:00', '2026-02-09 11:15:00'),
(68, 53, 113, 1.00, 50.00, 0.00, 0.00, 50.00, '2026-02-10 09:40:00', '2026-02-10 10:10:00'),
(69, 54, 121, 1.00, 70.00, 10.00, 0.00, 63.00, '2026-02-12 15:15:00', '2026-02-12 15:45:00'),
(70, 55, 118, 1.00, 65.00, 0.00, 0.00, 65.00, '2026-02-13 15:35:00', '2026-02-13 16:05:00'),
(71, 56, 73, 1.00, 55.00, 0.00, 0.00, 55.00, '2026-02-17 11:35:00', '2026-02-17 12:05:00'),
(72, 57, 91, 1.00, 65.00, 10.00, 0.00, 58.50, '2026-02-18 15:35:00', '2026-02-18 16:05:00'),
(73, 57, 89, 1.00, 70.00, 0.00, 0.00, 70.00, '2026-02-18 15:35:00', '2026-02-18 16:05:00'),
(74, 58, 41, 1.00, 50.00, 0.00, 0.00, 50.00, '2026-02-19 11:40:00', '2026-02-19 12:10:00'),
(75, 58, 40, 1.00, 40.00, 5.00, 0.00, 38.00, '2026-02-19 11:40:00', '2026-02-19 12:10:00'),
(76, 59, 62, 1.00, 70.00, 10.00, 0.00, 63.00, '2026-02-23 08:10:00', '2026-02-23 08:40:00'),
(77, 60, 95, 1.00, 65.00, 0.00, 0.00, 65.00, '2026-02-25 15:05:00', '2026-02-25 15:35:00'),
(78, 61, 112, 1.00, 65.00, 0.00, 0.00, 65.00, '2026-02-26 16:05:00', '2026-02-26 16:35:00'),
(79, 62, 26, 1.00, 65.00, 0.00, 0.00, 65.00, '2026-02-27 12:15:00', '2026-02-27 12:45:00'),
(80, 63, 97, 1.00, 75.00, 0.00, 0.00, 75.00, '2026-03-06 13:05:00', '2026-03-06 13:35:00'),
(81, 64, 85, 1.00, 60.00, 5.00, 0.00, 57.00, '2026-03-09 13:35:00', '2026-03-09 14:05:00'),
(82, 65, 80, 1.00, 60.00, 5.00, 0.00, 57.00, '2026-03-10 14:35:00', '2026-03-10 15:05:00'),
(83, 66, 112, 1.00, 65.00, 5.00, 0.00, 61.75, '2026-03-13 11:45:00', '2026-03-13 12:15:00'),
(84, 66, 113, 1.00, 50.00, 10.00, 0.00, 45.00, '2026-03-13 11:45:00', '2026-03-13 12:15:00'),
(85, 67, 41, 1.00, 50.00, 0.00, 0.00, 50.00, '2026-03-17 15:10:00', '2026-03-17 15:40:00'),
(86, 68, 68, 1.00, 80.00, 10.00, 0.00, 72.00, '2026-03-20 10:15:00', '2026-03-20 10:45:00'),
(87, 69, 48, 1.00, 45.00, 0.00, 0.00, 45.00, '2026-03-27 13:45:00', '2026-03-27 14:15:00'),
(88, 69, 45, 1.00, 45.00, 0.00, 0.00, 45.00, '2026-03-27 13:45:00', '2026-03-27 14:15:00'),
(89, 70, 120, 1.00, 70.00, 0.00, 0.00, 70.00, '2026-03-30 16:15:00', '2026-03-30 16:45:00'),
(90, 71, 32, 1.00, 70.00, 0.00, 0.00, 70.00, '2026-03-31 14:35:00', '2026-03-31 15:05:00'),
(91, 71, 34, 1.00, 80.00, 0.00, 0.00, 80.00, '2026-03-31 14:35:00', '2026-03-31 15:05:00'),
(92, 72, 24, 1.00, 70.00, 0.00, 0.00, 70.00, '2026-04-01 13:15:00', '2026-04-01 13:45:00'),
(93, 73, 5, 1.00, 45.00, 5.00, 0.00, 42.75, '2026-04-03 09:35:00', '2026-04-03 10:05:00'),
(94, 74, 98, 1.00, 85.00, 5.00, 0.00, 80.75, '2026-04-06 16:15:00', '2026-04-06 16:45:00'),
(95, 75, 58, 1.00, 65.00, 0.00, 0.00, 65.00, '2026-04-07 08:15:00', '2026-04-07 08:45:00'),
(96, 76, 58, 1.00, 65.00, 5.00, 0.00, 61.75, '2026-04-08 10:05:00', '2026-04-08 10:35:00'),
(97, 77, 7, 1.00, 45.00, 5.00, 0.00, 42.75, '2026-04-09 14:10:00', '2026-04-09 14:40:00'),
(98, 78, 101, 1.00, 50.00, 5.00, 0.00, 47.50, '2026-04-10 14:45:00', '2026-04-10 15:15:00'),
(99, 79, 88, 1.00, 70.00, 0.00, 0.00, 70.00, '2026-04-13 09:45:00', '2026-04-13 10:15:00'),
(100, 80, 79, 1.00, 60.00, 0.00, 0.00, 60.00, '2026-04-14 09:05:00', '2026-04-14 09:35:00'),
(101, 80, 78, 1.00, 50.00, 0.00, 0.00, 50.00, '2026-04-14 09:05:00', '2026-04-14 09:35:00'),
(102, 81, 96, 1.00, 70.00, 0.00, 0.00, 70.00, '2026-04-16 10:10:00', '2026-04-16 10:40:00'),
(103, 82, 3, 1.00, 50.00, 10.00, 0.00, 45.00, '2026-04-17 11:45:00', '2026-04-17 12:15:00'),
(104, 83, 70, 1.00, 40.00, 10.00, 0.00, 36.00, '2026-04-23 14:15:00', '2026-04-23 14:45:00'),
(105, 84, 105, 1.00, 40.00, 0.00, 0.00, 40.00, '2026-04-28 09:05:00', '2026-04-28 09:35:00'),
(106, 85, 109, 1.00, 55.00, 5.00, 0.00, 52.25, '2026-05-04 08:05:00', '2026-05-04 08:35:00'),
(107, 86, 74, 1.00, 50.00, 10.00, 0.00, 45.00, '2026-05-05 10:10:00', '2026-05-05 10:40:00'),
(108, 87, 109, 1.00, 55.00, 0.00, 0.00, 55.00, '2026-05-06 09:35:00', '2026-05-06 10:05:00'),
(109, 87, 111, 1.00, 50.00, 0.00, 0.00, 50.00, '2026-05-06 09:35:00', '2026-05-06 10:05:00'),
(110, 88, 112, 1.00, 65.00, 0.00, 0.00, 65.00, '2026-05-07 11:45:00', '2026-05-07 12:15:00'),
(111, 89, 86, 1.00, 65.00, 5.00, 0.00, 61.75, '2026-02-03 10:45:00', '2026-02-03 11:15:00'),
(112, 90, 93, 1.00, 65.00, 5.00, 0.00, 61.75, '2026-02-04 09:10:00', '2026-02-04 09:40:00'),
(113, 91, 32, 1.00, 70.00, 5.00, 0.00, 66.50, '2026-02-05 09:40:00', '2026-02-05 10:10:00'),
(114, 92, 71, 1.00, 35.00, 10.00, 0.00, 31.50, '2026-02-06 08:05:00', '2026-02-06 08:35:00'),
(115, 92, 69, 1.00, 35.00, 0.00, 0.00, 35.00, '2026-02-06 08:05:00', '2026-02-06 08:35:00'),
(116, 93, 77, 1.00, 55.00, 10.00, 0.00, 49.50, '2026-02-16 12:40:00', '2026-02-16 13:10:00'),
(117, 94, 38, 1.00, 35.00, 0.00, 0.00, 35.00, '2026-02-17 10:45:00', '2026-02-17 11:15:00'),
(118, 94, 39, 1.00, 50.00, 5.00, 0.00, 47.50, '2026-02-17 10:45:00', '2026-02-17 11:15:00'),
(119, 95, 98, 1.00, 85.00, 0.00, 0.00, 85.00, '2026-02-18 14:05:00', '2026-02-18 14:35:00'),
(120, 96, 64, 1.00, 80.00, 0.00, 0.00, 80.00, '2026-02-19 12:15:00', '2026-02-19 12:45:00'),
(121, 97, 85, 1.00, 60.00, 0.00, 0.00, 60.00, '2026-02-20 08:35:00', '2026-02-20 09:05:00'),
(122, 97, 88, 1.00, 70.00, 0.00, 0.00, 70.00, '2026-02-20 08:35:00', '2026-02-20 09:05:00'),
(123, 98, 122, 1.00, 65.00, 0.00, 0.00, 65.00, '2026-02-23 08:45:00', '2026-02-23 09:15:00'),
(124, 99, 8, 1.00, 15.00, 10.00, 0.00, 13.50, '2026-02-24 08:10:00', '2026-02-24 08:40:00'),
(125, 99, 9, 1.00, 60.00, 10.00, 0.00, 54.00, '2026-02-24 08:10:00', '2026-02-24 08:40:00'),
(126, 100, 83, 1.00, 60.00, 10.00, 0.00, 54.00, '2026-02-25 08:15:00', '2026-02-25 08:45:00'),
(127, 101, 113, 1.00, 50.00, 0.00, 0.00, 50.00, '2026-02-26 12:05:00', '2026-02-26 12:35:00'),
(128, 101, 112, 1.00, 65.00, 0.00, 0.00, 65.00, '2026-02-26 12:05:00', '2026-02-26 12:35:00'),
(129, 102, 30, 1.00, 65.00, 0.00, 0.00, 65.00, '2026-02-27 09:35:00', '2026-02-27 10:05:00'),
(130, 103, 109, 1.00, 55.00, 0.00, 0.00, 55.00, '2026-03-02 12:05:00', '2026-03-02 12:35:00'),
(131, 103, 110, 1.00, 60.00, 10.00, 0.00, 54.00, '2026-03-02 12:05:00', '2026-03-02 12:35:00'),
(132, 104, 96, 1.00, 70.00, 0.00, 0.00, 70.00, '2026-03-03 08:10:00', '2026-03-03 08:40:00'),
(133, 105, 111, 1.00, 50.00, 0.00, 0.00, 50.00, '2026-03-04 11:45:00', '2026-03-04 12:15:00'),
(134, 106, 37, 1.00, 50.00, 10.00, 0.00, 45.00, '2026-03-05 14:05:00', '2026-03-05 14:35:00'),
(135, 107, 124, 1.00, 80.00, 0.00, 0.00, 80.00, '2026-03-10 15:40:00', '2026-03-10 16:10:00'),
(136, 108, 88, 1.00, 70.00, 0.00, 0.00, 70.00, '2026-03-11 12:10:00', '2026-03-11 12:40:00'),
(137, 109, 57, 1.00, 70.00, 5.00, 0.00, 66.50, '2026-03-13 09:35:00', '2026-03-13 10:05:00'),
(138, 110, 99, 1.00, 70.00, 0.00, 0.00, 70.00, '2026-03-18 14:05:00', '2026-03-18 14:35:00'),
(139, 111, 37, 1.00, 50.00, 0.00, 0.00, 50.00, '2026-03-19 12:05:00', '2026-03-19 12:35:00'),
(140, 111, 36, 1.00, 35.00, 10.00, 0.00, 31.50, '2026-03-19 12:05:00', '2026-03-19 12:35:00'),
(141, 112, 26, 1.00, 65.00, 0.00, 0.00, 65.00, '2026-03-20 10:40:00', '2026-03-20 11:10:00'),
(142, 113, 42, 1.00, 50.00, 0.00, 0.00, 50.00, '2026-03-23 09:40:00', '2026-03-23 10:10:00'),
(143, 114, 63, 1.00, 70.00, 0.00, 0.00, 70.00, '2026-03-25 11:15:00', '2026-03-25 11:45:00'),
(144, 115, 51, 1.00, 65.00, 0.00, 0.00, 65.00, '2026-03-30 13:05:00', '2026-03-30 13:35:00'),
(145, 115, 50, 1.00, 50.00, 0.00, 0.00, 50.00, '2026-03-30 13:05:00', '2026-03-30 13:35:00'),
(146, 116, 100, 1.00, 50.00, 0.00, 0.00, 50.00, '2026-04-03 10:15:00', '2026-04-03 10:45:00'),
(147, 117, 54, 1.00, 65.00, 0.00, 0.00, 65.00, '2026-04-06 15:15:00', '2026-04-06 15:45:00'),
(148, 117, 55, 1.00, 60.00, 5.00, 0.00, 57.00, '2026-04-06 15:15:00', '2026-04-06 15:45:00'),
(149, 118, 30, 1.00, 65.00, 0.00, 0.00, 65.00, '2026-04-07 14:45:00', '2026-04-07 15:15:00'),
(150, 119, 64, 1.00, 80.00, 0.00, 0.00, 80.00, '2026-04-14 12:10:00', '2026-04-14 12:40:00'),
(151, 120, 116, 1.00, 160.00, 0.00, 0.00, 160.00, '2026-04-15 10:15:00', '2026-04-15 10:45:00'),
(152, 120, 117, 1.00, 260.00, 0.00, 0.00, 260.00, '2026-04-15 10:15:00', '2026-04-15 10:45:00'),
(153, 121, 51, 1.00, 65.00, 10.00, 0.00, 58.50, '2026-04-16 08:45:00', '2026-04-16 09:15:00'),
(154, 122, 112, 1.00, 65.00, 5.00, 0.00, 61.75, '2026-04-22 09:40:00', '2026-04-22 10:10:00'),
(155, 122, 114, 1.00, 60.00, 0.00, 0.00, 60.00, '2026-04-22 09:40:00', '2026-04-22 10:10:00'),
(156, 123, 101, 1.00, 50.00, 0.00, 0.00, 50.00, '2026-04-24 16:10:00', '2026-04-24 16:40:00'),
(157, 124, 118, 1.00, 65.00, 5.00, 0.00, 61.75, '2026-04-27 11:15:00', '2026-04-27 11:45:00'),
(158, 125, 104, 1.00, 15.00, 0.00, 0.00, 15.00, '2026-04-29 10:35:00', '2026-04-29 11:05:00'),
(159, 126, 100, 1.00, 50.00, 10.00, 0.00, 45.00, '2026-05-01 14:05:00', '2026-05-01 14:35:00'),
(160, 127, 99, 1.00, 70.00, 5.00, 0.00, 66.50, '2026-05-04 12:40:00', '2026-05-04 13:10:00'),
(161, 128, 77, 1.00, 55.00, 0.00, 0.00, 55.00, '2026-05-05 15:15:00', '2026-05-05 15:45:00'),
(162, 129, 103, 1.00, 45.00, 0.00, 0.00, 45.00, '2026-05-07 13:40:00', '2026-05-07 14:10:00'),
(163, 130, 75, 1.00, 40.00, 0.00, 0.00, 40.00, '2026-05-08 10:15:00', '2026-05-08 10:45:00'),
(164, 130, 73, 1.00, 55.00, 0.00, 0.00, 55.00, '2026-05-08 10:15:00', '2026-05-08 10:45:00'),
(165, 131, 76, 1.00, 45.00, 0.00, 0.00, 45.00, '2026-05-11 10:10:00', '2026-05-11 10:40:00'),
(166, 132, 36, 1.00, 35.00, 0.00, 0.00, 35.00, '2026-02-04 11:15:00', '2026-02-04 11:45:00'),
(167, 132, 37, 1.00, 50.00, 0.00, 0.00, 50.00, '2026-02-04 11:15:00', '2026-02-04 11:45:00'),
(168, 133, 13, 1.00, 55.00, 10.00, 0.00, 49.50, '2026-02-06 09:45:00', '2026-02-06 10:15:00'),
(169, 133, 16, 1.00, 55.00, 5.00, 0.00, 52.25, '2026-02-06 09:45:00', '2026-02-06 10:15:00'),
(170, 134, 93, 1.00, 65.00, 10.00, 0.00, 58.50, '2026-02-09 10:40:00', '2026-02-09 11:10:00'),
(171, 134, 95, 1.00, 65.00, 10.00, 0.00, 58.50, '2026-02-09 10:40:00', '2026-02-09 11:10:00'),
(172, 135, 55, 1.00, 60.00, 0.00, 0.00, 60.00, '2026-02-10 14:35:00', '2026-02-10 15:05:00'),
(173, 135, 56, 1.00, 65.00, 5.00, 0.00, 61.75, '2026-02-10 14:35:00', '2026-02-10 15:05:00'),
(174, 136, 87, 1.00, 70.00, 0.00, 0.00, 70.00, '2026-02-12 11:05:00', '2026-02-12 11:35:00'),
(175, 137, 97, 1.00, 75.00, 10.00, 0.00, 67.50, '2026-02-19 12:35:00', '2026-02-19 13:05:00'),
(176, 137, 99, 1.00, 70.00, 0.00, 0.00, 70.00, '2026-02-19 12:35:00', '2026-02-19 13:05:00'),
(177, 138, 56, 1.00, 65.00, 10.00, 0.00, 58.50, '2026-02-20 09:35:00', '2026-02-20 10:05:00'),
(178, 139, 45, 1.00, 45.00, 0.00, 0.00, 45.00, '2026-02-23 10:10:00', '2026-02-23 10:40:00'),
(179, 140, 103, 1.00, 45.00, 0.00, 0.00, 45.00, '2026-02-24 16:05:00', '2026-02-24 16:35:00'),
(180, 141, 76, 1.00, 45.00, 0.00, 0.00, 45.00, '2026-02-26 10:05:00', '2026-02-26 10:35:00'),
(181, 142, 92, 1.00, 75.00, 5.00, 0.00, 71.25, '2026-02-27 16:15:00', '2026-02-27 16:45:00'),
(182, 143, 95, 1.00, 65.00, 0.00, 0.00, 65.00, '2026-03-02 14:35:00', '2026-03-02 15:05:00'),
(183, 144, 86, 1.00, 65.00, 0.00, 0.00, 65.00, '2026-03-03 12:35:00', '2026-03-03 13:05:00'),
(184, 144, 88, 1.00, 70.00, 0.00, 0.00, 70.00, '2026-03-03 12:35:00', '2026-03-03 13:05:00'),
(185, 145, 5, 1.00, 45.00, 0.00, 0.00, 45.00, '2026-03-06 11:05:00', '2026-03-06 11:35:00'),
(186, 146, 9, 1.00, 60.00, 0.00, 0.00, 60.00, '2026-03-10 12:05:00', '2026-03-10 12:35:00'),
(187, 147, 43, 1.00, 45.00, 5.00, 0.00, 42.75, '2026-03-11 08:05:00', '2026-03-11 08:35:00'),
(188, 148, 97, 1.00, 75.00, 5.00, 0.00, 71.25, '2026-03-12 15:35:00', '2026-03-12 16:05:00'),
(189, 149, 5, 1.00, 45.00, 0.00, 0.00, 45.00, '2026-03-16 13:35:00', '2026-03-16 14:05:00'),
(190, 150, 26, 1.00, 65.00, 0.00, 0.00, 65.00, '2026-03-20 12:45:00', '2026-03-20 13:15:00'),
(191, 151, 91, 1.00, 65.00, 0.00, 0.00, 65.00, '2026-03-23 09:05:00', '2026-03-23 09:35:00'),
(192, 152, 102, 1.00, 50.00, 0.00, 0.00, 50.00, '2026-03-24 13:15:00', '2026-03-24 13:45:00'),
(193, 152, 100, 1.00, 50.00, 10.00, 0.00, 45.00, '2026-03-24 13:15:00', '2026-03-24 13:45:00'),
(194, 153, 21, 1.00, 55.00, 0.00, 0.00, 55.00, '2026-03-25 08:05:00', '2026-03-25 08:35:00'),
(195, 154, 39, 1.00, 50.00, 10.00, 0.00, 45.00, '2026-03-26 09:05:00', '2026-03-26 09:35:00'),
(196, 155, 7, 1.00, 45.00, 0.00, 0.00, 45.00, '2026-03-30 08:15:00', '2026-03-30 08:45:00'),
(197, 156, 108, 1.00, 15.00, 0.00, 0.00, 15.00, '2026-04-01 14:15:00', '2026-04-01 14:45:00'),
(198, 157, 107, 1.00, 25.00, 0.00, 0.00, 25.00, '2026-04-03 12:35:00', '2026-04-03 13:05:00'),
(199, 158, 64, 1.00, 80.00, 5.00, 0.00, 76.00, '2026-04-06 08:35:00', '2026-04-06 09:05:00'),
(200, 158, 61, 1.00, 70.00, 0.00, 0.00, 70.00, '2026-04-06 08:35:00', '2026-04-06 09:05:00'),
(201, 159, 73, 1.00, 55.00, 0.00, 0.00, 55.00, '2026-04-07 10:15:00', '2026-04-07 10:45:00'),
(202, 159, 76, 1.00, 45.00, 10.00, 0.00, 40.50, '2026-04-07 10:15:00', '2026-04-07 10:45:00'),
(203, 160, 81, 1.00, 65.00, 0.00, 0.00, 65.00, '2026-04-08 09:05:00', '2026-04-08 09:35:00'),
(204, 161, 98, 1.00, 85.00, 5.00, 0.00, 80.75, '2026-04-09 13:45:00', '2026-04-09 14:15:00'),
(205, 162, 12, 1.00, 50.00, 0.00, 0.00, 50.00, '2026-04-16 12:15:00', '2026-04-16 12:45:00'),
(206, 163, 81, 1.00, 65.00, 0.00, 0.00, 65.00, '2026-04-21 09:15:00', '2026-04-21 09:45:00'),
(207, 163, 82, 1.00, 55.00, 0.00, 0.00, 55.00, '2026-04-21 09:15:00', '2026-04-21 09:45:00'),
(208, 164, 16, 1.00, 55.00, 0.00, 0.00, 55.00, '2026-04-22 10:05:00', '2026-04-22 10:35:00'),
(209, 165, 76, 1.00, 45.00, 0.00, 0.00, 45.00, '2026-04-23 11:10:00', '2026-04-23 11:40:00'),
(210, 166, 97, 1.00, 75.00, 0.00, 0.00, 75.00, '2026-04-24 13:10:00', '2026-04-24 13:40:00'),
(211, 167, 83, 1.00, 60.00, 0.00, 0.00, 60.00, '2026-04-27 15:40:00', '2026-04-27 16:10:00'),
(212, 168, 5, 1.00, 45.00, 5.00, 0.00, 42.75, '2026-04-28 15:15:00', '2026-04-28 15:45:00'),
(213, 169, 62, 1.00, 70.00, 0.00, 0.00, 70.00, '2026-04-29 13:40:00', '2026-04-29 14:10:00'),
(214, 170, 45, 1.00, 45.00, 0.00, 0.00, 45.00, '2026-04-30 12:35:00', '2026-04-30 13:05:00'),
(215, 171, 113, 1.00, 50.00, 10.00, 0.00, 45.00, '2026-05-04 15:40:00', '2026-05-04 16:10:00'),
(216, 172, 97, 1.00, 75.00, 5.00, 0.00, 71.25, '2026-05-08 08:40:00', '2026-05-08 09:10:00'),
(217, 172, 98, 1.00, 85.00, 0.00, 0.00, 85.00, '2026-05-08 08:40:00', '2026-05-08 09:10:00'),
(218, 173, 112, 1.00, 65.00, 0.00, 0.00, 65.00, '2026-05-11 16:05:00', '2026-05-11 16:35:00'),
(219, 174, 121, 1.00, 70.00, 0.00, 0.00, 70.00, '2026-02-04 16:10:00', '2026-02-04 16:40:00'),
(220, 175, 123, 1.00, 75.00, 10.00, 0.00, 67.50, '2026-02-06 09:15:00', '2026-02-06 09:45:00'),
(221, 176, 93, 1.00, 65.00, 5.00, 0.00, 61.75, '2026-02-10 10:05:00', '2026-02-10 10:35:00'),
(222, 177, 78, 1.00, 50.00, 0.00, 0.00, 50.00, '2026-02-11 13:10:00', '2026-02-11 13:40:00'),
(223, 178, 52, 1.00, 60.00, 0.00, 0.00, 60.00, '2026-02-16 09:05:00', '2026-02-16 09:35:00'),
(224, 179, 67, 1.00, 75.00, 5.00, 0.00, 71.25, '2026-02-17 15:10:00', '2026-02-17 15:40:00'),
(225, 180, 57, 1.00, 70.00, 0.00, 0.00, 70.00, '2026-02-18 13:10:00', '2026-02-18 13:40:00'),
(226, 181, 60, 1.00, 60.00, 0.00, 0.00, 60.00, '2026-02-20 09:10:00', '2026-02-20 09:40:00'),
(227, 181, 57, 1.00, 70.00, 0.00, 0.00, 70.00, '2026-02-20 09:10:00', '2026-02-20 09:40:00'),
(228, 182, 65, 1.00, 85.00, 5.00, 0.00, 80.75, '2026-02-25 09:45:00', '2026-02-25 10:15:00'),
(229, 182, 67, 1.00, 75.00, 5.00, 0.00, 71.25, '2026-02-25 09:45:00', '2026-02-25 10:15:00'),
(230, 183, 94, 1.00, 65.00, 0.00, 0.00, 65.00, '2026-02-26 15:35:00', '2026-02-26 16:05:00'),
(231, 184, 119, 1.00, 65.00, 0.00, 0.00, 65.00, '2026-02-27 10:10:00', '2026-02-27 10:40:00'),
(232, 185, 84, 1.00, 55.00, 10.00, 0.00, 49.50, '2026-03-02 11:10:00', '2026-03-02 11:40:00');

-- dijagnoza: 25 redaka
INSERT INTO dijagnoza (id, sifra, naziv, opis, vrijeme_kreiranja, vrijeme_azuriranja) VALUES
(1, 'A01', 'Akutna respiratorna infekcija', 'Dijagnoza: Akutna respiratorna infekcija.', '2026-01-07 08:00:00', '2026-01-07 08:10:00'),
(2, 'B02', 'Virusna infekcija', 'Dijagnoza: Virusna infekcija.', '2026-01-07 08:00:00', '2026-01-07 08:10:00'),
(3, 'C03', 'Benigna kožna promjena', 'Dijagnoza: Benigna kožna promjena.', '2026-01-07 08:00:00', '2026-01-07 08:10:00'),
(4, 'D04', 'Anemija', 'Dijagnoza: Anemija.', '2026-01-07 08:00:00', '2026-01-07 08:10:00'),
(5, 'E05', 'Poremecaj stitnjace', 'Dijagnoza: Poremecaj stitnjace.', '2026-01-07 08:00:00', '2026-01-07 08:10:00'),
(6, 'F06', 'Anksiozni poremecaj', 'Dijagnoza: Anksiozni poremecaj.', '2026-01-07 08:00:00', '2026-01-07 08:10:00'),
(7, 'G07', 'Migrena', 'Dijagnoza: Migrena.', '2026-01-07 08:00:00', '2026-01-07 08:10:00'),
(8, 'H08', 'Konjunktivitis', 'Dijagnoza: Konjunktivitis.', '2026-01-07 08:00:00', '2026-01-07 08:10:00'),
(9, 'I09', 'Hipertenzija', 'Dijagnoza: Hipertenzija.', '2026-01-07 08:00:00', '2026-01-07 08:10:00'),
(10, 'J10', 'Astma', 'Dijagnoza: Astma.', '2026-01-07 08:00:00', '2026-01-07 08:10:00'),
(11, 'K11', 'Gastritis', 'Dijagnoza: Gastritis.', '2026-01-07 08:00:00', '2026-01-07 08:10:00'),
(12, 'L12', 'Dermatitis', 'Dijagnoza: Dermatitis.', '2026-01-07 08:00:00', '2026-01-07 08:10:00'),
(13, 'M13', 'Bol u ledjima', 'Dijagnoza: Bol u ledjima.', '2026-01-07 08:00:00', '2026-01-07 08:10:00'),
(14, 'N14', 'Infekcija mokracnog sustava', 'Dijagnoza: Infekcija mokracnog sustava.', '2026-01-07 08:00:00', '2026-01-07 08:10:00'),
(15, 'O15', 'Ginekoloska kontrola', 'Dijagnoza: Ginekoloska kontrola.', '2026-01-07 08:00:00', '2026-01-07 08:10:00'),
(16, 'P16', 'Pedijatrijska akutna tegoba', 'Dijagnoza: Pedijatrijska akutna tegoba.', '2026-01-07 08:00:00', '2026-01-07 08:10:00'),
(17, 'Q17', 'Poremecaj metabolizma lipida', 'Dijagnoza: Poremecaj metabolizma lipida.', '2026-01-07 08:00:00', '2026-01-07 08:10:00'),
(18, 'R18', 'Bol u prsima', 'Dijagnoza: Bol u prsima.', '2026-01-07 08:00:00', '2026-01-07 08:10:00'),
(19, 'S19', 'Sportska ozljeda', 'Dijagnoza: Sportska ozljeda.', '2026-01-07 08:00:00', '2026-01-07 08:10:00'),
(20, 'T20', 'Kontrola nakon zahvata', 'Dijagnoza: Kontrola nakon zahvata.', '2026-01-07 08:00:00', '2026-01-07 08:10:00'),
(21, 'U21', 'Kroni─ìna bubrežna bolest', 'Dijagnoza: Kroni─ìna bubrežna bolest.', '2026-01-07 08:00:00', '2026-01-07 08:10:00'),
(22, 'V22', 'Dijabetes tip 2', 'Dijagnoza: Dijabetes tip 2.', '2026-01-07 08:00:00', '2026-01-07 08:10:00'),
(23, 'W23', 'Alergijska reakcija', 'Dijagnoza: Alergijska reakcija.', '2026-01-07 08:00:00', '2026-01-07 08:10:00'),
(24, 'X24', 'Ostecenje sluha', 'Dijagnoza: Ostecenje sluha.', '2026-01-07 08:00:00', '2026-01-07 08:10:00'),
(25, 'Y25', 'Preventivni pregled', 'Dijagnoza: Preventivni pregled.', '2026-01-07 08:00:00', '2026-01-07 08:10:00');

-- pregled_dijagnoza: 340 redaka
INSERT INTO pregled_dijagnoza (id, id_pregled, id_dijagnoza, primarna_oznaka, vrijeme_kreiranja, vrijeme_azuriranja) VALUES
(1, 1, 13, TRUE, '2026-02-03 08:30:00', '2026-02-03 08:35:00'),
(2, 1, 5, FALSE, '2026-02-03 08:30:00', '2026-02-03 08:35:00'),
(3, 1, 10, FALSE, '2026-02-03 08:30:00', '2026-02-03 08:35:00'),
(4, 2, 12, TRUE, '2026-02-04 12:25:00', '2026-02-04 12:30:00'),
(5, 2, 4, FALSE, '2026-02-04 12:25:00', '2026-02-04 12:30:00'),
(6, 2, 10, FALSE, '2026-02-04 12:25:00', '2026-02-04 12:30:00'),
(7, 3, 23, TRUE, '2026-02-09 12:55:00', '2026-02-09 13:00:00'),
(8, 3, 13, FALSE, '2026-02-09 12:55:00', '2026-02-09 13:00:00'),
(9, 4, 22, TRUE, '2026-02-10 11:30:00', '2026-02-10 11:35:00'),
(10, 5, 13, TRUE, '2026-02-11 15:55:00', '2026-02-11 16:00:00'),
(11, 5, 12, FALSE, '2026-02-11 15:55:00', '2026-02-11 16:00:00'),
(12, 5, 14, FALSE, '2026-02-11 15:55:00', '2026-02-11 16:00:00'),
(13, 6, 3, TRUE, '2026-02-12 11:55:00', '2026-02-12 12:00:00'),
(14, 7, 5, TRUE, '2026-02-13 10:05:00', '2026-02-13 10:10:00'),
(15, 7, 3, FALSE, '2026-02-13 10:05:00', '2026-02-13 10:10:00'),
(16, 8, 20, TRUE, '2026-02-16 10:55:00', '2026-02-16 11:00:00'),
(17, 8, 6, FALSE, '2026-02-16 10:55:00', '2026-02-16 11:00:00'),
(18, 9, 6, TRUE, '2026-02-18 12:00:00', '2026-02-18 12:05:00'),
(19, 10, 9, TRUE, '2026-02-20 14:00:00', '2026-02-20 14:05:00'),
(20, 10, 14, FALSE, '2026-02-20 14:00:00', '2026-02-20 14:05:00'),
(21, 10, 18, FALSE, '2026-02-20 14:00:00', '2026-02-20 14:05:00'),
(22, 11, 16, TRUE, '2026-02-23 15:05:00', '2026-02-23 15:10:00'),
(23, 11, 23, FALSE, '2026-02-23 15:05:00', '2026-02-23 15:10:00'),
(24, 11, 12, FALSE, '2026-02-23 15:05:00', '2026-02-23 15:10:00'),
(25, 12, 25, TRUE, '2026-02-24 12:55:00', '2026-02-24 13:00:00'),
(26, 12, 9, FALSE, '2026-02-24 12:55:00', '2026-02-24 13:00:00'),
(27, 12, 15, FALSE, '2026-02-24 12:55:00', '2026-02-24 13:00:00'),
(28, 13, 21, TRUE, '2026-02-25 09:05:00', '2026-02-25 09:10:00'),
(29, 13, 24, FALSE, '2026-02-25 09:05:00', '2026-02-25 09:10:00'),
(30, 14, 11, TRUE, '2026-02-26 13:35:00', '2026-02-26 13:40:00'),
(31, 15, 19, TRUE, '2026-03-02 10:05:00', '2026-03-02 10:10:00'),
(32, 15, 24, FALSE, '2026-03-02 10:05:00', '2026-03-02 10:10:00'),
(33, 16, 6, TRUE, '2026-03-03 14:30:00', '2026-03-03 14:35:00'),
(34, 16, 2, FALSE, '2026-03-03 14:30:00', '2026-03-03 14:35:00'),
(35, 17, 19, TRUE, '2026-03-05 13:35:00', '2026-03-05 13:40:00'),
(36, 17, 6, FALSE, '2026-03-05 13:35:00', '2026-03-05 13:40:00'),
(37, 18, 16, TRUE, '2026-03-06 08:35:00', '2026-03-06 08:40:00'),
(38, 18, 3, FALSE, '2026-03-06 08:35:00', '2026-03-06 08:40:00'),
(39, 19, 20, TRUE, '2026-03-10 14:25:00', '2026-03-10 14:30:00'),
(40, 20, 6, TRUE, '2026-03-11 13:00:00', '2026-03-11 13:05:00'),
(41, 20, 19, FALSE, '2026-03-11 13:00:00', '2026-03-11 13:05:00'),
(42, 20, 24, FALSE, '2026-03-11 13:00:00', '2026-03-11 13:05:00'),
(43, 21, 23, TRUE, '2026-03-12 12:55:00', '2026-03-12 13:00:00'),
(44, 21, 8, FALSE, '2026-03-12 12:55:00', '2026-03-12 13:00:00'),
(45, 22, 5, TRUE, '2026-03-13 14:30:00', '2026-03-13 14:35:00'),
(46, 23, 8, TRUE, '2026-03-16 15:35:00', '2026-03-16 15:40:00'),
(47, 23, 22, FALSE, '2026-03-16 15:35:00', '2026-03-16 15:40:00'),
(48, 24, 2, TRUE, '2026-03-17 14:00:00', '2026-03-17 14:05:00'),
(49, 24, 21, FALSE, '2026-03-17 14:00:00', '2026-03-17 14:05:00'),
(50, 25, 13, TRUE, '2026-03-19 16:30:00', '2026-03-19 16:35:00'),
(51, 25, 16, FALSE, '2026-03-19 16:30:00', '2026-03-19 16:35:00'),
(52, 26, 16, TRUE, '2026-03-23 12:30:00', '2026-03-23 12:35:00'),
(53, 26, 9, FALSE, '2026-03-23 12:30:00', '2026-03-23 12:35:00'),
(54, 27, 22, TRUE, '2026-03-24 16:25:00', '2026-03-24 16:30:00'),
(55, 27, 11, FALSE, '2026-03-24 16:25:00', '2026-03-24 16:30:00'),
(56, 28, 14, TRUE, '2026-03-27 16:05:00', '2026-03-27 16:10:00'),
(57, 28, 20, FALSE, '2026-03-27 16:05:00', '2026-03-27 16:10:00'),
(58, 29, 9, TRUE, '2026-03-30 10:05:00', '2026-03-30 10:10:00'),
(59, 30, 25, TRUE, '2026-03-31 15:35:00', '2026-03-31 15:40:00'),
(60, 30, 7, FALSE, '2026-03-31 15:35:00', '2026-03-31 15:40:00'),
(61, 30, 17, FALSE, '2026-03-31 15:35:00', '2026-03-31 15:40:00'),
(62, 31, 22, TRUE, '2026-04-02 12:00:00', '2026-04-02 12:05:00'),
(63, 32, 4, TRUE, '2026-04-08 14:55:00', '2026-04-08 15:00:00'),
(64, 32, 22, FALSE, '2026-04-08 14:55:00', '2026-04-08 15:00:00'),
(65, 32, 15, FALSE, '2026-04-08 14:55:00', '2026-04-08 15:00:00'),
(66, 33, 1, TRUE, '2026-04-10 12:30:00', '2026-04-10 12:35:00'),
(67, 34, 21, TRUE, '2026-04-13 13:05:00', '2026-04-13 13:10:00'),
(68, 34, 4, FALSE, '2026-04-13 13:05:00', '2026-04-13 13:10:00'),
(69, 34, 23, FALSE, '2026-04-13 13:05:00', '2026-04-13 13:10:00'),
(70, 35, 6, TRUE, '2026-04-15 14:25:00', '2026-04-15 14:30:00'),
(71, 35, 4, FALSE, '2026-04-15 14:25:00', '2026-04-15 14:30:00'),
(72, 35, 23, FALSE, '2026-04-15 14:25:00', '2026-04-15 14:30:00'),
(73, 36, 21, TRUE, '2026-04-16 14:25:00', '2026-04-16 14:30:00'),
(74, 37, 6, TRUE, '2026-04-17 16:00:00', '2026-04-17 16:05:00'),
(75, 37, 25, FALSE, '2026-04-17 16:00:00', '2026-04-17 16:05:00'),
(76, 38, 2, TRUE, '2026-04-21 13:55:00', '2026-04-21 14:00:00'),
(77, 38, 9, FALSE, '2026-04-21 13:55:00', '2026-04-21 14:00:00'),
(78, 39, 7, TRUE, '2026-04-22 10:00:00', '2026-04-22 10:05:00'),
(79, 39, 20, FALSE, '2026-04-22 10:00:00', '2026-04-22 10:05:00'),
(80, 40, 18, TRUE, '2026-04-23 14:30:00', '2026-04-23 14:35:00'),
(81, 41, 4, TRUE, '2026-04-24 15:30:00', '2026-04-24 15:35:00'),
(82, 41, 2, FALSE, '2026-04-24 15:30:00', '2026-04-24 15:35:00'),
(83, 42, 5, TRUE, '2026-04-28 09:25:00', '2026-04-28 09:30:00'),
(84, 42, 21, FALSE, '2026-04-28 09:25:00', '2026-04-28 09:30:00'),
(85, 43, 23, TRUE, '2026-04-30 14:05:00', '2026-04-30 14:10:00'),
(86, 44, 16, TRUE, '2026-05-01 13:00:00', '2026-05-01 13:05:00'),
(87, 44, 14, FALSE, '2026-05-01 13:00:00', '2026-05-01 13:05:00'),
(88, 45, 23, TRUE, '2026-05-04 14:00:00', '2026-05-04 14:05:00'),
(89, 45, 25, FALSE, '2026-05-04 14:00:00', '2026-05-04 14:05:00'),
(90, 46, 13, TRUE, '2026-05-05 08:30:00', '2026-05-05 08:35:00'),
(91, 46, 2, FALSE, '2026-05-05 08:30:00', '2026-05-05 08:35:00'),
(92, 47, 3, TRUE, '2026-05-07 10:05:00', '2026-05-07 10:10:00'),
(93, 47, 15, FALSE, '2026-05-07 10:05:00', '2026-05-07 10:10:00'),
(94, 48, 22, TRUE, '2026-02-03 15:00:00', '2026-02-03 15:05:00'),
(95, 48, 7, FALSE, '2026-02-03 15:00:00', '2026-02-03 15:05:00'),
(96, 49, 3, TRUE, '2026-02-04 09:30:00', '2026-02-04 09:35:00'),
(97, 49, 21, FALSE, '2026-02-04 09:30:00', '2026-02-04 09:35:00'),
(98, 50, 24, TRUE, '2026-02-05 12:00:00', '2026-02-05 12:05:00'),
(99, 51, 18, TRUE, '2026-02-06 14:05:00', '2026-02-06 14:10:00'),
(100, 52, 1, TRUE, '2026-02-09 11:05:00', '2026-02-09 11:10:00'),
(101, 52, 2, FALSE, '2026-02-09 11:05:00', '2026-02-09 11:10:00'),
(102, 53, 4, TRUE, '2026-02-10 10:00:00', '2026-02-10 10:05:00'),
(103, 53, 7, FALSE, '2026-02-10 10:00:00', '2026-02-10 10:05:00'),
(104, 54, 3, TRUE, '2026-02-12 15:35:00', '2026-02-12 15:40:00'),
(105, 55, 20, TRUE, '2026-02-13 15:55:00', '2026-02-13 16:00:00'),
(106, 55, 2, FALSE, '2026-02-13 15:55:00', '2026-02-13 16:00:00'),
(107, 56, 10, TRUE, '2026-02-17 11:55:00', '2026-02-17 12:00:00'),
(108, 57, 4, TRUE, '2026-02-18 15:55:00', '2026-02-18 16:00:00'),
(109, 58, 24, TRUE, '2026-02-19 12:00:00', '2026-02-19 12:05:00'),
(110, 58, 22, FALSE, '2026-02-19 12:00:00', '2026-02-19 12:05:00'),
(111, 59, 5, TRUE, '2026-02-23 08:30:00', '2026-02-23 08:35:00'),
(112, 59, 11, FALSE, '2026-02-23 08:30:00', '2026-02-23 08:35:00'),
(113, 59, 7, FALSE, '2026-02-23 08:30:00', '2026-02-23 08:35:00'),
(114, 60, 9, TRUE, '2026-02-25 15:25:00', '2026-02-25 15:30:00'),
(115, 61, 6, TRUE, '2026-02-26 16:25:00', '2026-02-26 16:30:00'),
(116, 61, 15, FALSE, '2026-02-26 16:25:00', '2026-02-26 16:30:00'),
(117, 61, 8, FALSE, '2026-02-26 16:25:00', '2026-02-26 16:30:00'),
(118, 62, 13, TRUE, '2026-02-27 12:35:00', '2026-02-27 12:40:00'),
(119, 62, 25, FALSE, '2026-02-27 12:35:00', '2026-02-27 12:40:00'),
(120, 62, 6, FALSE, '2026-02-27 12:35:00', '2026-02-27 12:40:00'),
(121, 63, 6, TRUE, '2026-03-06 13:25:00', '2026-03-06 13:30:00'),
(122, 64, 7, TRUE, '2026-03-09 13:55:00', '2026-03-09 14:00:00'),
(123, 65, 6, TRUE, '2026-03-10 14:55:00', '2026-03-10 15:00:00'),
(124, 66, 21, TRUE, '2026-03-13 12:05:00', '2026-03-13 12:10:00'),
(125, 67, 8, TRUE, '2026-03-17 15:30:00', '2026-03-17 15:35:00'),
(126, 67, 7, FALSE, '2026-03-17 15:30:00', '2026-03-17 15:35:00'),
(127, 67, 4, FALSE, '2026-03-17 15:30:00', '2026-03-17 15:35:00'),
(128, 68, 8, TRUE, '2026-03-20 10:35:00', '2026-03-20 10:40:00'),
(129, 68, 15, FALSE, '2026-03-20 10:35:00', '2026-03-20 10:40:00'),
(130, 68, 25, FALSE, '2026-03-20 10:35:00', '2026-03-20 10:40:00'),
(131, 69, 5, TRUE, '2026-03-27 14:05:00', '2026-03-27 14:10:00'),
(132, 70, 22, TRUE, '2026-03-30 16:35:00', '2026-03-30 16:40:00'),
(133, 71, 9, TRUE, '2026-03-31 14:55:00', '2026-03-31 15:00:00'),
(134, 71, 11, FALSE, '2026-03-31 14:55:00', '2026-03-31 15:00:00'),
(135, 72, 18, TRUE, '2026-04-01 13:35:00', '2026-04-01 13:40:00'),
(136, 73, 4, TRUE, '2026-04-03 09:55:00', '2026-04-03 10:00:00'),
(137, 73, 3, FALSE, '2026-04-03 09:55:00', '2026-04-03 10:00:00'),
(138, 73, 8, FALSE, '2026-04-03 09:55:00', '2026-04-03 10:00:00'),
(139, 74, 24, TRUE, '2026-04-06 16:35:00', '2026-04-06 16:40:00'),
(140, 75, 8, TRUE, '2026-04-07 08:35:00', '2026-04-07 08:40:00'),
(141, 75, 4, FALSE, '2026-04-07 08:35:00', '2026-04-07 08:40:00'),
(142, 76, 3, TRUE, '2026-04-08 10:25:00', '2026-04-08 10:30:00'),
(143, 77, 7, TRUE, '2026-04-09 14:30:00', '2026-04-09 14:35:00'),
(144, 78, 5, TRUE, '2026-04-10 15:05:00', '2026-04-10 15:10:00'),
(145, 78, 15, FALSE, '2026-04-10 15:05:00', '2026-04-10 15:10:00'),
(146, 79, 11, TRUE, '2026-04-13 10:05:00', '2026-04-13 10:10:00'),
(147, 80, 15, TRUE, '2026-04-14 09:25:00', '2026-04-14 09:30:00'),
(148, 81, 10, TRUE, '2026-04-16 10:30:00', '2026-04-16 10:35:00'),
(149, 82, 8, TRUE, '2026-04-17 12:05:00', '2026-04-17 12:10:00'),
(150, 82, 3, FALSE, '2026-04-17 12:05:00', '2026-04-17 12:10:00'),
(151, 82, 14, FALSE, '2026-04-17 12:05:00', '2026-04-17 12:10:00'),
(152, 83, 15, TRUE, '2026-04-23 14:35:00', '2026-04-23 14:40:00'),
(153, 83, 9, FALSE, '2026-04-23 14:35:00', '2026-04-23 14:40:00'),
(154, 84, 14, TRUE, '2026-04-28 09:25:00', '2026-04-28 09:30:00'),
(155, 84, 19, FALSE, '2026-04-28 09:25:00', '2026-04-28 09:30:00'),
(156, 85, 2, TRUE, '2026-05-04 08:25:00', '2026-05-04 08:30:00'),
(157, 86, 16, TRUE, '2026-05-05 10:30:00', '2026-05-05 10:35:00'),
(158, 86, 23, FALSE, '2026-05-05 10:30:00', '2026-05-05 10:35:00'),
(159, 87, 25, TRUE, '2026-05-06 09:55:00', '2026-05-06 10:00:00'),
(160, 87, 1, FALSE, '2026-05-06 09:55:00', '2026-05-06 10:00:00'),
(161, 87, 23, FALSE, '2026-05-06 09:55:00', '2026-05-06 10:00:00'),
(162, 88, 10, TRUE, '2026-05-07 12:05:00', '2026-05-07 12:10:00'),
(163, 88, 8, FALSE, '2026-05-07 12:05:00', '2026-05-07 12:10:00'),
(164, 89, 6, TRUE, '2026-02-03 11:05:00', '2026-02-03 11:10:00'),
(165, 89, 23, FALSE, '2026-02-03 11:05:00', '2026-02-03 11:10:00'),
(166, 90, 23, TRUE, '2026-02-04 09:30:00', '2026-02-04 09:35:00'),
(167, 91, 21, TRUE, '2026-02-05 10:00:00', '2026-02-05 10:05:00'),
(168, 92, 14, TRUE, '2026-02-06 08:25:00', '2026-02-06 08:30:00'),
(169, 92, 25, FALSE, '2026-02-06 08:25:00', '2026-02-06 08:30:00'),
(170, 93, 24, TRUE, '2026-02-16 13:00:00', '2026-02-16 13:05:00'),
(171, 93, 2, FALSE, '2026-02-16 13:00:00', '2026-02-16 13:05:00'),
(172, 94, 15, TRUE, '2026-02-17 11:05:00', '2026-02-17 11:10:00'),
(173, 94, 20, FALSE, '2026-02-17 11:05:00', '2026-02-17 11:10:00'),
(174, 95, 23, TRUE, '2026-02-18 14:25:00', '2026-02-18 14:30:00'),
(175, 95, 3, FALSE, '2026-02-18 14:25:00', '2026-02-18 14:30:00'),
(176, 95, 18, FALSE, '2026-02-18 14:25:00', '2026-02-18 14:30:00'),
(177, 96, 18, TRUE, '2026-02-19 12:35:00', '2026-02-19 12:40:00'),
(178, 97, 9, TRUE, '2026-02-20 08:55:00', '2026-02-20 09:00:00'),
(179, 97, 17, FALSE, '2026-02-20 08:55:00', '2026-02-20 09:00:00'),
(180, 98, 12, TRUE, '2026-02-23 09:05:00', '2026-02-23 09:10:00'),
(181, 99, 16, TRUE, '2026-02-24 08:30:00', '2026-02-24 08:35:00'),
(182, 100, 22, TRUE, '2026-02-25 08:35:00', '2026-02-25 08:40:00'),
(183, 100, 23, FALSE, '2026-02-25 08:35:00', '2026-02-25 08:40:00'),
(184, 101, 6, TRUE, '2026-02-26 12:25:00', '2026-02-26 12:30:00'),
(185, 101, 10, FALSE, '2026-02-26 12:25:00', '2026-02-26 12:30:00'),
(186, 102, 23, TRUE, '2026-02-27 09:55:00', '2026-02-27 10:00:00'),
(187, 103, 10, TRUE, '2026-03-02 12:25:00', '2026-03-02 12:30:00'),
(188, 104, 15, TRUE, '2026-03-03 08:30:00', '2026-03-03 08:35:00'),
(189, 104, 24, FALSE, '2026-03-03 08:30:00', '2026-03-03 08:35:00'),
(190, 105, 1, TRUE, '2026-03-04 12:05:00', '2026-03-04 12:10:00'),
(191, 106, 21, TRUE, '2026-03-05 14:25:00', '2026-03-05 14:30:00'),
(192, 106, 11, FALSE, '2026-03-05 14:25:00', '2026-03-05 14:30:00'),
(193, 107, 5, TRUE, '2026-03-10 16:00:00', '2026-03-10 16:05:00'),
(194, 107, 10, FALSE, '2026-03-10 16:00:00', '2026-03-10 16:05:00'),
(195, 107, 6, FALSE, '2026-03-10 16:00:00', '2026-03-10 16:05:00'),
(196, 108, 25, TRUE, '2026-03-11 12:30:00', '2026-03-11 12:35:00'),
(197, 108, 2, FALSE, '2026-03-11 12:30:00', '2026-03-11 12:35:00'),
(198, 109, 20, TRUE, '2026-03-13 09:55:00', '2026-03-13 10:00:00'),
(199, 110, 6, TRUE, '2026-03-18 14:25:00', '2026-03-18 14:30:00'),
(200, 111, 15, TRUE, '2026-03-19 12:25:00', '2026-03-19 12:30:00'),
(201, 112, 23, TRUE, '2026-03-20 11:00:00', '2026-03-20 11:05:00'),
(202, 112, 2, FALSE, '2026-03-20 11:00:00', '2026-03-20 11:05:00'),
(203, 112, 22, FALSE, '2026-03-20 11:00:00', '2026-03-20 11:05:00'),
(204, 113, 18, TRUE, '2026-03-23 10:00:00', '2026-03-23 10:05:00'),
(205, 113, 6, FALSE, '2026-03-23 10:00:00', '2026-03-23 10:05:00'),
(206, 114, 16, TRUE, '2026-03-25 11:35:00', '2026-03-25 11:40:00'),
(207, 114, 25, FALSE, '2026-03-25 11:35:00', '2026-03-25 11:40:00'),
(208, 115, 17, TRUE, '2026-03-30 13:25:00', '2026-03-30 13:30:00'),
(209, 115, 11, FALSE, '2026-03-30 13:25:00', '2026-03-30 13:30:00'),
(210, 115, 21, FALSE, '2026-03-30 13:25:00', '2026-03-30 13:30:00'),
(211, 116, 22, TRUE, '2026-04-03 10:35:00', '2026-04-03 10:40:00'),
(212, 116, 5, FALSE, '2026-04-03 10:35:00', '2026-04-03 10:40:00'),
(213, 116, 19, FALSE, '2026-04-03 10:35:00', '2026-04-03 10:40:00'),
(214, 117, 5, TRUE, '2026-04-06 15:35:00', '2026-04-06 15:40:00'),
(215, 118, 20, TRUE, '2026-04-07 15:05:00', '2026-04-07 15:10:00'),
(216, 118, 8, FALSE, '2026-04-07 15:05:00', '2026-04-07 15:10:00'),
(217, 119, 20, TRUE, '2026-04-14 12:30:00', '2026-04-14 12:35:00'),
(218, 120, 3, TRUE, '2026-04-15 10:35:00', '2026-04-15 10:40:00'),
(219, 121, 7, TRUE, '2026-04-16 09:05:00', '2026-04-16 09:10:00'),
(220, 121, 16, FALSE, '2026-04-16 09:05:00', '2026-04-16 09:10:00'),
(221, 122, 12, TRUE, '2026-04-22 10:00:00', '2026-04-22 10:05:00'),
(222, 122, 13, FALSE, '2026-04-22 10:00:00', '2026-04-22 10:05:00'),
(223, 123, 10, TRUE, '2026-04-24 16:30:00', '2026-04-24 16:35:00'),
(224, 123, 15, FALSE, '2026-04-24 16:30:00', '2026-04-24 16:35:00'),
(225, 124, 15, TRUE, '2026-04-27 11:35:00', '2026-04-27 11:40:00'),
(226, 124, 10, FALSE, '2026-04-27 11:35:00', '2026-04-27 11:40:00'),
(227, 125, 20, TRUE, '2026-04-29 10:55:00', '2026-04-29 11:00:00'),
(228, 125, 3, FALSE, '2026-04-29 10:55:00', '2026-04-29 11:00:00'),
(229, 125, 5, FALSE, '2026-04-29 10:55:00', '2026-04-29 11:00:00'),
(230, 126, 3, TRUE, '2026-05-01 14:25:00', '2026-05-01 14:30:00'),
(231, 126, 19, FALSE, '2026-05-01 14:25:00', '2026-05-01 14:30:00'),
(232, 127, 14, TRUE, '2026-05-04 13:00:00', '2026-05-04 13:05:00'),
(233, 127, 6, FALSE, '2026-05-04 13:00:00', '2026-05-04 13:05:00'),
(234, 128, 13, TRUE, '2026-05-05 15:35:00', '2026-05-05 15:40:00'),
(235, 129, 10, TRUE, '2026-05-07 14:00:00', '2026-05-07 14:05:00'),
(236, 129, 16, FALSE, '2026-05-07 14:00:00', '2026-05-07 14:05:00'),
(237, 129, 18, FALSE, '2026-05-07 14:00:00', '2026-05-07 14:05:00'),
(238, 130, 9, TRUE, '2026-05-08 10:35:00', '2026-05-08 10:40:00'),
(239, 131, 6, TRUE, '2026-05-11 10:30:00', '2026-05-11 10:35:00'),
(240, 131, 16, FALSE, '2026-05-11 10:30:00', '2026-05-11 10:35:00'),
(241, 132, 3, TRUE, '2026-02-04 11:35:00', '2026-02-04 11:40:00'),
(242, 132, 20, FALSE, '2026-02-04 11:35:00', '2026-02-04 11:40:00'),
(243, 133, 21, TRUE, '2026-02-06 10:05:00', '2026-02-06 10:10:00'),
(244, 133, 22, FALSE, '2026-02-06 10:05:00', '2026-02-06 10:10:00'),
(245, 134, 9, TRUE, '2026-02-09 11:00:00', '2026-02-09 11:05:00'),
(246, 135, 12, TRUE, '2026-02-10 14:55:00', '2026-02-10 15:00:00'),
(247, 136, 21, TRUE, '2026-02-12 11:25:00', '2026-02-12 11:30:00'),
(248, 136, 12, FALSE, '2026-02-12 11:25:00', '2026-02-12 11:30:00'),
(249, 137, 7, TRUE, '2026-02-19 12:55:00', '2026-02-19 13:00:00'),
(250, 137, 25, FALSE, '2026-02-19 12:55:00', '2026-02-19 13:00:00'),
(251, 137, 21, FALSE, '2026-02-19 12:55:00', '2026-02-19 13:00:00'),
(252, 138, 11, TRUE, '2026-02-20 09:55:00', '2026-02-20 10:00:00'),
(253, 138, 22, FALSE, '2026-02-20 09:55:00', '2026-02-20 10:00:00'),
(254, 139, 19, TRUE, '2026-02-23 10:30:00', '2026-02-23 10:35:00'),
(255, 139, 12, FALSE, '2026-02-23 10:30:00', '2026-02-23 10:35:00'),
(256, 139, 5, FALSE, '2026-02-23 10:30:00', '2026-02-23 10:35:00'),
(257, 140, 14, TRUE, '2026-02-24 16:25:00', '2026-02-24 16:30:00'),
(258, 140, 11, FALSE, '2026-02-24 16:25:00', '2026-02-24 16:30:00'),
(259, 141, 8, TRUE, '2026-02-26 10:25:00', '2026-02-26 10:30:00'),
(260, 141, 7, FALSE, '2026-02-26 10:25:00', '2026-02-26 10:30:00'),
(261, 141, 18, FALSE, '2026-02-26 10:25:00', '2026-02-26 10:30:00'),
(262, 142, 4, TRUE, '2026-02-27 16:35:00', '2026-02-27 16:40:00'),
(263, 143, 23, TRUE, '2026-03-02 14:55:00', '2026-03-02 15:00:00'),
(264, 143, 12, FALSE, '2026-03-02 14:55:00', '2026-03-02 15:00:00'),
(265, 144, 24, TRUE, '2026-03-03 12:55:00', '2026-03-03 13:00:00'),
(266, 145, 10, TRUE, '2026-03-06 11:25:00', '2026-03-06 11:30:00'),
(267, 146, 23, TRUE, '2026-03-10 12:25:00', '2026-03-10 12:30:00'),
(268, 146, 25, FALSE, '2026-03-10 12:25:00', '2026-03-10 12:30:00'),
(269, 147, 2, TRUE, '2026-03-11 08:25:00', '2026-03-11 08:30:00'),
(270, 147, 7, FALSE, '2026-03-11 08:25:00', '2026-03-11 08:30:00'),
(271, 148, 9, TRUE, '2026-03-12 15:55:00', '2026-03-12 16:00:00'),
(272, 149, 4, TRUE, '2026-03-16 13:55:00', '2026-03-16 14:00:00'),
(273, 150, 1, TRUE, '2026-03-20 13:05:00', '2026-03-20 13:10:00'),
(274, 150, 3, FALSE, '2026-03-20 13:05:00', '2026-03-20 13:10:00'),
(275, 151, 17, TRUE, '2026-03-23 09:25:00', '2026-03-23 09:30:00'),
(276, 152, 17, TRUE, '2026-03-24 13:35:00', '2026-03-24 13:40:00'),
(277, 153, 1, TRUE, '2026-03-25 08:25:00', '2026-03-25 08:30:00'),
(278, 153, 24, FALSE, '2026-03-25 08:25:00', '2026-03-25 08:30:00'),
(279, 153, 4, FALSE, '2026-03-25 08:25:00', '2026-03-25 08:30:00'),
(280, 154, 15, TRUE, '2026-03-26 09:25:00', '2026-03-26 09:30:00'),
(281, 155, 14, TRUE, '2026-03-30 08:35:00', '2026-03-30 08:40:00'),
(282, 155, 7, FALSE, '2026-03-30 08:35:00', '2026-03-30 08:40:00'),
(283, 156, 4, TRUE, '2026-04-01 14:35:00', '2026-04-01 14:40:00'),
(284, 156, 15, FALSE, '2026-04-01 14:35:00', '2026-04-01 14:40:00'),
(285, 157, 18, TRUE, '2026-04-03 12:55:00', '2026-04-03 13:00:00'),
(286, 157, 24, FALSE, '2026-04-03 12:55:00', '2026-04-03 13:00:00'),
(287, 158, 10, TRUE, '2026-04-06 08:55:00', '2026-04-06 09:00:00'),
(288, 158, 15, FALSE, '2026-04-06 08:55:00', '2026-04-06 09:00:00'),
(289, 159, 10, TRUE, '2026-04-07 10:35:00', '2026-04-07 10:40:00'),
(290, 159, 14, FALSE, '2026-04-07 10:35:00', '2026-04-07 10:40:00'),
(291, 160, 1, TRUE, '2026-04-08 09:25:00', '2026-04-08 09:30:00'),
(292, 161, 17, TRUE, '2026-04-09 14:05:00', '2026-04-09 14:10:00'),
(293, 161, 22, FALSE, '2026-04-09 14:05:00', '2026-04-09 14:10:00'),
(294, 162, 13, TRUE, '2026-04-16 12:35:00', '2026-04-16 12:40:00'),
(295, 162, 23, FALSE, '2026-04-16 12:35:00', '2026-04-16 12:40:00'),
(296, 163, 11, TRUE, '2026-04-21 09:35:00', '2026-04-21 09:40:00'),
(297, 164, 24, TRUE, '2026-04-22 10:25:00', '2026-04-22 10:30:00'),
(298, 164, 16, FALSE, '2026-04-22 10:25:00', '2026-04-22 10:30:00'),
(299, 165, 22, TRUE, '2026-04-23 11:30:00', '2026-04-23 11:35:00'),
(300, 165, 20, FALSE, '2026-04-23 11:30:00', '2026-04-23 11:35:00'),
(301, 166, 4, TRUE, '2026-04-24 13:30:00', '2026-04-24 13:35:00'),
(302, 166, 9, FALSE, '2026-04-24 13:30:00', '2026-04-24 13:35:00'),
(303, 167, 4, TRUE, '2026-04-27 16:00:00', '2026-04-27 16:05:00'),
(304, 168, 6, TRUE, '2026-04-28 15:35:00', '2026-04-28 15:40:00'),
(305, 169, 20, TRUE, '2026-04-29 14:00:00', '2026-04-29 14:05:00'),
(306, 169, 4, FALSE, '2026-04-29 14:00:00', '2026-04-29 14:05:00'),
(307, 169, 25, FALSE, '2026-04-29 14:00:00', '2026-04-29 14:05:00'),
(308, 170, 22, TRUE, '2026-04-30 12:55:00', '2026-04-30 13:00:00'),
(309, 170, 16, FALSE, '2026-04-30 12:55:00', '2026-04-30 13:00:00'),
(310, 171, 1, TRUE, '2026-05-04 16:00:00', '2026-05-04 16:05:00'),
(311, 171, 25, FALSE, '2026-05-04 16:00:00', '2026-05-04 16:05:00'),
(312, 171, 2, FALSE, '2026-05-04 16:00:00', '2026-05-04 16:05:00'),
(313, 172, 15, TRUE, '2026-05-08 09:00:00', '2026-05-08 09:05:00'),
(314, 172, 2, FALSE, '2026-05-08 09:00:00', '2026-05-08 09:05:00'),
(315, 173, 14, TRUE, '2026-05-11 16:25:00', '2026-05-11 16:30:00'),
(316, 173, 5, FALSE, '2026-05-11 16:25:00', '2026-05-11 16:30:00'),
(317, 174, 22, TRUE, '2026-02-04 16:30:00', '2026-02-04 16:35:00'),
(318, 174, 16, FALSE, '2026-02-04 16:30:00', '2026-02-04 16:35:00'),
(319, 174, 18, FALSE, '2026-02-04 16:30:00', '2026-02-04 16:35:00'),
(320, 175, 17, TRUE, '2026-02-06 09:35:00', '2026-02-06 09:40:00'),
(321, 176, 13, TRUE, '2026-02-10 10:25:00', '2026-02-10 10:30:00'),
(322, 176, 20, FALSE, '2026-02-10 10:25:00', '2026-02-10 10:30:00'),
(323, 176, 22, FALSE, '2026-02-10 10:25:00', '2026-02-10 10:30:00'),
(324, 177, 19, TRUE, '2026-02-11 13:30:00', '2026-02-11 13:35:00'),
(325, 178, 1, TRUE, '2026-02-16 09:25:00', '2026-02-16 09:30:00'),
(326, 178, 25, FALSE, '2026-02-16 09:25:00', '2026-02-16 09:30:00'),
(327, 178, 21, FALSE, '2026-02-16 09:25:00', '2026-02-16 09:30:00'),
(328, 179, 12, TRUE, '2026-02-17 15:30:00', '2026-02-17 15:35:00'),
(329, 179, 14, FALSE, '2026-02-17 15:30:00', '2026-02-17 15:35:00'),
(330, 180, 21, TRUE, '2026-02-18 13:30:00', '2026-02-18 13:35:00'),
(331, 181, 6, TRUE, '2026-02-20 09:30:00', '2026-02-20 09:35:00'),
(332, 181, 1, FALSE, '2026-02-20 09:30:00', '2026-02-20 09:35:00'),
(333, 182, 17, TRUE, '2026-02-25 10:05:00', '2026-02-25 10:10:00'),
(334, 182, 14, FALSE, '2026-02-25 10:05:00', '2026-02-25 10:10:00'),
(335, 182, 9, FALSE, '2026-02-25 10:05:00', '2026-02-25 10:10:00'),
(336, 183, 19, TRUE, '2026-02-26 15:55:00', '2026-02-26 16:00:00'),
(337, 183, 13, FALSE, '2026-02-26 15:55:00', '2026-02-26 16:00:00'),
(338, 184, 11, TRUE, '2026-02-27 10:30:00', '2026-02-27 10:35:00'),
(339, 185, 12, TRUE, '2026-03-02 11:30:00', '2026-03-02 11:35:00'),
(340, 185, 14, FALSE, '2026-03-02 11:30:00', '2026-03-02 11:35:00');

-- tip_nalaza: 5 redaka
INSERT INTO tip_nalaza (id, sifra, naziv, opis, vrijeme_kreiranja, vrijeme_azuriranja) VALUES
(1, 'LAB', 'Laboratorijski nalaz', 'Nalaz laboratorijske dijagnostike.', '2026-01-07 08:00:00', '2026-01-07 08:10:00'),
(2, 'RAD', 'Radioloski nalaz', 'Nalaz slikovne dijagnostike.', '2026-01-07 08:00:00', '2026-01-07 08:10:00'),
(3, 'UZV', 'Ultrazvucni nalaz', 'Nalaz ultrazvucne dijagnostike.', '2026-01-07 08:00:00', '2026-01-07 08:10:00'),
(4, 'END', 'Endoskopski nalaz', 'Nalaz endoskopskog postupka.', '2026-01-07 08:00:00', '2026-01-07 08:10:00'),
(5, 'KON', 'Konzilijarni nalaz', 'Specijalisticki nalaz i misljenje.', '2026-01-07 08:00:00', '2026-01-07 08:10:00');

-- nalaz: 112 redaka
INSERT INTO nalaz (id, id_pregled, id_pacijent, id_zaposlenik, id_tip_nalaza, status_nalaza, izdano_u, sazetak, napomena, vrijeme_kreiranja, vrijeme_azuriranja) VALUES
(1, 1, 32, 7, 1, 'UPISAN', '2026-02-03 10:10:00', 'Uoceno blago odstupanje, preporucena kontrola.', '-', '2026-02-03 09:10:00', '2026-02-03 10:10:00'),
(2, 2, 150, 23, 1, 'VERIFIKACIJA', '2026-02-04 14:05:00', 'Potrebna dodatna obrada.', '-', '2026-02-04 13:05:00', '2026-02-04 14:05:00'),
(3, 7, 41, 23, 1, 'VERIFIKACIJA', '2026-02-14 09:45:00', 'Nalaz bez znacajnih odstupanja.', '-', '2026-02-14 08:45:00', '2026-02-14 09:45:00'),
(4, 8, 91, 38, 1, 'VERIFIKACIJA', '2026-02-18 10:35:00', 'Uoceno blago odstupanje, preporucena kontrola.', '-', '2026-02-18 09:35:00', '2026-02-18 10:35:00'),
(5, 9, 15, 3, 1, 'UPISAN', '2026-02-18 13:40:00', 'Nalaz odgovara klinickoj slici.', '-', '2026-02-18 12:40:00', '2026-02-18 13:40:00'),
(6, 10, 19, 56, 1, 'VERIFIKACIJA', '2026-02-21 13:40:00', 'Nalaz odgovara klinickoj slici.', '-', '2026-02-21 12:40:00', '2026-02-21 13:40:00'),
(7, 11, 41, 21, 1, 'VERIFIKACIJA', '2026-02-25 14:45:00', 'Potrebna dodatna obrada.', '-', '2026-02-25 13:45:00', '2026-02-25 14:45:00'),
(8, 13, 198, 2, 1, 'UPISAN', '2026-02-25 10:45:00', 'Uoceno blago odstupanje, preporucena kontrola.', '-', '2026-02-25 09:45:00', '2026-02-25 10:45:00'),
(9, 14, 37, 60, 1, 'UPISAN', '2026-02-26 17:15:00', 'Potrebna dodatna obrada.', '-', '2026-02-26 16:15:00', '2026-02-26 17:15:00'),
(10, 15, 66, 6, 1, 'UPISAN', '2026-03-04 09:45:00', 'Nalaz bez znacajnih odstupanja.', '-', '2026-03-04 08:45:00', '2026-03-04 09:45:00'),
(11, 16, 127, 58, 1, 'VERIFIKACIJA', '2026-03-04 14:10:00', 'Uoceno blago odstupanje, preporucena kontrola.', '-', '2026-03-04 13:10:00', '2026-03-04 14:10:00'),
(12, 17, 19, 17, 1, 'VERIFIKACIJA', '2026-03-06 13:15:00', 'Potrebna dodatna obrada.', '-', '2026-03-06 12:15:00', '2026-03-06 13:15:00'),
(13, 18, 181, 22, 1, 'UPISAN', '2026-03-06 10:15:00', 'Uoceno blago odstupanje, preporucena kontrola.', '-', '2026-03-06 09:15:00', '2026-03-06 10:15:00'),
(14, 20, 23, 2, 1, 'UPISAN', '2026-03-12 12:40:00', 'Uoceno blago odstupanje, preporucena kontrola.', '-', '2026-03-12 11:40:00', '2026-03-12 12:40:00'),
(15, 21, 164, 13, 1, 'VERIFIKACIJA', '2026-03-12 16:35:00', 'Uoceno blago odstupanje, preporucena kontrola.', '-', '2026-03-12 15:35:00', '2026-03-12 16:35:00'),
(16, 22, 24, 32, 1, 'IZDAN', '2026-03-13 18:10:00', 'Uoceno blago odstupanje, preporucena kontrola.', '-', '2026-03-13 17:10:00', '2026-03-13 18:10:00'),
(17, 24, 22, 43, 1, 'UPISAN', '2026-03-19 13:40:00', 'Potrebna dodatna obrada.', '-', '2026-03-19 12:40:00', '2026-03-19 13:40:00'),
(18, 25, 129, 57, 1, 'IZDAN', '2026-03-19 18:10:00', 'Uoceno blago odstupanje, preporucena kontrola.', '-', '2026-03-19 17:10:00', '2026-03-19 18:10:00'),
(19, 26, 153, 53, 1, 'VERIFIKACIJA', '2026-03-23 14:10:00', 'Nalaz odgovara klinickoj slici.', '-', '2026-03-23 13:10:00', '2026-03-23 14:10:00'),
(20, 28, 13, 45, 1, 'UPISAN', '2026-03-27 17:45:00', 'Potrebna dodatna obrada.', '-', '2026-03-27 16:45:00', '2026-03-27 17:45:00'),
(21, 30, 49, 27, 1, 'VERIFIKACIJA', '2026-03-31 17:15:00', 'Nalaz odgovara klinickoj slici.', '-', '2026-03-31 16:15:00', '2026-03-31 17:15:00'),
(22, 33, 118, 56, 1, 'UPISAN', '2026-04-11 12:10:00', 'Nalaz bez znacajnih odstupanja.', '-', '2026-04-11 11:10:00', '2026-04-11 12:10:00'),
(23, 34, 144, 34, 1, 'IZDAN', '2026-04-13 16:45:00', 'Nalaz bez znacajnih odstupanja.', '-', '2026-04-13 15:45:00', '2026-04-13 16:45:00'),
(24, 35, 15, 49, 1, 'UPISAN', '2026-04-15 16:05:00', 'Nalaz odgovara klinickoj slici.', '-', '2026-04-15 15:05:00', '2026-04-15 16:05:00'),
(25, 36, 104, 18, 1, 'IZDAN', '2026-04-16 16:05:00', 'Nalaz bez znacajnih odstupanja.', '-', '2026-04-16 15:05:00', '2026-04-16 16:05:00'),
(26, 38, 57, 41, 1, 'UPISAN', '2026-04-23 13:35:00', 'Uoceno blago odstupanje, preporucena kontrola.', '-', '2026-04-23 12:35:00', '2026-04-23 13:35:00'),
(27, 40, 175, 33, 1, 'IZDAN', '2026-04-23 16:10:00', 'Uoceno blago odstupanje, preporucena kontrola.', '-', '2026-04-23 15:10:00', '2026-04-23 16:10:00'),
(28, 42, 126, 49, 1, 'UPISAN', '2026-04-29 09:05:00', 'Nalaz bez znacajnih odstupanja.', '-', '2026-04-29 08:05:00', '2026-04-29 09:05:00'),
(29, 43, 58, 1, 1, 'UPISAN', '2026-05-01 13:45:00', 'Nalaz bez znacajnih odstupanja.', '-', '2026-05-01 12:45:00', '2026-05-01 13:45:00'),
(30, 44, 77, 5, 1, 'VERIFIKACIJA', '2026-05-03 12:40:00', 'Uoceno blago odstupanje, preporucena kontrola.', '-', '2026-05-03 11:40:00', '2026-05-03 12:40:00'),
(31, 48, 92, 53, 1, 'VERIFIKACIJA', '2026-02-04 14:40:00', 'Nalaz bez znacajnih odstupanja.', '-', '2026-02-04 13:40:00', '2026-02-04 14:40:00'),
(32, 51, 75, 55, 1, 'UPISAN', '2026-02-06 15:45:00', 'Uoceno blago odstupanje, preporucena kontrola.', '-', '2026-02-06 14:45:00', '2026-02-06 15:45:00'),
(33, 52, 170, 1, 1, 'VERIFIKACIJA', '2026-02-11 10:45:00', 'Nalaz odgovara klinickoj slici.', '-', '2026-02-11 09:45:00', '2026-02-11 10:45:00'),
(34, 55, 124, 57, 1, 'VERIFIKACIJA', '2026-02-13 19:35:00', 'Potrebna dodatna obrada.', '-', '2026-02-13 18:35:00', '2026-02-13 19:35:00'),
(35, 56, 111, 33, 1, 'VERIFIKACIJA', '2026-02-19 11:35:00', 'Nalaz odgovara klinickoj slici.', '-', '2026-02-19 10:35:00', '2026-02-19 11:35:00'),
(36, 57, 130, 41, 1, 'VERIFIKACIJA', '2026-02-18 19:35:00', 'Uoceno blago odstupanje, preporucena kontrola.', '-', '2026-02-18 18:35:00', '2026-02-18 19:35:00'),
(37, 59, 143, 27, 1, 'UPISAN', '2026-02-25 08:10:00', 'Nalaz odgovara klinickoj slici.', '-', '2026-02-25 07:10:00', '2026-02-25 08:10:00'),
(38, 62, 28, 10, 1, 'VERIFIKACIJA', '2026-02-27 14:15:00', 'Nalaz bez znacajnih odstupanja.', '-', '2026-02-27 13:15:00', '2026-02-27 14:15:00'),
(39, 65, 150, 36, 1, 'VERIFIKACIJA', '2026-03-12 14:35:00', 'Potrebna dodatna obrada.', '-', '2026-03-12 13:35:00', '2026-03-12 14:35:00'),
(40, 70, 83, 57, 1, 'VERIFIKACIJA', '2026-03-31 16:15:00', 'Nalaz odgovara klinickoj slici.', '-', '2026-03-31 15:15:00', '2026-03-31 16:15:00'),
(41, 71, 176, 13, 1, 'IZDAN', '2026-03-31 16:35:00', 'Uoceno blago odstupanje, preporucena kontrola.', '-', '2026-03-31 15:35:00', '2026-03-31 16:35:00'),
(42, 74, 92, 45, 1, 'IZDAN', '2026-04-08 16:15:00', 'Nalaz odgovara klinickoj slici.', '-', '2026-04-08 15:15:00', '2026-04-08 16:15:00'),
(43, 75, 170, 26, 1, 'IZDAN', '2026-04-07 10:15:00', 'Uoceno blago odstupanje, preporucena kontrola.', '-', '2026-04-07 09:15:00', '2026-04-07 10:15:00'),
(44, 76, 163, 26, 1, 'UPISAN', '2026-04-08 14:05:00', 'Potrebna dodatna obrada.', '-', '2026-04-08 13:05:00', '2026-04-08 14:05:00'),
(45, 78, 55, 48, 1, 'UPISAN', '2026-04-12 14:45:00', 'Uoceno blago odstupanje, preporucena kontrola.', '-', '2026-04-12 13:45:00', '2026-04-12 14:45:00'),
(46, 79, 50, 40, 1, 'VERIFIKACIJA', '2026-04-14 09:45:00', 'Uoceno blago odstupanje, preporucena kontrola.', '-', '2026-04-14 08:45:00', '2026-04-14 09:45:00'),
(47, 80, 75, 35, 1, 'IZDAN', '2026-04-15 09:05:00', 'Potrebna dodatna obrada.', '-', '2026-04-15 08:05:00', '2026-04-15 09:05:00'),
(48, 84, 60, 50, 1, 'UPISAN', '2026-04-28 11:05:00', 'Uoceno blago odstupanje, preporucena kontrola.', '-', '2026-04-28 10:05:00', '2026-04-28 11:05:00'),
(49, 87, 185, 52, 1, 'IZDAN', '2026-05-06 13:35:00', 'Potrebna dodatna obrada.', '-', '2026-05-06 12:35:00', '2026-05-06 13:35:00'),
(50, 88, 6, 54, 1, 'IZDAN', '2026-05-08 11:45:00', 'Nalaz bez znacajnih odstupanja.', '-', '2026-05-08 10:45:00', '2026-05-08 11:45:00'),
(51, 90, 117, 44, 1, 'IZDAN', '2026-02-04 11:10:00', 'Potrebna dodatna obrada.', '-', '2026-02-04 10:10:00', '2026-02-04 11:10:00'),
(52, 94, 180, 16, 1, 'UPISAN', '2026-02-17 14:45:00', 'Uoceno blago odstupanje, preporucena kontrola.', '-', '2026-02-17 13:45:00', '2026-02-17 14:45:00'),
(53, 95, 42, 45, 1, 'VERIFIKACIJA', '2026-02-19 14:05:00', 'Potrebna dodatna obrada.', '-', '2026-02-19 13:05:00', '2026-02-19 14:05:00'),
(54, 96, 17, 27, 1, 'IZDAN', '2026-02-21 12:15:00', 'Uoceno blago odstupanje, preporucena kontrola.', '-', '2026-02-21 11:15:00', '2026-02-21 12:15:00'),
(55, 98, 50, 60, 1, 'VERIFIKACIJA', '2026-02-23 12:45:00', 'Uoceno blago odstupanje, preporucena kontrola.', '-', '2026-02-23 11:45:00', '2026-02-23 12:45:00'),
(56, 99, 62, 4, 1, 'IZDAN', '2026-02-24 12:10:00', 'Nalaz odgovara klinickoj slici.', '-', '2026-02-24 11:10:00', '2026-02-24 12:10:00'),
(57, 101, 89, 54, 1, 'IZDAN', '2026-02-28 12:05:00', 'Nalaz odgovara klinickoj slici.', '-', '2026-02-28 11:05:00', '2026-02-28 12:05:00'),
(58, 102, 130, 12, 1, 'IZDAN', '2026-03-01 09:35:00', 'Nalaz bez znacajnih odstupanja.', '-', '2026-03-01 08:35:00', '2026-03-01 09:35:00'),
(59, 103, 138, 52, 1, 'UPISAN', '2026-03-03 12:05:00', 'Potrebna dodatna obrada.', '-', '2026-03-03 11:05:00', '2026-03-03 12:05:00'),
(60, 108, 127, 40, 1, 'UPISAN', '2026-03-11 14:10:00', 'Nalaz bez znacajnih odstupanja.', '-', '2026-03-11 13:10:00', '2026-03-11 14:10:00'),
(61, 109, 118, 25, 1, 'VERIFIKACIJA', '2026-03-13 13:35:00', 'Nalaz odgovara klinickoj slici.', '-', '2026-03-13 12:35:00', '2026-03-13 13:35:00'),
(62, 113, 102, 17, 1, 'IZDAN', '2026-03-23 11:40:00', 'Nalaz odgovara klinickoj slici.', '-', '2026-03-23 10:40:00', '2026-03-23 11:40:00'),
(63, 114, 90, 27, 1, 'VERIFIKACIJA', '2026-03-27 11:15:00', 'Potrebna dodatna obrada.', '-', '2026-03-27 10:15:00', '2026-03-27 11:15:00'),
(64, 116, 114, 48, 1, 'UPISAN', '2026-04-03 12:15:00', 'Uoceno blago odstupanje, preporucena kontrola.', '-', '2026-04-03 11:15:00', '2026-04-03 12:15:00'),
(65, 117, 122, 24, 1, 'VERIFIKACIJA', '2026-04-08 15:15:00', 'Potrebna dodatna obrada.', '-', '2026-04-08 14:15:00', '2026-04-08 15:15:00'),
(66, 118, 162, 12, 1, 'UPISAN', '2026-04-08 14:45:00', 'Potrebna dodatna obrada.', '-', '2026-04-08 13:45:00', '2026-04-08 14:45:00'),
(67, 119, 133, 27, 1, 'VERIFIKACIJA', '2026-04-14 14:10:00', 'Nalaz bez znacajnih odstupanja.', '-', '2026-04-14 13:10:00', '2026-04-14 14:10:00'),
(68, 121, 39, 21, 1, 'UPISAN', '2026-04-17 08:45:00', 'Nalaz odgovara klinickoj slici.', '-', '2026-04-17 07:45:00', '2026-04-17 08:45:00'),
(69, 123, 191, 47, 1, 'UPISAN', '2026-04-25 16:10:00', 'Nalaz odgovara klinickoj slici.', '-', '2026-04-25 15:10:00', '2026-04-25 16:10:00'),
(70, 124, 171, 57, 1, 'IZDAN', '2026-04-29 11:15:00', 'Nalaz odgovara klinickoj slici.', '-', '2026-04-29 10:15:00', '2026-04-29 11:15:00'),
(71, 126, 6, 47, 1, 'UPISAN', '2026-05-01 18:05:00', 'Potrebna dodatna obrada.', '-', '2026-05-01 17:05:00', '2026-05-01 18:05:00'),
(72, 127, 144, 46, 1, 'IZDAN', '2026-05-04 16:40:00', 'Uoceno blago odstupanje, preporucena kontrola.', '-', '2026-05-04 15:40:00', '2026-05-04 16:40:00'),
(73, 128, 83, 36, 1, 'VERIFIKACIJA', '2026-05-07 15:15:00', 'Uoceno blago odstupanje, preporucena kontrola.', '-', '2026-05-07 14:15:00', '2026-05-07 15:15:00'),
(74, 130, 197, 34, 1, 'IZDAN', '2026-05-10 10:15:00', 'Potrebna dodatna obrada.', '-', '2026-05-10 09:15:00', '2026-05-10 10:15:00'),
(75, 131, 12, 33, 1, 'VERIFIKACIJA', '2026-05-13 10:10:00', 'Potrebna dodatna obrada.', '-', '2026-05-13 09:10:00', '2026-05-13 10:10:00'),
(76, 132, 4, 15, 1, 'IZDAN', '2026-02-04 15:15:00', 'Nalaz odgovara klinickoj slici.', '-', '2026-02-04 14:15:00', '2026-02-04 15:15:00'),
(77, 133, 133, 5, 1, 'IZDAN', '2026-02-07 09:45:00', 'Uoceno blago odstupanje, preporucena kontrola.', '-', '2026-02-07 08:45:00', '2026-02-07 09:45:00'),
(78, 136, 145, 39, 1, 'UPISAN', '2026-02-12 15:05:00', 'Nalaz bez znacajnih odstupanja.', '-', '2026-02-12 14:05:00', '2026-02-12 15:05:00'),
(79, 137, 153, 45, 1, 'VERIFIKACIJA', '2026-02-19 16:35:00', 'Nalaz bez znacajnih odstupanja.', '-', '2026-02-19 15:35:00', '2026-02-19 16:35:00'),
(80, 138, 107, 24, 1, 'UPISAN', '2026-02-22 09:35:00', 'Nalaz bez znacajnih odstupanja.', '-', '2026-02-22 08:35:00', '2026-02-22 09:35:00'),
(81, 140, 115, 48, 1, 'VERIFIKACIJA', '2026-02-24 18:05:00', 'Nalaz odgovara klinickoj slici.', '-', '2026-02-24 17:05:00', '2026-02-24 18:05:00'),
(82, 141, 199, 34, 1, 'VERIFIKACIJA', '2026-02-26 12:05:00', 'Uoceno blago odstupanje, preporucena kontrola.', '-', '2026-02-26 11:05:00', '2026-02-26 12:05:00'),
(83, 142, 144, 41, 1, 'UPISAN', '2026-03-01 16:15:00', 'Potrebna dodatna obrada.', '-', '2026-03-01 15:15:00', '2026-03-01 16:15:00'),
(84, 143, 29, 43, 1, 'UPISAN', '2026-03-03 14:35:00', 'Nalaz bez znacajnih odstupanja.', '-', '2026-03-03 13:35:00', '2026-03-03 14:35:00'),
(85, 144, 198, 39, 1, 'UPISAN', '2026-03-03 14:35:00', 'Potrebna dodatna obrada.', '-', '2026-03-03 13:35:00', '2026-03-03 14:35:00'),
(86, 145, 54, 2, 1, 'IZDAN', '2026-03-06 15:05:00', 'Nalaz bez znacajnih odstupanja.', '-', '2026-03-06 14:05:00', '2026-03-06 15:05:00'),
(87, 147, 28, 18, 1, 'UPISAN', '2026-03-11 10:05:00', 'Nalaz bez znacajnih odstupanja.', '-', '2026-03-11 09:05:00', '2026-03-11 10:05:00'),
(88, 148, 81, 45, 1, 'IZDAN', '2026-03-14 15:35:00', 'Potrebna dodatna obrada.', '-', '2026-03-14 14:35:00', '2026-03-14 15:35:00'),
(89, 149, 176, 2, 1, 'VERIFIKACIJA', '2026-03-16 17:35:00', 'Nalaz bez znacajnih odstupanja.', '-', '2026-03-16 16:35:00', '2026-03-16 17:35:00'),
(90, 150, 36, 9, 1, 'IZDAN', '2026-03-20 16:45:00', 'Potrebna dodatna obrada.', '-', '2026-03-20 15:45:00', '2026-03-20 16:45:00'),
(91, 152, 196, 47, 1, 'IZDAN', '2026-03-24 17:15:00', 'Nalaz odgovara klinickoj slici.', '-', '2026-03-24 16:15:00', '2026-03-24 17:15:00'),
(92, 153, 48, 7, 1, 'UPISAN', '2026-03-27 08:05:00', 'Nalaz odgovara klinickoj slici.', '-', '2026-03-27 07:05:00', '2026-03-27 08:05:00'),
(93, 155, 196, 4, 1, 'UPISAN', '2026-03-31 08:15:00', 'Nalaz bez znacajnih odstupanja.', '-', '2026-03-31 07:15:00', '2026-03-31 08:15:00'),
(94, 157, 49, 49, 1, 'VERIFIKACIJA', '2026-04-05 12:35:00', 'Potrebna dodatna obrada.', '-', '2026-04-05 11:35:00', '2026-04-05 12:35:00'),
(95, 158, 157, 28, 1, 'IZDAN', '2026-04-08 08:35:00', 'Potrebna dodatna obrada.', '-', '2026-04-08 07:35:00', '2026-04-08 08:35:00'),
(96, 160, 117, 37, 1, 'UPISAN', '2026-04-10 09:05:00', 'Potrebna dodatna obrada.', '-', '2026-04-10 08:05:00', '2026-04-10 09:05:00'),
(97, 161, 163, 46, 1, 'VERIFIKACIJA', '2026-04-10 13:45:00', 'Uoceno blago odstupanje, preporucena kontrola.', '-', '2026-04-10 12:45:00', '2026-04-10 13:45:00'),
(98, 165, 179, 33, 1, 'VERIFIKACIJA', '2026-04-23 13:10:00', 'Potrebna dodatna obrada.', '-', '2026-04-23 12:10:00', '2026-04-23 13:10:00'),
(99, 166, 110, 46, 1, 'VERIFIKACIJA', '2026-04-26 13:10:00', 'Uoceno blago odstupanje, preporucena kontrola.', '-', '2026-04-26 12:10:00', '2026-04-26 13:10:00'),
(100, 169, 86, 27, 1, 'UPISAN', '2026-04-29 17:40:00', 'Potrebna dodatna obrada.', '-', '2026-04-29 16:40:00', '2026-04-29 17:40:00'),
(101, 170, 18, 20, 1, 'UPISAN', '2026-04-30 14:35:00', 'Nalaz bez znacajnih odstupanja.', '-', '2026-04-30 13:35:00', '2026-04-30 14:35:00'),
(102, 172, 182, 46, 1, 'VERIFIKACIJA', '2026-05-10 08:40:00', 'Nalaz bez znacajnih odstupanja.', '-', '2026-05-10 07:40:00', '2026-05-10 08:40:00'),
(103, 173, 56, 54, 1, 'VERIFIKACIJA', '2026-05-12 16:05:00', 'Nalaz odgovara klinickoj slici.', '-', '2026-05-12 15:05:00', '2026-05-12 16:05:00'),
(104, 174, 188, 60, 1, 'IZDAN', '2026-02-04 18:10:00', 'Potrebna dodatna obrada.', '-', '2026-02-04 17:10:00', '2026-02-04 18:10:00'),
(105, 175, 176, 59, 1, 'VERIFIKACIJA', '2026-02-06 13:15:00', 'Nalaz bez znacajnih odstupanja.', '-', '2026-02-06 12:15:00', '2026-02-06 13:15:00'),
(106, 176, 70, 43, 1, 'VERIFIKACIJA', '2026-02-11 10:05:00', 'Potrebna dodatna obrada.', '-', '2026-02-11 09:05:00', '2026-02-11 10:05:00'),
(107, 178, 183, 21, 1, 'VERIFIKACIJA', '2026-02-17 09:05:00', 'Uoceno blago odstupanje, preporucena kontrola.', '-', '2026-02-17 08:05:00', '2026-02-17 09:05:00'),
(108, 179, 176, 30, 1, 'UPISAN', '2026-02-17 17:10:00', 'Nalaz odgovara klinickoj slici.', '-', '2026-02-17 16:10:00', '2026-02-17 17:10:00'),
(109, 181, 84, 25, 1, 'IZDAN', '2026-02-20 11:10:00', 'Potrebna dodatna obrada.', '-', '2026-02-20 10:10:00', '2026-02-20 11:10:00'),
(110, 182, 143, 30, 1, 'UPISAN', '2026-02-25 13:45:00', 'Potrebna dodatna obrada.', '-', '2026-02-25 12:45:00', '2026-02-25 13:45:00'),
(111, 183, 84, 44, 1, 'UPISAN', '2026-02-28 15:35:00', 'Potrebna dodatna obrada.', '-', '2026-02-28 14:35:00', '2026-02-28 15:35:00'),
(112, 184, 194, 57, 1, 'UPISAN', '2026-02-28 10:10:00', 'Potrebna dodatna obrada.', '-', '2026-02-28 09:10:00', '2026-02-28 10:10:00');

-- laboratorijski_parametar: 12 redaka
INSERT INTO laboratorijski_parametar (id, sifra, naziv, opis, jedinica, vrijeme_kreiranja, vrijeme_azuriranja) VALUES
(1, 'KKS', 'Kompletna krvna slika', 'osnovna hematoloska obrada', '-', '2026-01-07 08:00:00', '2026-01-07 08:10:00'),
(2, 'CRP', 'C-reaktivni protein', 'upalni parametar', 'mg/L', '2026-01-07 08:00:00', '2026-01-07 08:10:00'),
(3, 'GLU', 'Glukoza', 'koncentracija glukoze u krvi', 'mmol/L', '2026-01-07 08:00:00', '2026-01-07 08:10:00'),
(4, 'KRE', 'Kreatinin', 'bubrezna funkcija', 'umol/L', '2026-01-07 08:00:00', '2026-01-07 08:10:00'),
(5, 'URE', 'Urea', 'bubrezna funkcija', 'mmol/L', '2026-01-07 08:00:00', '2026-01-07 08:10:00'),
(6, 'ALT', 'ALT', 'jetreni enzim', 'U/L', '2026-01-07 08:00:00', '2026-01-07 08:10:00'),
(7, 'AST', 'AST', 'jetreni enzim', 'U/L', '2026-01-07 08:00:00', '2026-01-07 08:10:00'),
(8, 'TSH', 'TSH', 'hormon stitnjace', 'mIU/L', '2026-01-07 08:00:00', '2026-01-07 08:10:00'),
(9, 'CHOL', 'Kolesterol', 'ukupni kolesterol', 'mmol/L', '2026-01-07 08:00:00', '2026-01-07 08:10:00'),
(10, 'TRIG', 'Trigliceridi', 'masnoce u krvi', 'mmol/L', '2026-01-07 08:00:00', '2026-01-07 08:10:00'),
(11, 'HB', 'Hemoglobin', 'hemoglobin', 'g/L', '2026-01-07 08:00:00', '2026-01-07 08:10:00'),
(12, 'LEU', 'Leukociti', 'broj leukocita', '10^9/L', '2026-01-07 08:00:00', '2026-01-07 08:10:00');

-- laboratorijski_rezultat: 375 redaka
INSERT INTO laboratorijski_rezultat (id, id_nalaz, id_laboratorijski_parametar, uzorkovano_u, izmjereno_u, rezultat_tekst, rezultat_broj, referentni_min, referentni_max, oznaka_odstupanja, opis_odstupanja, vrijeme_kreiranja, vrijeme_azuriranja) VALUES
(1, 1, 1, '2026-02-03 07:10:00', '2026-02-03 09:10:00', '-', 25, 0, 10, 1, 'poviseno', '2026-02-03 07:10:00', '2026-02-03 09:10:00'),
(2, 1, 4, '2026-02-03 07:10:00', '2026-02-03 09:10:00', '-', 80, 45, 105, 0, 'unutar referentnog intervala', '2026-02-03 07:10:00', '2026-02-03 09:10:00'),
(3, 1, 2, '2026-02-03 07:10:00', '2026-02-03 09:10:00', '-', 2.100000000000000088817841970012523233890533447265625, 0, 5, 0, 'unutar referentnog intervala', '2026-02-03 07:10:00', '2026-02-03 09:10:00'),
(4, 1, 12, '2026-02-03 07:10:00', '2026-02-03 09:10:00', '-', 2.5, 0, 10, 0, 'unutar referentnog intervala', '2026-02-03 07:10:00', '2026-02-03 09:10:00'),
(5, 2, 11, '2026-02-04 11:05:00', '2026-02-04 13:05:00', '-', 125, 120, 160, 0, 'unutar referentnog intervala', '2026-02-04 11:05:00', '2026-02-04 13:05:00'),
(6, 2, 4, '2026-02-04 11:05:00', '2026-02-04 13:05:00', '-', 65, 45, 105, 0, 'unutar referentnog intervala', '2026-02-04 11:05:00', '2026-02-04 13:05:00'),
(7, 2, 7, '2026-02-04 11:05:00', '2026-02-04 13:05:00', '-', 5.5, 0, 10, 0, 'unutar referentnog intervala', '2026-02-04 11:05:00', '2026-02-04 13:05:00'),
(8, 2, 9, '2026-02-04 11:05:00', '2026-02-04 13:05:00', '-', 8, 0, 10, 0, 'unutar referentnog intervala', '2026-02-04 11:05:00', '2026-02-04 13:05:00'),
(9, 3, 1, '2026-02-14 06:45:00', '2026-02-14 08:45:00', '-', 8, 0, 10, 0, 'unutar referentnog intervala', '2026-02-14 06:45:00', '2026-02-14 08:45:00'),
(10, 3, 2, '2026-02-14 06:45:00', '2026-02-14 08:45:00', '-', 2.100000000000000088817841970012523233890533447265625, 0, 5, 0, 'unutar referentnog intervala', '2026-02-14 06:45:00', '2026-02-14 08:45:00'),
(11, 3, 3, '2026-02-14 06:45:00', '2026-02-14 08:45:00', '-', 7.79999999999999982236431605997495353221893310546875, 3.9, 5.5, 1, 'poviseno', '2026-02-14 06:45:00', '2026-02-14 08:45:00'),
(12, 3, 10, '2026-02-14 06:45:00', '2026-02-14 08:45:00', '-', 12, 0, 10, 1, 'poviseno', '2026-02-14 06:45:00', '2026-02-14 08:45:00'),
(13, 3, 8, '2026-02-14 06:45:00', '2026-02-14 08:45:00', '-', 2.5, 0, 10, 0, 'unutar referentnog intervala', '2026-02-14 06:45:00', '2026-02-14 08:45:00'),
(14, 3, 4, '2026-02-14 06:45:00', '2026-02-14 08:45:00', '-', 80, 45, 105, 0, 'unutar referentnog intervala', '2026-02-14 06:45:00', '2026-02-14 08:45:00'),
(15, 4, 1, '2026-02-18 07:35:00', '2026-02-18 09:35:00', '-', 8, 0, 10, 0, 'unutar referentnog intervala', '2026-02-18 07:35:00', '2026-02-18 09:35:00'),
(16, 4, 6, '2026-02-18 07:35:00', '2026-02-18 09:35:00', '-', 25, 0, 10, 1, 'poviseno', '2026-02-18 07:35:00', '2026-02-18 09:35:00'),
(17, 4, 12, '2026-02-18 07:35:00', '2026-02-18 09:35:00', '-', 12, 0, 10, 1, 'poviseno', '2026-02-18 07:35:00', '2026-02-18 09:35:00'),
(18, 4, 2, '2026-02-18 07:35:00', '2026-02-18 09:35:00', '-', 58.39999999999999857891452847979962825775146484375, 0, 5, 1, 'poviseno', '2026-02-18 07:35:00', '2026-02-18 09:35:00'),
(19, 4, 7, '2026-02-18 07:35:00', '2026-02-18 09:35:00', '-', 25, 0, 10, 1, 'poviseno', '2026-02-18 07:35:00', '2026-02-18 09:35:00'),
(20, 4, 4, '2026-02-18 07:35:00', '2026-02-18 09:35:00', '-', 160, 45, 105, 1, 'poviseno', '2026-02-18 07:35:00', '2026-02-18 09:35:00'),
(21, 6, 8, '2026-02-21 10:40:00', '2026-02-21 12:40:00', '-', 1.1999999999999999555910790149937383830547332763671875, 0, 10, 0, 'unutar referentnog intervala', '2026-02-21 10:40:00', '2026-02-21 12:40:00'),
(22, 6, 9, '2026-02-21 10:40:00', '2026-02-21 12:40:00', '-', 12, 0, 10, 1, 'poviseno', '2026-02-21 10:40:00', '2026-02-21 12:40:00'),
(23, 6, 10, '2026-02-21 10:40:00', '2026-02-21 12:40:00', '-', 1.1999999999999999555910790149937383830547332763671875, 0, 10, 0, 'unutar referentnog intervala', '2026-02-21 10:40:00', '2026-02-21 12:40:00'),
(24, 6, 12, '2026-02-21 10:40:00', '2026-02-21 12:40:00', '-', 8, 0, 10, 0, 'unutar referentnog intervala', '2026-02-21 10:40:00', '2026-02-21 12:40:00'),
(25, 6, 4, '2026-02-21 10:40:00', '2026-02-21 12:40:00', '-', 160, 45, 105, 1, 'poviseno', '2026-02-21 10:40:00', '2026-02-21 12:40:00'),
(26, 6, 6, '2026-02-21 10:40:00', '2026-02-21 12:40:00', '-', 5.5, 0, 10, 0, 'unutar referentnog intervala', '2026-02-21 10:40:00', '2026-02-21 12:40:00'),
(27, 7, 11, '2026-02-25 11:45:00', '2026-02-25 13:45:00', '-', 138, 120, 160, 0, 'unutar referentnog intervala', '2026-02-25 11:45:00', '2026-02-25 13:45:00'),
(28, 7, 7, '2026-02-25 11:45:00', '2026-02-25 13:45:00', '-', 8, 0, 10, 0, 'unutar referentnog intervala', '2026-02-25 11:45:00', '2026-02-25 13:45:00'),
(29, 7, 8, '2026-02-25 11:45:00', '2026-02-25 13:45:00', '-', 25, 0, 10, 1, 'poviseno', '2026-02-25 11:45:00', '2026-02-25 13:45:00'),
(30, 7, 2, '2026-02-25 11:45:00', '2026-02-25 13:45:00', '-', 35, 0, 5, 1, 'poviseno', '2026-02-25 11:45:00', '2026-02-25 13:45:00'),
(31, 7, 10, '2026-02-25 11:45:00', '2026-02-25 13:45:00', '-', 1.1999999999999999555910790149937383830547332763671875, 0, 10, 0, 'unutar referentnog intervala', '2026-02-25 11:45:00', '2026-02-25 13:45:00'),
(32, 8, 8, '2026-02-25 07:45:00', '2026-02-25 09:45:00', '-', 12, 0, 10, 1, 'poviseno', '2026-02-25 07:45:00', '2026-02-25 09:45:00'),
(33, 8, 6, '2026-02-25 07:45:00', '2026-02-25 09:45:00', '-', 2.5, 0, 10, 0, 'unutar referentnog intervala', '2026-02-25 07:45:00', '2026-02-25 09:45:00'),
(34, 8, 12, '2026-02-25 07:45:00', '2026-02-25 09:45:00', '-', 12, 0, 10, 1, 'poviseno', '2026-02-25 07:45:00', '2026-02-25 09:45:00'),
(35, 8, 4, '2026-02-25 07:45:00', '2026-02-25 09:45:00', '-', 95, 45, 105, 0, 'unutar referentnog intervala', '2026-02-25 07:45:00', '2026-02-25 09:45:00'),
(36, 11, 3, '2026-03-04 11:10:00', '2026-03-04 13:10:00', '-', 7.79999999999999982236431605997495353221893310546875, 3.9, 5.5, 1, 'poviseno', '2026-03-04 11:10:00', '2026-03-04 13:10:00'),
(37, 11, 5, '2026-03-04 11:10:00', '2026-03-04 13:10:00', '-', 2.5, 0, 10, 0, 'unutar referentnog intervala', '2026-03-04 11:10:00', '2026-03-04 13:10:00'),
(38, 11, 7, '2026-03-04 11:10:00', '2026-03-04 13:10:00', '-', 12, 0, 10, 1, 'poviseno', '2026-03-04 11:10:00', '2026-03-04 13:10:00'),
(39, 11, 10, '2026-03-04 11:10:00', '2026-03-04 13:10:00', '-', 2.5, 0, 10, 0, 'unutar referentnog intervala', '2026-03-04 11:10:00', '2026-03-04 13:10:00'),
(40, 11, 6, '2026-03-04 11:10:00', '2026-03-04 13:10:00', '-', 5.5, 0, 10, 0, 'unutar referentnog intervala', '2026-03-04 11:10:00', '2026-03-04 13:10:00'),
(41, 11, 9, '2026-03-04 11:10:00', '2026-03-04 13:10:00', '-', 25, 0, 10, 1, 'poviseno', '2026-03-04 11:10:00', '2026-03-04 13:10:00'),
(42, 12, 3, '2026-03-06 10:15:00', '2026-03-06 12:15:00', '-', 7.79999999999999982236431605997495353221893310546875, 3.9, 5.5, 1, 'poviseno', '2026-03-06 10:15:00', '2026-03-06 12:15:00'),
(43, 12, 12, '2026-03-06 10:15:00', '2026-03-06 12:15:00', '-', 8, 0, 10, 0, 'unutar referentnog intervala', '2026-03-06 10:15:00', '2026-03-06 12:15:00'),
(44, 12, 4, '2026-03-06 10:15:00', '2026-03-06 12:15:00', '-', 95, 45, 105, 0, 'unutar referentnog intervala', '2026-03-06 10:15:00', '2026-03-06 12:15:00'),
(45, 12, 11, '2026-03-06 10:15:00', '2026-03-06 12:15:00', '-', 125, 120, 160, 0, 'unutar referentnog intervala', '2026-03-06 10:15:00', '2026-03-06 12:15:00'),
(46, 12, 8, '2026-03-06 10:15:00', '2026-03-06 12:15:00', '-', 2.5, 0, 10, 0, 'unutar referentnog intervala', '2026-03-06 10:15:00', '2026-03-06 12:15:00'),
(47, 12, 1, '2026-03-06 10:15:00', '2026-03-06 12:15:00', '-', 12, 0, 10, 1, 'poviseno', '2026-03-06 10:15:00', '2026-03-06 12:15:00'),
(48, 13, 6, '2026-03-06 07:15:00', '2026-03-06 09:15:00', '-', 25, 0, 10, 1, 'poviseno', '2026-03-06 07:15:00', '2026-03-06 09:15:00'),
(49, 13, 5, '2026-03-06 07:15:00', '2026-03-06 09:15:00', '-', 2.5, 0, 10, 0, 'unutar referentnog intervala', '2026-03-06 07:15:00', '2026-03-06 09:15:00'),
(50, 13, 12, '2026-03-06 07:15:00', '2026-03-06 09:15:00', '-', 2.5, 0, 10, 0, 'unutar referentnog intervala', '2026-03-06 07:15:00', '2026-03-06 09:15:00'),
(51, 16, 6, '2026-03-13 15:10:00', '2026-03-13 17:10:00', '-', 12, 0, 10, 1, 'poviseno', '2026-03-13 15:10:00', '2026-03-13 17:10:00'),
(52, 16, 7, '2026-03-13 15:10:00', '2026-03-13 17:10:00', '-', 2.5, 0, 10, 0, 'unutar referentnog intervala', '2026-03-13 15:10:00', '2026-03-13 17:10:00'),
(53, 16, 2, '2026-03-13 15:10:00', '2026-03-13 17:10:00', '-', 2.100000000000000088817841970012523233890533447265625, 0, 5, 0, 'unutar referentnog intervala', '2026-03-13 15:10:00', '2026-03-13 17:10:00'),
(54, 17, 5, '2026-03-19 10:40:00', '2026-03-19 12:40:00', '-', 25, 0, 10, 1, 'poviseno', '2026-03-19 10:40:00', '2026-03-19 12:40:00'),
(55, 17, 6, '2026-03-19 10:40:00', '2026-03-19 12:40:00', '-', 12, 0, 10, 1, 'poviseno', '2026-03-19 10:40:00', '2026-03-19 12:40:00'),
(56, 17, 11, '2026-03-19 10:40:00', '2026-03-19 12:40:00', '-', 110, 120, 160, -1, 'snizeno', '2026-03-19 10:40:00', '2026-03-19 12:40:00'),
(57, 17, 1, '2026-03-19 10:40:00', '2026-03-19 12:40:00', '-', 25, 0, 10, 1, 'poviseno', '2026-03-19 10:40:00', '2026-03-19 12:40:00'),
(58, 17, 12, '2026-03-19 10:40:00', '2026-03-19 12:40:00', '-', 1.1999999999999999555910790149937383830547332763671875, 0, 10, 0, 'unutar referentnog intervala', '2026-03-19 10:40:00', '2026-03-19 12:40:00'),
(59, 17, 2, '2026-03-19 10:40:00', '2026-03-19 12:40:00', '-', 35, 0, 5, 1, 'poviseno', '2026-03-19 10:40:00', '2026-03-19 12:40:00'),
(60, 23, 9, '2026-04-13 13:45:00', '2026-04-13 15:45:00', '-', 1.1999999999999999555910790149937383830547332763671875, 0, 10, 0, 'unutar referentnog intervala', '2026-04-13 13:45:00', '2026-04-13 15:45:00'),
(61, 23, 1, '2026-04-13 13:45:00', '2026-04-13 15:45:00', '-', 2.5, 0, 10, 0, 'unutar referentnog intervala', '2026-04-13 13:45:00', '2026-04-13 15:45:00'),
(62, 23, 12, '2026-04-13 13:45:00', '2026-04-13 15:45:00', '-', 25, 0, 10, 1, 'poviseno', '2026-04-13 13:45:00', '2026-04-13 15:45:00'),
(63, 24, 6, '2026-04-15 13:05:00', '2026-04-15 15:05:00', '-', 12, 0, 10, 1, 'poviseno', '2026-04-15 13:05:00', '2026-04-15 15:05:00'),
(64, 24, 3, '2026-04-15 13:05:00', '2026-04-15 15:05:00', '-', 7.79999999999999982236431605997495353221893310546875, 3.9, 5.5, 1, 'poviseno', '2026-04-15 13:05:00', '2026-04-15 15:05:00'),
(65, 24, 5, '2026-04-15 13:05:00', '2026-04-15 15:05:00', '-', 25, 0, 10, 1, 'poviseno', '2026-04-15 13:05:00', '2026-04-15 15:05:00'),
(66, 24, 8, '2026-04-15 13:05:00', '2026-04-15 15:05:00', '-', 1.1999999999999999555910790149937383830547332763671875, 0, 10, 0, 'unutar referentnog intervala', '2026-04-15 13:05:00', '2026-04-15 15:05:00'),
(67, 25, 6, '2026-04-16 13:05:00', '2026-04-16 15:05:00', '-', 8, 0, 10, 0, 'unutar referentnog intervala', '2026-04-16 13:05:00', '2026-04-16 15:05:00'),
(68, 25, 3, '2026-04-16 13:05:00', '2026-04-16 15:05:00', '-', 4.79999999999999982236431605997495353221893310546875, 3.9, 5.5, 0, 'unutar referentnog intervala', '2026-04-16 13:05:00', '2026-04-16 15:05:00'),
(69, 25, 2, '2026-04-16 13:05:00', '2026-04-16 15:05:00', '-', 4.5, 0, 5, 0, 'unutar referentnog intervala', '2026-04-16 13:05:00', '2026-04-16 15:05:00'),
(70, 25, 4, '2026-04-16 13:05:00', '2026-04-16 15:05:00', '-', 130, 45, 105, 1, 'poviseno', '2026-04-16 13:05:00', '2026-04-16 15:05:00'),
(71, 25, 8, '2026-04-16 13:05:00', '2026-04-16 15:05:00', '-', 5.5, 0, 10, 0, 'unutar referentnog intervala', '2026-04-16 13:05:00', '2026-04-16 15:05:00'),
(72, 26, 2, '2026-04-23 10:35:00', '2026-04-23 12:35:00', '-', 8.9000000000000003552713678800500929355621337890625, 0, 5, 1, 'poviseno', '2026-04-23 10:35:00', '2026-04-23 12:35:00'),
(73, 26, 5, '2026-04-23 10:35:00', '2026-04-23 12:35:00', '-', 25, 0, 10, 1, 'poviseno', '2026-04-23 10:35:00', '2026-04-23 12:35:00'),
(74, 26, 6, '2026-04-23 10:35:00', '2026-04-23 12:35:00', '-', 25, 0, 10, 1, 'poviseno', '2026-04-23 10:35:00', '2026-04-23 12:35:00'),
(75, 26, 7, '2026-04-23 10:35:00', '2026-04-23 12:35:00', '-', 2.5, 0, 10, 0, 'unutar referentnog intervala', '2026-04-23 10:35:00', '2026-04-23 12:35:00'),
(76, 27, 4, '2026-04-23 13:10:00', '2026-04-23 15:10:00', '-', 160, 45, 105, 1, 'poviseno', '2026-04-23 13:10:00', '2026-04-23 15:10:00'),
(77, 27, 3, '2026-04-23 13:10:00', '2026-04-23 15:10:00', '-', 6.4000000000000003552713678800500929355621337890625, 3.9, 5.5, 1, 'poviseno', '2026-04-23 13:10:00', '2026-04-23 15:10:00'),
(78, 27, 7, '2026-04-23 13:10:00', '2026-04-23 15:10:00', '-', 1.1999999999999999555910790149937383830547332763671875, 0, 10, 0, 'unutar referentnog intervala', '2026-04-23 13:10:00', '2026-04-23 15:10:00'),
(79, 27, 10, '2026-04-23 13:10:00', '2026-04-23 15:10:00', '-', 8, 0, 10, 0, 'unutar referentnog intervala', '2026-04-23 13:10:00', '2026-04-23 15:10:00'),
(80, 27, 9, '2026-04-23 13:10:00', '2026-04-23 15:10:00', '-', 2.5, 0, 10, 0, 'unutar referentnog intervala', '2026-04-23 13:10:00', '2026-04-23 15:10:00'),
(81, 27, 12, '2026-04-23 13:10:00', '2026-04-23 15:10:00', '-', 1.1999999999999999555910790149937383830547332763671875, 0, 10, 0, 'unutar referentnog intervala', '2026-04-23 13:10:00', '2026-04-23 15:10:00'),
(82, 28, 2, '2026-04-29 06:05:00', '2026-04-29 08:05:00', '-', 35, 0, 5, 1, 'poviseno', '2026-04-29 06:05:00', '2026-04-29 08:05:00'),
(83, 28, 6, '2026-04-29 06:05:00', '2026-04-29 08:05:00', '-', 2.5, 0, 10, 0, 'unutar referentnog intervala', '2026-04-29 06:05:00', '2026-04-29 08:05:00'),
(84, 28, 11, '2026-04-29 06:05:00', '2026-04-29 08:05:00', '-', 150, 120, 160, 0, 'unutar referentnog intervala', '2026-04-29 06:05:00', '2026-04-29 08:05:00'),
(85, 29, 11, '2026-05-01 10:45:00', '2026-05-01 12:45:00', '-', 110, 120, 160, -1, 'snizeno', '2026-05-01 10:45:00', '2026-05-01 12:45:00'),
(86, 29, 12, '2026-05-01 10:45:00', '2026-05-01 12:45:00', '-', 25, 0, 10, 1, 'poviseno', '2026-05-01 10:45:00', '2026-05-01 12:45:00'),
(87, 29, 3, '2026-05-01 10:45:00', '2026-05-01 12:45:00', '-', 9.0999999999999996447286321199499070644378662109375, 3.9, 5.5, 1, 'poviseno', '2026-05-01 10:45:00', '2026-05-01 12:45:00'),
(88, 31, 12, '2026-02-04 11:40:00', '2026-02-04 13:40:00', '-', 12, 0, 10, 1, 'poviseno', '2026-02-04 11:40:00', '2026-02-04 13:40:00'),
(89, 31, 6, '2026-02-04 11:40:00', '2026-02-04 13:40:00', '-', 12, 0, 10, 1, 'poviseno', '2026-02-04 11:40:00', '2026-02-04 13:40:00'),
(90, 31, 11, '2026-02-04 11:40:00', '2026-02-04 13:40:00', '-', 125, 120, 160, 0, 'unutar referentnog intervala', '2026-02-04 11:40:00', '2026-02-04 13:40:00'),
(91, 31, 1, '2026-02-04 11:40:00', '2026-02-04 13:40:00', '-', 25, 0, 10, 1, 'poviseno', '2026-02-04 11:40:00', '2026-02-04 13:40:00'),
(92, 31, 5, '2026-02-04 11:40:00', '2026-02-04 13:40:00', '-', 8, 0, 10, 0, 'unutar referentnog intervala', '2026-02-04 11:40:00', '2026-02-04 13:40:00'),
(93, 32, 9, '2026-02-06 12:45:00', '2026-02-06 14:45:00', '-', 25, 0, 10, 1, 'poviseno', '2026-02-06 12:45:00', '2026-02-06 14:45:00'),
(94, 32, 10, '2026-02-06 12:45:00', '2026-02-06 14:45:00', '-', 5.5, 0, 10, 0, 'unutar referentnog intervala', '2026-02-06 12:45:00', '2026-02-06 14:45:00'),
(95, 32, 11, '2026-02-06 12:45:00', '2026-02-06 14:45:00', '-', 150, 120, 160, 0, 'unutar referentnog intervala', '2026-02-06 12:45:00', '2026-02-06 14:45:00'),
(96, 32, 8, '2026-02-06 12:45:00', '2026-02-06 14:45:00', '-', 2.5, 0, 10, 0, 'unutar referentnog intervala', '2026-02-06 12:45:00', '2026-02-06 14:45:00'),
(97, 34, 7, '2026-02-13 16:35:00', '2026-02-13 18:35:00', '-', 2.5, 0, 10, 0, 'unutar referentnog intervala', '2026-02-13 16:35:00', '2026-02-13 18:35:00'),
(98, 34, 3, '2026-02-13 16:35:00', '2026-02-13 18:35:00', '-', 4.79999999999999982236431605997495353221893310546875, 3.9, 5.5, 0, 'unutar referentnog intervala', '2026-02-13 16:35:00', '2026-02-13 18:35:00'),
(99, 34, 9, '2026-02-13 16:35:00', '2026-02-13 18:35:00', '-', 12, 0, 10, 1, 'poviseno', '2026-02-13 16:35:00', '2026-02-13 18:35:00'),
(100, 34, 10, '2026-02-13 16:35:00', '2026-02-13 18:35:00', '-', 12, 0, 10, 1, 'poviseno', '2026-02-13 16:35:00', '2026-02-13 18:35:00'),
(101, 34, 5, '2026-02-13 16:35:00', '2026-02-13 18:35:00', '-', 5.5, 0, 10, 0, 'unutar referentnog intervala', '2026-02-13 16:35:00', '2026-02-13 18:35:00'),
(102, 35, 1, '2026-02-19 08:35:00', '2026-02-19 10:35:00', '-', 2.5, 0, 10, 0, 'unutar referentnog intervala', '2026-02-19 08:35:00', '2026-02-19 10:35:00'),
(103, 35, 12, '2026-02-19 08:35:00', '2026-02-19 10:35:00', '-', 5.5, 0, 10, 0, 'unutar referentnog intervala', '2026-02-19 08:35:00', '2026-02-19 10:35:00'),
(104, 35, 9, '2026-02-19 08:35:00', '2026-02-19 10:35:00', '-', 25, 0, 10, 1, 'poviseno', '2026-02-19 08:35:00', '2026-02-19 10:35:00'),
(105, 35, 5, '2026-02-19 08:35:00', '2026-02-19 10:35:00', '-', 8, 0, 10, 0, 'unutar referentnog intervala', '2026-02-19 08:35:00', '2026-02-19 10:35:00'),
(106, 37, 6, '2026-02-25 05:10:00', '2026-02-25 07:10:00', '-', 5.5, 0, 10, 0, 'unutar referentnog intervala', '2026-02-25 05:10:00', '2026-02-25 07:10:00'),
(107, 37, 5, '2026-02-25 05:10:00', '2026-02-25 07:10:00', '-', 1.1999999999999999555910790149937383830547332763671875, 0, 10, 0, 'unutar referentnog intervala', '2026-02-25 05:10:00', '2026-02-25 07:10:00'),
(108, 37, 9, '2026-02-25 05:10:00', '2026-02-25 07:10:00', '-', 1.1999999999999999555910790149937383830547332763671875, 0, 10, 0, 'unutar referentnog intervala', '2026-02-25 05:10:00', '2026-02-25 07:10:00'),
(109, 40, 8, '2026-03-31 13:15:00', '2026-03-31 15:15:00', '-', 25, 0, 10, 1, 'poviseno', '2026-03-31 13:15:00', '2026-03-31 15:15:00'),
(110, 40, 6, '2026-03-31 13:15:00', '2026-03-31 15:15:00', '-', 12, 0, 10, 1, 'poviseno', '2026-03-31 13:15:00', '2026-03-31 15:15:00'),
(111, 40, 4, '2026-03-31 13:15:00', '2026-03-31 15:15:00', '-', 160, 45, 105, 1, 'poviseno', '2026-03-31 13:15:00', '2026-03-31 15:15:00'),
(112, 41, 6, '2026-03-31 13:35:00', '2026-03-31 15:35:00', '-', 25, 0, 10, 1, 'poviseno', '2026-03-31 13:35:00', '2026-03-31 15:35:00'),
(113, 41, 5, '2026-03-31 13:35:00', '2026-03-31 15:35:00', '-', 8, 0, 10, 0, 'unutar referentnog intervala', '2026-03-31 13:35:00', '2026-03-31 15:35:00'),
(114, 41, 11, '2026-03-31 13:35:00', '2026-03-31 15:35:00', '-', 125, 120, 160, 0, 'unutar referentnog intervala', '2026-03-31 13:35:00', '2026-03-31 15:35:00'),
(115, 41, 3, '2026-03-31 13:35:00', '2026-03-31 15:35:00', '-', 4.79999999999999982236431605997495353221893310546875, 3.9, 5.5, 0, 'unutar referentnog intervala', '2026-03-31 13:35:00', '2026-03-31 15:35:00'),
(116, 42, 6, '2026-04-08 13:15:00', '2026-04-08 15:15:00', '-', 25, 0, 10, 1, 'poviseno', '2026-04-08 13:15:00', '2026-04-08 15:15:00'),
(117, 42, 8, '2026-04-08 13:15:00', '2026-04-08 15:15:00', '-', 8, 0, 10, 0, 'unutar referentnog intervala', '2026-04-08 13:15:00', '2026-04-08 15:15:00'),
(118, 42, 2, '2026-04-08 13:15:00', '2026-04-08 15:15:00', '-', 35, 0, 5, 1, 'poviseno', '2026-04-08 13:15:00', '2026-04-08 15:15:00'),
(119, 42, 3, '2026-04-08 13:15:00', '2026-04-08 15:15:00', '-', 4.79999999999999982236431605997495353221893310546875, 3.9, 5.5, 0, 'unutar referentnog intervala', '2026-04-08 13:15:00', '2026-04-08 15:15:00'),
(120, 43, 3, '2026-04-07 07:15:00', '2026-04-07 09:15:00', '-', 9.0999999999999996447286321199499070644378662109375, 3.9, 5.5, 1, 'poviseno', '2026-04-07 07:15:00', '2026-04-07 09:15:00'),
(121, 43, 8, '2026-04-07 07:15:00', '2026-04-07 09:15:00', '-', 8, 0, 10, 0, 'unutar referentnog intervala', '2026-04-07 07:15:00', '2026-04-07 09:15:00'),
(122, 43, 4, '2026-04-07 07:15:00', '2026-04-07 09:15:00', '-', 160, 45, 105, 1, 'poviseno', '2026-04-07 07:15:00', '2026-04-07 09:15:00'),
(123, 43, 11, '2026-04-07 07:15:00', '2026-04-07 09:15:00', '-', 150, 120, 160, 0, 'unutar referentnog intervala', '2026-04-07 07:15:00', '2026-04-07 09:15:00'),
(124, 43, 2, '2026-04-07 07:15:00', '2026-04-07 09:15:00', '-', 8.9000000000000003552713678800500929355621337890625, 0, 5, 1, 'poviseno', '2026-04-07 07:15:00', '2026-04-07 09:15:00'),
(125, 43, 12, '2026-04-07 07:15:00', '2026-04-07 09:15:00', '-', 12, 0, 10, 1, 'poviseno', '2026-04-07 07:15:00', '2026-04-07 09:15:00'),
(126, 44, 8, '2026-04-08 11:05:00', '2026-04-08 13:05:00', '-', 2.5, 0, 10, 0, 'unutar referentnog intervala', '2026-04-08 11:05:00', '2026-04-08 13:05:00'),
(127, 44, 12, '2026-04-08 11:05:00', '2026-04-08 13:05:00', '-', 8, 0, 10, 0, 'unutar referentnog intervala', '2026-04-08 11:05:00', '2026-04-08 13:05:00'),
(128, 44, 7, '2026-04-08 11:05:00', '2026-04-08 13:05:00', '-', 25, 0, 10, 1, 'poviseno', '2026-04-08 11:05:00', '2026-04-08 13:05:00'),
(129, 44, 3, '2026-04-08 11:05:00', '2026-04-08 13:05:00', '-', 7.79999999999999982236431605997495353221893310546875, 3.9, 5.5, 1, 'poviseno', '2026-04-08 11:05:00', '2026-04-08 13:05:00'),
(130, 44, 9, '2026-04-08 11:05:00', '2026-04-08 13:05:00', '-', 2.5, 0, 10, 0, 'unutar referentnog intervala', '2026-04-08 11:05:00', '2026-04-08 13:05:00'),
(131, 44, 5, '2026-04-08 11:05:00', '2026-04-08 13:05:00', '-', 25, 0, 10, 1, 'poviseno', '2026-04-08 11:05:00', '2026-04-08 13:05:00'),
(132, 45, 12, '2026-04-12 11:45:00', '2026-04-12 13:45:00', '-', 8, 0, 10, 0, 'unutar referentnog intervala', '2026-04-12 11:45:00', '2026-04-12 13:45:00'),
(133, 45, 4, '2026-04-12 11:45:00', '2026-04-12 13:45:00', '-', 65, 45, 105, 0, 'unutar referentnog intervala', '2026-04-12 11:45:00', '2026-04-12 13:45:00'),
(134, 45, 8, '2026-04-12 11:45:00', '2026-04-12 13:45:00', '-', 25, 0, 10, 1, 'poviseno', '2026-04-12 11:45:00', '2026-04-12 13:45:00'),
(135, 46, 2, '2026-04-14 06:45:00', '2026-04-14 08:45:00', '-', 8.9000000000000003552713678800500929355621337890625, 0, 5, 1, 'poviseno', '2026-04-14 06:45:00', '2026-04-14 08:45:00'),
(136, 46, 10, '2026-04-14 06:45:00', '2026-04-14 08:45:00', '-', 12, 0, 10, 1, 'poviseno', '2026-04-14 06:45:00', '2026-04-14 08:45:00'),
(137, 46, 7, '2026-04-14 06:45:00', '2026-04-14 08:45:00', '-', 5.5, 0, 10, 0, 'unutar referentnog intervala', '2026-04-14 06:45:00', '2026-04-14 08:45:00'),
(138, 46, 12, '2026-04-14 06:45:00', '2026-04-14 08:45:00', '-', 1.1999999999999999555910790149937383830547332763671875, 0, 10, 0, 'unutar referentnog intervala', '2026-04-14 06:45:00', '2026-04-14 08:45:00'),
(139, 46, 9, '2026-04-14 06:45:00', '2026-04-14 08:45:00', '-', 12, 0, 10, 1, 'poviseno', '2026-04-14 06:45:00', '2026-04-14 08:45:00'),
(140, 47, 5, '2026-04-15 06:05:00', '2026-04-15 08:05:00', '-', 1.1999999999999999555910790149937383830547332763671875, 0, 10, 0, 'unutar referentnog intervala', '2026-04-15 06:05:00', '2026-04-15 08:05:00'),
(141, 47, 6, '2026-04-15 06:05:00', '2026-04-15 08:05:00', '-', 2.5, 0, 10, 0, 'unutar referentnog intervala', '2026-04-15 06:05:00', '2026-04-15 08:05:00'),
(142, 47, 12, '2026-04-15 06:05:00', '2026-04-15 08:05:00', '-', 2.5, 0, 10, 0, 'unutar referentnog intervala', '2026-04-15 06:05:00', '2026-04-15 08:05:00'),
(143, 47, 10, '2026-04-15 06:05:00', '2026-04-15 08:05:00', '-', 12, 0, 10, 1, 'poviseno', '2026-04-15 06:05:00', '2026-04-15 08:05:00'),
(144, 47, 8, '2026-04-15 06:05:00', '2026-04-15 08:05:00', '-', 8, 0, 10, 0, 'unutar referentnog intervala', '2026-04-15 06:05:00', '2026-04-15 08:05:00'),
(145, 48, 5, '2026-04-28 08:05:00', '2026-04-28 10:05:00', '-', 1.1999999999999999555910790149937383830547332763671875, 0, 10, 0, 'unutar referentnog intervala', '2026-04-28 08:05:00', '2026-04-28 10:05:00'),
(146, 48, 4, '2026-04-28 08:05:00', '2026-04-28 10:05:00', '-', 160, 45, 105, 1, 'poviseno', '2026-04-28 08:05:00', '2026-04-28 10:05:00'),
(147, 48, 3, '2026-04-28 08:05:00', '2026-04-28 10:05:00', '-', 6.4000000000000003552713678800500929355621337890625, 3.9, 5.5, 1, 'poviseno', '2026-04-28 08:05:00', '2026-04-28 10:05:00'),
(148, 48, 8, '2026-04-28 08:05:00', '2026-04-28 10:05:00', '-', 1.1999999999999999555910790149937383830547332763671875, 0, 10, 0, 'unutar referentnog intervala', '2026-04-28 08:05:00', '2026-04-28 10:05:00'),
(149, 48, 1, '2026-04-28 08:05:00', '2026-04-28 10:05:00', '-', 1.1999999999999999555910790149937383830547332763671875, 0, 10, 0, 'unutar referentnog intervala', '2026-04-28 08:05:00', '2026-04-28 10:05:00'),
(150, 49, 10, '2026-05-06 10:35:00', '2026-05-06 12:35:00', '-', 25, 0, 10, 1, 'poviseno', '2026-05-06 10:35:00', '2026-05-06 12:35:00'),
(151, 49, 8, '2026-05-06 10:35:00', '2026-05-06 12:35:00', '-', 12, 0, 10, 1, 'poviseno', '2026-05-06 10:35:00', '2026-05-06 12:35:00'),
(152, 49, 6, '2026-05-06 10:35:00', '2026-05-06 12:35:00', '-', 2.5, 0, 10, 0, 'unutar referentnog intervala', '2026-05-06 10:35:00', '2026-05-06 12:35:00'),
(153, 49, 7, '2026-05-06 10:35:00', '2026-05-06 12:35:00', '-', 2.5, 0, 10, 0, 'unutar referentnog intervala', '2026-05-06 10:35:00', '2026-05-06 12:35:00'),
(154, 49, 11, '2026-05-06 10:35:00', '2026-05-06 12:35:00', '-', 150, 120, 160, 0, 'unutar referentnog intervala', '2026-05-06 10:35:00', '2026-05-06 12:35:00'),
(155, 51, 12, '2026-02-04 08:10:00', '2026-02-04 10:10:00', '-', 8, 0, 10, 0, 'unutar referentnog intervala', '2026-02-04 08:10:00', '2026-02-04 10:10:00'),
(156, 51, 6, '2026-02-04 08:10:00', '2026-02-04 10:10:00', '-', 2.5, 0, 10, 0, 'unutar referentnog intervala', '2026-02-04 08:10:00', '2026-02-04 10:10:00'),
(157, 51, 2, '2026-02-04 08:10:00', '2026-02-04 10:10:00', '-', 35, 0, 5, 1, 'poviseno', '2026-02-04 08:10:00', '2026-02-04 10:10:00'),
(158, 51, 7, '2026-02-04 08:10:00', '2026-02-04 10:10:00', '-', 5.5, 0, 10, 0, 'unutar referentnog intervala', '2026-02-04 08:10:00', '2026-02-04 10:10:00'),
(159, 52, 12, '2026-02-17 11:45:00', '2026-02-17 13:45:00', '-', 25, 0, 10, 1, 'poviseno', '2026-02-17 11:45:00', '2026-02-17 13:45:00'),
(160, 52, 5, '2026-02-17 11:45:00', '2026-02-17 13:45:00', '-', 25, 0, 10, 1, 'poviseno', '2026-02-17 11:45:00', '2026-02-17 13:45:00'),
(161, 52, 2, '2026-02-17 11:45:00', '2026-02-17 13:45:00', '-', 8.9000000000000003552713678800500929355621337890625, 0, 5, 1, 'poviseno', '2026-02-17 11:45:00', '2026-02-17 13:45:00'),
(162, 52, 3, '2026-02-17 11:45:00', '2026-02-17 13:45:00', '-', 9.0999999999999996447286321199499070644378662109375, 3.9, 5.5, 1, 'poviseno', '2026-02-17 11:45:00', '2026-02-17 13:45:00'),
(163, 52, 1, '2026-02-17 11:45:00', '2026-02-17 13:45:00', '-', 25, 0, 10, 1, 'poviseno', '2026-02-17 11:45:00', '2026-02-17 13:45:00'),
(164, 52, 11, '2026-02-17 11:45:00', '2026-02-17 13:45:00', '-', 110, 120, 160, -1, 'snizeno', '2026-02-17 11:45:00', '2026-02-17 13:45:00'),
(165, 53, 4, '2026-02-19 11:05:00', '2026-02-19 13:05:00', '-', 160, 45, 105, 1, 'poviseno', '2026-02-19 11:05:00', '2026-02-19 13:05:00'),
(166, 53, 10, '2026-02-19 11:05:00', '2026-02-19 13:05:00', '-', 1.1999999999999999555910790149937383830547332763671875, 0, 10, 0, 'unutar referentnog intervala', '2026-02-19 11:05:00', '2026-02-19 13:05:00'),
(167, 53, 9, '2026-02-19 11:05:00', '2026-02-19 13:05:00', '-', 12, 0, 10, 1, 'poviseno', '2026-02-19 11:05:00', '2026-02-19 13:05:00'),
(168, 54, 9, '2026-02-21 09:15:00', '2026-02-21 11:15:00', '-', 5.5, 0, 10, 0, 'unutar referentnog intervala', '2026-02-21 09:15:00', '2026-02-21 11:15:00'),
(169, 54, 1, '2026-02-21 09:15:00', '2026-02-21 11:15:00', '-', 2.5, 0, 10, 0, 'unutar referentnog intervala', '2026-02-21 09:15:00', '2026-02-21 11:15:00'),
(170, 54, 2, '2026-02-21 09:15:00', '2026-02-21 11:15:00', '-', 4.5, 0, 5, 0, 'unutar referentnog intervala', '2026-02-21 09:15:00', '2026-02-21 11:15:00'),
(171, 54, 12, '2026-02-21 09:15:00', '2026-02-21 11:15:00', '-', 25, 0, 10, 1, 'poviseno', '2026-02-21 09:15:00', '2026-02-21 11:15:00'),
(172, 54, 3, '2026-02-21 09:15:00', '2026-02-21 11:15:00', '-', 9.0999999999999996447286321199499070644378662109375, 3.9, 5.5, 1, 'poviseno', '2026-02-21 09:15:00', '2026-02-21 11:15:00'),
(173, 54, 11, '2026-02-21 09:15:00', '2026-02-21 11:15:00', '-', 150, 120, 160, 0, 'unutar referentnog intervala', '2026-02-21 09:15:00', '2026-02-21 11:15:00'),
(174, 55, 7, '2026-02-23 09:45:00', '2026-02-23 11:45:00', '-', 5.5, 0, 10, 0, 'unutar referentnog intervala', '2026-02-23 09:45:00', '2026-02-23 11:45:00'),
(175, 55, 10, '2026-02-23 09:45:00', '2026-02-23 11:45:00', '-', 8, 0, 10, 0, 'unutar referentnog intervala', '2026-02-23 09:45:00', '2026-02-23 11:45:00'),
(176, 55, 1, '2026-02-23 09:45:00', '2026-02-23 11:45:00', '-', 2.5, 0, 10, 0, 'unutar referentnog intervala', '2026-02-23 09:45:00', '2026-02-23 11:45:00'),
(177, 55, 8, '2026-02-23 09:45:00', '2026-02-23 11:45:00', '-', 8, 0, 10, 0, 'unutar referentnog intervala', '2026-02-23 09:45:00', '2026-02-23 11:45:00'),
(178, 55, 11, '2026-02-23 09:45:00', '2026-02-23 11:45:00', '-', 110, 120, 160, -1, 'snizeno', '2026-02-23 09:45:00', '2026-02-23 11:45:00'),
(179, 57, 2, '2026-02-28 09:05:00', '2026-02-28 11:05:00', '-', 8.9000000000000003552713678800500929355621337890625, 0, 5, 1, 'poviseno', '2026-02-28 09:05:00', '2026-02-28 11:05:00'),
(180, 57, 12, '2026-02-28 09:05:00', '2026-02-28 11:05:00', '-', 2.5, 0, 10, 0, 'unutar referentnog intervala', '2026-02-28 09:05:00', '2026-02-28 11:05:00'),
(181, 57, 11, '2026-02-28 09:05:00', '2026-02-28 11:05:00', '-', 125, 120, 160, 0, 'unutar referentnog intervala', '2026-02-28 09:05:00', '2026-02-28 11:05:00'),
(182, 57, 9, '2026-02-28 09:05:00', '2026-02-28 11:05:00', '-', 5.5, 0, 10, 0, 'unutar referentnog intervala', '2026-02-28 09:05:00', '2026-02-28 11:05:00'),
(183, 57, 3, '2026-02-28 09:05:00', '2026-02-28 11:05:00', '-', 4.79999999999999982236431605997495353221893310546875, 3.9, 5.5, 0, 'unutar referentnog intervala', '2026-02-28 09:05:00', '2026-02-28 11:05:00'),
(184, 58, 11, '2026-03-01 06:35:00', '2026-03-01 08:35:00', '-', 110, 120, 160, -1, 'snizeno', '2026-03-01 06:35:00', '2026-03-01 08:35:00'),
(185, 58, 3, '2026-03-01 06:35:00', '2026-03-01 08:35:00', '-', 6.4000000000000003552713678800500929355621337890625, 3.9, 5.5, 1, 'poviseno', '2026-03-01 06:35:00', '2026-03-01 08:35:00'),
(186, 58, 1, '2026-03-01 06:35:00', '2026-03-01 08:35:00', '-', 8, 0, 10, 0, 'unutar referentnog intervala', '2026-03-01 06:35:00', '2026-03-01 08:35:00'),
(187, 58, 6, '2026-03-01 06:35:00', '2026-03-01 08:35:00', '-', 1.1999999999999999555910790149937383830547332763671875, 0, 10, 0, 'unutar referentnog intervala', '2026-03-01 06:35:00', '2026-03-01 08:35:00'),
(188, 58, 12, '2026-03-01 06:35:00', '2026-03-01 08:35:00', '-', 5.5, 0, 10, 0, 'unutar referentnog intervala', '2026-03-01 06:35:00', '2026-03-01 08:35:00'),
(189, 58, 10, '2026-03-01 06:35:00', '2026-03-01 08:35:00', '-', 2.5, 0, 10, 0, 'unutar referentnog intervala', '2026-03-01 06:35:00', '2026-03-01 08:35:00'),
(190, 59, 5, '2026-03-03 09:05:00', '2026-03-03 11:05:00', '-', 2.5, 0, 10, 0, 'unutar referentnog intervala', '2026-03-03 09:05:00', '2026-03-03 11:05:00'),
(191, 59, 7, '2026-03-03 09:05:00', '2026-03-03 11:05:00', '-', 12, 0, 10, 1, 'poviseno', '2026-03-03 09:05:00', '2026-03-03 11:05:00'),
(192, 59, 2, '2026-03-03 09:05:00', '2026-03-03 11:05:00', '-', 58.39999999999999857891452847979962825775146484375, 0, 5, 1, 'poviseno', '2026-03-03 09:05:00', '2026-03-03 11:05:00'),
(193, 59, 1, '2026-03-03 09:05:00', '2026-03-03 11:05:00', '-', 2.5, 0, 10, 0, 'unutar referentnog intervala', '2026-03-03 09:05:00', '2026-03-03 11:05:00'),
(194, 59, 4, '2026-03-03 09:05:00', '2026-03-03 11:05:00', '-', 130, 45, 105, 1, 'poviseno', '2026-03-03 09:05:00', '2026-03-03 11:05:00'),
(195, 60, 2, '2026-03-11 11:10:00', '2026-03-11 13:10:00', '-', 35, 0, 5, 1, 'poviseno', '2026-03-11 11:10:00', '2026-03-11 13:10:00'),
(196, 60, 5, '2026-03-11 11:10:00', '2026-03-11 13:10:00', '-', 1.1999999999999999555910790149937383830547332763671875, 0, 10, 0, 'unutar referentnog intervala', '2026-03-11 11:10:00', '2026-03-11 13:10:00'),
(197, 60, 1, '2026-03-11 11:10:00', '2026-03-11 13:10:00', '-', 8, 0, 10, 0, 'unutar referentnog intervala', '2026-03-11 11:10:00', '2026-03-11 13:10:00'),
(198, 60, 6, '2026-03-11 11:10:00', '2026-03-11 13:10:00', '-', 1.1999999999999999555910790149937383830547332763671875, 0, 10, 0, 'unutar referentnog intervala', '2026-03-11 11:10:00', '2026-03-11 13:10:00'),
(199, 60, 8, '2026-03-11 11:10:00', '2026-03-11 13:10:00', '-', 8, 0, 10, 0, 'unutar referentnog intervala', '2026-03-11 11:10:00', '2026-03-11 13:10:00'),
(200, 60, 11, '2026-03-11 11:10:00', '2026-03-11 13:10:00', '-', 125, 120, 160, 0, 'unutar referentnog intervala', '2026-03-11 11:10:00', '2026-03-11 13:10:00'),
(201, 62, 4, '2026-03-23 08:40:00', '2026-03-23 10:40:00', '-', 95, 45, 105, 0, 'unutar referentnog intervala', '2026-03-23 08:40:00', '2026-03-23 10:40:00'),
(202, 62, 9, '2026-03-23 08:40:00', '2026-03-23 10:40:00', '-', 12, 0, 10, 1, 'poviseno', '2026-03-23 08:40:00', '2026-03-23 10:40:00'),
(203, 62, 3, '2026-03-23 08:40:00', '2026-03-23 10:40:00', '-', 7.79999999999999982236431605997495353221893310546875, 3.9, 5.5, 1, 'poviseno', '2026-03-23 08:40:00', '2026-03-23 10:40:00'),
(204, 63, 3, '2026-03-27 08:15:00', '2026-03-27 10:15:00', '-', 5.20000000000000017763568394002504646778106689453125, 3.9, 5.5, 0, 'unutar referentnog intervala', '2026-03-27 08:15:00', '2026-03-27 10:15:00'),
(205, 63, 6, '2026-03-27 08:15:00', '2026-03-27 10:15:00', '-', 12, 0, 10, 1, 'poviseno', '2026-03-27 08:15:00', '2026-03-27 10:15:00'),
(206, 63, 9, '2026-03-27 08:15:00', '2026-03-27 10:15:00', '-', 8, 0, 10, 0, 'unutar referentnog intervala', '2026-03-27 08:15:00', '2026-03-27 10:15:00'),
(207, 63, 12, '2026-03-27 08:15:00', '2026-03-27 10:15:00', '-', 12, 0, 10, 1, 'poviseno', '2026-03-27 08:15:00', '2026-03-27 10:15:00'),
(208, 64, 8, '2026-04-03 09:15:00', '2026-04-03 11:15:00', '-', 25, 0, 10, 1, 'poviseno', '2026-04-03 09:15:00', '2026-04-03 11:15:00'),
(209, 64, 10, '2026-04-03 09:15:00', '2026-04-03 11:15:00', '-', 2.5, 0, 10, 0, 'unutar referentnog intervala', '2026-04-03 09:15:00', '2026-04-03 11:15:00'),
(210, 64, 5, '2026-04-03 09:15:00', '2026-04-03 11:15:00', '-', 1.1999999999999999555910790149937383830547332763671875, 0, 10, 0, 'unutar referentnog intervala', '2026-04-03 09:15:00', '2026-04-03 11:15:00'),
(211, 65, 5, '2026-04-08 12:15:00', '2026-04-08 14:15:00', '-', 25, 0, 10, 1, 'poviseno', '2026-04-08 12:15:00', '2026-04-08 14:15:00'),
(212, 65, 10, '2026-04-08 12:15:00', '2026-04-08 14:15:00', '-', 2.5, 0, 10, 0, 'unutar referentnog intervala', '2026-04-08 12:15:00', '2026-04-08 14:15:00'),
(213, 65, 12, '2026-04-08 12:15:00', '2026-04-08 14:15:00', '-', 12, 0, 10, 1, 'poviseno', '2026-04-08 12:15:00', '2026-04-08 14:15:00'),
(214, 65, 7, '2026-04-08 12:15:00', '2026-04-08 14:15:00', '-', 12, 0, 10, 1, 'poviseno', '2026-04-08 12:15:00', '2026-04-08 14:15:00'),
(215, 65, 6, '2026-04-08 12:15:00', '2026-04-08 14:15:00', '-', 5.5, 0, 10, 0, 'unutar referentnog intervala', '2026-04-08 12:15:00', '2026-04-08 14:15:00'),
(216, 65, 9, '2026-04-08 12:15:00', '2026-04-08 14:15:00', '-', 1.1999999999999999555910790149937383830547332763671875, 0, 10, 0, 'unutar referentnog intervala', '2026-04-08 12:15:00', '2026-04-08 14:15:00'),
(217, 66, 5, '2026-04-08 11:45:00', '2026-04-08 13:45:00', '-', 25, 0, 10, 1, 'poviseno', '2026-04-08 11:45:00', '2026-04-08 13:45:00'),
(218, 66, 2, '2026-04-08 11:45:00', '2026-04-08 13:45:00', '-', 2.100000000000000088817841970012523233890533447265625, 0, 5, 0, 'unutar referentnog intervala', '2026-04-08 11:45:00', '2026-04-08 13:45:00'),
(219, 66, 7, '2026-04-08 11:45:00', '2026-04-08 13:45:00', '-', 2.5, 0, 10, 0, 'unutar referentnog intervala', '2026-04-08 11:45:00', '2026-04-08 13:45:00'),
(220, 67, 7, '2026-04-14 11:10:00', '2026-04-14 13:10:00', '-', 25, 0, 10, 1, 'poviseno', '2026-04-14 11:10:00', '2026-04-14 13:10:00'),
(221, 67, 4, '2026-04-14 11:10:00', '2026-04-14 13:10:00', '-', 95, 45, 105, 0, 'unutar referentnog intervala', '2026-04-14 11:10:00', '2026-04-14 13:10:00'),
(222, 67, 10, '2026-04-14 11:10:00', '2026-04-14 13:10:00', '-', 25, 0, 10, 1, 'poviseno', '2026-04-14 11:10:00', '2026-04-14 13:10:00'),
(223, 67, 9, '2026-04-14 11:10:00', '2026-04-14 13:10:00', '-', 5.5, 0, 10, 0, 'unutar referentnog intervala', '2026-04-14 11:10:00', '2026-04-14 13:10:00'),
(224, 67, 6, '2026-04-14 11:10:00', '2026-04-14 13:10:00', '-', 25, 0, 10, 1, 'poviseno', '2026-04-14 11:10:00', '2026-04-14 13:10:00'),
(225, 68, 11, '2026-04-17 05:45:00', '2026-04-17 07:45:00', '-', 150, 120, 160, 0, 'unutar referentnog intervala', '2026-04-17 05:45:00', '2026-04-17 07:45:00'),
(226, 68, 6, '2026-04-17 05:45:00', '2026-04-17 07:45:00', '-', 12, 0, 10, 1, 'poviseno', '2026-04-17 05:45:00', '2026-04-17 07:45:00'),
(227, 68, 12, '2026-04-17 05:45:00', '2026-04-17 07:45:00', '-', 5.5, 0, 10, 0, 'unutar referentnog intervala', '2026-04-17 05:45:00', '2026-04-17 07:45:00'),
(228, 68, 4, '2026-04-17 05:45:00', '2026-04-17 07:45:00', '-', 65, 45, 105, 0, 'unutar referentnog intervala', '2026-04-17 05:45:00', '2026-04-17 07:45:00'),
(229, 70, 10, '2026-04-29 08:15:00', '2026-04-29 10:15:00', '-', 1.1999999999999999555910790149937383830547332763671875, 0, 10, 0, 'unutar referentnog intervala', '2026-04-29 08:15:00', '2026-04-29 10:15:00'),
(230, 70, 8, '2026-04-29 08:15:00', '2026-04-29 10:15:00', '-', 25, 0, 10, 1, 'poviseno', '2026-04-29 08:15:00', '2026-04-29 10:15:00'),
(231, 70, 1, '2026-04-29 08:15:00', '2026-04-29 10:15:00', '-', 2.5, 0, 10, 0, 'unutar referentnog intervala', '2026-04-29 08:15:00', '2026-04-29 10:15:00'),
(232, 71, 7, '2026-05-01 15:05:00', '2026-05-01 17:05:00', '-', 25, 0, 10, 1, 'poviseno', '2026-05-01 15:05:00', '2026-05-01 17:05:00'),
(233, 71, 9, '2026-05-01 15:05:00', '2026-05-01 17:05:00', '-', 8, 0, 10, 0, 'unutar referentnog intervala', '2026-05-01 15:05:00', '2026-05-01 17:05:00'),
(234, 71, 2, '2026-05-01 15:05:00', '2026-05-01 17:05:00', '-', 2.100000000000000088817841970012523233890533447265625, 0, 5, 0, 'unutar referentnog intervala', '2026-05-01 15:05:00', '2026-05-01 17:05:00'),
(235, 71, 10, '2026-05-01 15:05:00', '2026-05-01 17:05:00', '-', 5.5, 0, 10, 0, 'unutar referentnog intervala', '2026-05-01 15:05:00', '2026-05-01 17:05:00'),
(236, 71, 1, '2026-05-01 15:05:00', '2026-05-01 17:05:00', '-', 8, 0, 10, 0, 'unutar referentnog intervala', '2026-05-01 15:05:00', '2026-05-01 17:05:00'),
(237, 71, 12, '2026-05-01 15:05:00', '2026-05-01 17:05:00', '-', 12, 0, 10, 1, 'poviseno', '2026-05-01 15:05:00', '2026-05-01 17:05:00'),
(238, 72, 12, '2026-05-04 13:40:00', '2026-05-04 15:40:00', '-', 5.5, 0, 10, 0, 'unutar referentnog intervala', '2026-05-04 13:40:00', '2026-05-04 15:40:00'),
(239, 72, 1, '2026-05-04 13:40:00', '2026-05-04 15:40:00', '-', 2.5, 0, 10, 0, 'unutar referentnog intervala', '2026-05-04 13:40:00', '2026-05-04 15:40:00'),
(240, 72, 2, '2026-05-04 13:40:00', '2026-05-04 15:40:00', '-', 35, 0, 5, 1, 'poviseno', '2026-05-04 13:40:00', '2026-05-04 15:40:00'),
(241, 72, 8, '2026-05-04 13:40:00', '2026-05-04 15:40:00', '-', 1.1999999999999999555910790149937383830547332763671875, 0, 10, 0, 'unutar referentnog intervala', '2026-05-04 13:40:00', '2026-05-04 15:40:00'),
(242, 73, 5, '2026-05-07 12:15:00', '2026-05-07 14:15:00', '-', 2.5, 0, 10, 0, 'unutar referentnog intervala', '2026-05-07 12:15:00', '2026-05-07 14:15:00'),
(243, 73, 11, '2026-05-07 12:15:00', '2026-05-07 14:15:00', '-', 110, 120, 160, -1, 'snizeno', '2026-05-07 12:15:00', '2026-05-07 14:15:00'),
(244, 73, 6, '2026-05-07 12:15:00', '2026-05-07 14:15:00', '-', 12, 0, 10, 1, 'poviseno', '2026-05-07 12:15:00', '2026-05-07 14:15:00'),
(245, 74, 4, '2026-05-10 07:15:00', '2026-05-10 09:15:00', '-', 95, 45, 105, 0, 'unutar referentnog intervala', '2026-05-10 07:15:00', '2026-05-10 09:15:00'),
(246, 74, 8, '2026-05-10 07:15:00', '2026-05-10 09:15:00', '-', 8, 0, 10, 0, 'unutar referentnog intervala', '2026-05-10 07:15:00', '2026-05-10 09:15:00'),
(247, 74, 6, '2026-05-10 07:15:00', '2026-05-10 09:15:00', '-', 25, 0, 10, 1, 'poviseno', '2026-05-10 07:15:00', '2026-05-10 09:15:00'),
(248, 74, 1, '2026-05-10 07:15:00', '2026-05-10 09:15:00', '-', 25, 0, 10, 1, 'poviseno', '2026-05-10 07:15:00', '2026-05-10 09:15:00'),
(249, 75, 4, '2026-05-13 07:10:00', '2026-05-13 09:10:00', '-', 65, 45, 105, 0, 'unutar referentnog intervala', '2026-05-13 07:10:00', '2026-05-13 09:10:00'),
(250, 75, 11, '2026-05-13 07:10:00', '2026-05-13 09:10:00', '-', 138, 120, 160, 0, 'unutar referentnog intervala', '2026-05-13 07:10:00', '2026-05-13 09:10:00'),
(251, 75, 7, '2026-05-13 07:10:00', '2026-05-13 09:10:00', '-', 12, 0, 10, 1, 'poviseno', '2026-05-13 07:10:00', '2026-05-13 09:10:00'),
(252, 76, 9, '2026-02-04 12:15:00', '2026-02-04 14:15:00', '-', 1.1999999999999999555910790149937383830547332763671875, 0, 10, 0, 'unutar referentnog intervala', '2026-02-04 12:15:00', '2026-02-04 14:15:00'),
(253, 76, 4, '2026-02-04 12:15:00', '2026-02-04 14:15:00', '-', 160, 45, 105, 1, 'poviseno', '2026-02-04 12:15:00', '2026-02-04 14:15:00'),
(254, 76, 10, '2026-02-04 12:15:00', '2026-02-04 14:15:00', '-', 2.5, 0, 10, 0, 'unutar referentnog intervala', '2026-02-04 12:15:00', '2026-02-04 14:15:00'),
(255, 76, 3, '2026-02-04 12:15:00', '2026-02-04 14:15:00', '-', 4.79999999999999982236431605997495353221893310546875, 3.9, 5.5, 0, 'unutar referentnog intervala', '2026-02-04 12:15:00', '2026-02-04 14:15:00'),
(256, 77, 9, '2026-02-07 06:45:00', '2026-02-07 08:45:00', '-', 25, 0, 10, 1, 'poviseno', '2026-02-07 06:45:00', '2026-02-07 08:45:00'),
(257, 77, 5, '2026-02-07 06:45:00', '2026-02-07 08:45:00', '-', 25, 0, 10, 1, 'poviseno', '2026-02-07 06:45:00', '2026-02-07 08:45:00'),
(258, 77, 4, '2026-02-07 06:45:00', '2026-02-07 08:45:00', '-', 160, 45, 105, 1, 'poviseno', '2026-02-07 06:45:00', '2026-02-07 08:45:00'),
(259, 77, 1, '2026-02-07 06:45:00', '2026-02-07 08:45:00', '-', 12, 0, 10, 1, 'poviseno', '2026-02-07 06:45:00', '2026-02-07 08:45:00'),
(260, 78, 1, '2026-02-12 12:05:00', '2026-02-12 14:05:00', '-', 8, 0, 10, 0, 'unutar referentnog intervala', '2026-02-12 12:05:00', '2026-02-12 14:05:00'),
(261, 78, 7, '2026-02-12 12:05:00', '2026-02-12 14:05:00', '-', 5.5, 0, 10, 0, 'unutar referentnog intervala', '2026-02-12 12:05:00', '2026-02-12 14:05:00'),
(262, 78, 12, '2026-02-12 12:05:00', '2026-02-12 14:05:00', '-', 1.1999999999999999555910790149937383830547332763671875, 0, 10, 0, 'unutar referentnog intervala', '2026-02-12 12:05:00', '2026-02-12 14:05:00'),
(263, 78, 6, '2026-02-12 12:05:00', '2026-02-12 14:05:00', '-', 25, 0, 10, 1, 'poviseno', '2026-02-12 12:05:00', '2026-02-12 14:05:00'),
(264, 78, 11, '2026-02-12 12:05:00', '2026-02-12 14:05:00', '-', 150, 120, 160, 0, 'unutar referentnog intervala', '2026-02-12 12:05:00', '2026-02-12 14:05:00'),
(265, 78, 8, '2026-02-12 12:05:00', '2026-02-12 14:05:00', '-', 8, 0, 10, 0, 'unutar referentnog intervala', '2026-02-12 12:05:00', '2026-02-12 14:05:00'),
(266, 79, 12, '2026-02-19 13:35:00', '2026-02-19 15:35:00', '-', 5.5, 0, 10, 0, 'unutar referentnog intervala', '2026-02-19 13:35:00', '2026-02-19 15:35:00'),
(267, 79, 4, '2026-02-19 13:35:00', '2026-02-19 15:35:00', '-', 130, 45, 105, 1, 'poviseno', '2026-02-19 13:35:00', '2026-02-19 15:35:00'),
(268, 79, 1, '2026-02-19 13:35:00', '2026-02-19 15:35:00', '-', 12, 0, 10, 1, 'poviseno', '2026-02-19 13:35:00', '2026-02-19 15:35:00'),
(269, 80, 7, '2026-02-22 06:35:00', '2026-02-22 08:35:00', '-', 1.1999999999999999555910790149937383830547332763671875, 0, 10, 0, 'unutar referentnog intervala', '2026-02-22 06:35:00', '2026-02-22 08:35:00'),
(270, 80, 4, '2026-02-22 06:35:00', '2026-02-22 08:35:00', '-', 160, 45, 105, 1, 'poviseno', '2026-02-22 06:35:00', '2026-02-22 08:35:00'),
(271, 80, 6, '2026-02-22 06:35:00', '2026-02-22 08:35:00', '-', 1.1999999999999999555910790149937383830547332763671875, 0, 10, 0, 'unutar referentnog intervala', '2026-02-22 06:35:00', '2026-02-22 08:35:00'),
(272, 82, 2, '2026-02-26 09:05:00', '2026-02-26 11:05:00', '-', 2.100000000000000088817841970012523233890533447265625, 0, 5, 0, 'unutar referentnog intervala', '2026-02-26 09:05:00', '2026-02-26 11:05:00'),
(273, 82, 4, '2026-02-26 09:05:00', '2026-02-26 11:05:00', '-', 65, 45, 105, 0, 'unutar referentnog intervala', '2026-02-26 09:05:00', '2026-02-26 11:05:00'),
(274, 82, 11, '2026-02-26 09:05:00', '2026-02-26 11:05:00', '-', 110, 120, 160, -1, 'snizeno', '2026-02-26 09:05:00', '2026-02-26 11:05:00'),
(275, 82, 3, '2026-02-26 09:05:00', '2026-02-26 11:05:00', '-', 7.79999999999999982236431605997495353221893310546875, 3.9, 5.5, 1, 'poviseno', '2026-02-26 09:05:00', '2026-02-26 11:05:00'),
(276, 82, 6, '2026-02-26 09:05:00', '2026-02-26 11:05:00', '-', 8, 0, 10, 0, 'unutar referentnog intervala', '2026-02-26 09:05:00', '2026-02-26 11:05:00'),
(277, 82, 9, '2026-02-26 09:05:00', '2026-02-26 11:05:00', '-', 1.1999999999999999555910790149937383830547332763671875, 0, 10, 0, 'unutar referentnog intervala', '2026-02-26 09:05:00', '2026-02-26 11:05:00'),
(278, 83, 5, '2026-03-01 13:15:00', '2026-03-01 15:15:00', '-', 5.5, 0, 10, 0, 'unutar referentnog intervala', '2026-03-01 13:15:00', '2026-03-01 15:15:00'),
(279, 83, 4, '2026-03-01 13:15:00', '2026-03-01 15:15:00', '-', 65, 45, 105, 0, 'unutar referentnog intervala', '2026-03-01 13:15:00', '2026-03-01 15:15:00'),
(280, 83, 2, '2026-03-01 13:15:00', '2026-03-01 15:15:00', '-', 8.9000000000000003552713678800500929355621337890625, 0, 5, 1, 'poviseno', '2026-03-01 13:15:00', '2026-03-01 15:15:00'),
(281, 83, 8, '2026-03-01 13:15:00', '2026-03-01 15:15:00', '-', 12, 0, 10, 1, 'poviseno', '2026-03-01 13:15:00', '2026-03-01 15:15:00'),
(282, 83, 11, '2026-03-01 13:15:00', '2026-03-01 15:15:00', '-', 125, 120, 160, 0, 'unutar referentnog intervala', '2026-03-01 13:15:00', '2026-03-01 15:15:00'),
(283, 86, 11, '2026-03-06 12:05:00', '2026-03-06 14:05:00', '-', 110, 120, 160, -1, 'snizeno', '2026-03-06 12:05:00', '2026-03-06 14:05:00'),
(284, 86, 8, '2026-03-06 12:05:00', '2026-03-06 14:05:00', '-', 1.1999999999999999555910790149937383830547332763671875, 0, 10, 0, 'unutar referentnog intervala', '2026-03-06 12:05:00', '2026-03-06 14:05:00'),
(285, 86, 10, '2026-03-06 12:05:00', '2026-03-06 14:05:00', '-', 1.1999999999999999555910790149937383830547332763671875, 0, 10, 0, 'unutar referentnog intervala', '2026-03-06 12:05:00', '2026-03-06 14:05:00'),
(286, 88, 3, '2026-03-14 12:35:00', '2026-03-14 14:35:00', '-', 4.79999999999999982236431605997495353221893310546875, 3.9, 5.5, 0, 'unutar referentnog intervala', '2026-03-14 12:35:00', '2026-03-14 14:35:00'),
(287, 88, 1, '2026-03-14 12:35:00', '2026-03-14 14:35:00', '-', 5.5, 0, 10, 0, 'unutar referentnog intervala', '2026-03-14 12:35:00', '2026-03-14 14:35:00'),
(288, 88, 8, '2026-03-14 12:35:00', '2026-03-14 14:35:00', '-', 12, 0, 10, 1, 'poviseno', '2026-03-14 12:35:00', '2026-03-14 14:35:00'),
(289, 89, 2, '2026-03-16 14:35:00', '2026-03-16 16:35:00', '-', 58.39999999999999857891452847979962825775146484375, 0, 5, 1, 'poviseno', '2026-03-16 14:35:00', '2026-03-16 16:35:00'),
(290, 89, 11, '2026-03-16 14:35:00', '2026-03-16 16:35:00', '-', 110, 120, 160, -1, 'snizeno', '2026-03-16 14:35:00', '2026-03-16 16:35:00'),
(291, 89, 1, '2026-03-16 14:35:00', '2026-03-16 16:35:00', '-', 5.5, 0, 10, 0, 'unutar referentnog intervala', '2026-03-16 14:35:00', '2026-03-16 16:35:00'),
(292, 91, 4, '2026-03-24 14:15:00', '2026-03-24 16:15:00', '-', 130, 45, 105, 1, 'poviseno', '2026-03-24 14:15:00', '2026-03-24 16:15:00'),
(293, 91, 10, '2026-03-24 14:15:00', '2026-03-24 16:15:00', '-', 8, 0, 10, 0, 'unutar referentnog intervala', '2026-03-24 14:15:00', '2026-03-24 16:15:00'),
(294, 91, 11, '2026-03-24 14:15:00', '2026-03-24 16:15:00', '-', 110, 120, 160, -1, 'snizeno', '2026-03-24 14:15:00', '2026-03-24 16:15:00'),
(295, 91, 1, '2026-03-24 14:15:00', '2026-03-24 16:15:00', '-', 5.5, 0, 10, 0, 'unutar referentnog intervala', '2026-03-24 14:15:00', '2026-03-24 16:15:00'),
(296, 91, 8, '2026-03-24 14:15:00', '2026-03-24 16:15:00', '-', 25, 0, 10, 1, 'poviseno', '2026-03-24 14:15:00', '2026-03-24 16:15:00'),
(297, 91, 12, '2026-03-24 14:15:00', '2026-03-24 16:15:00', '-', 25, 0, 10, 1, 'poviseno', '2026-03-24 14:15:00', '2026-03-24 16:15:00'),
(298, 93, 10, '2026-03-31 05:15:00', '2026-03-31 07:15:00', '-', 12, 0, 10, 1, 'poviseno', '2026-03-31 05:15:00', '2026-03-31 07:15:00'),
(299, 93, 4, '2026-03-31 05:15:00', '2026-03-31 07:15:00', '-', 65, 45, 105, 0, 'unutar referentnog intervala', '2026-03-31 05:15:00', '2026-03-31 07:15:00'),
(300, 93, 2, '2026-03-31 05:15:00', '2026-03-31 07:15:00', '-', 58.39999999999999857891452847979962825775146484375, 0, 5, 1, 'poviseno', '2026-03-31 05:15:00', '2026-03-31 07:15:00'),
(301, 93, 12, '2026-03-31 05:15:00', '2026-03-31 07:15:00', '-', 2.5, 0, 10, 0, 'unutar referentnog intervala', '2026-03-31 05:15:00', '2026-03-31 07:15:00'),
(302, 93, 1, '2026-03-31 05:15:00', '2026-03-31 07:15:00', '-', 12, 0, 10, 1, 'poviseno', '2026-03-31 05:15:00', '2026-03-31 07:15:00'),
(303, 94, 6, '2026-04-05 09:35:00', '2026-04-05 11:35:00', '-', 2.5, 0, 10, 0, 'unutar referentnog intervala', '2026-04-05 09:35:00', '2026-04-05 11:35:00'),
(304, 94, 7, '2026-04-05 09:35:00', '2026-04-05 11:35:00', '-', 2.5, 0, 10, 0, 'unutar referentnog intervala', '2026-04-05 09:35:00', '2026-04-05 11:35:00'),
(305, 94, 8, '2026-04-05 09:35:00', '2026-04-05 11:35:00', '-', 1.1999999999999999555910790149937383830547332763671875, 0, 10, 0, 'unutar referentnog intervala', '2026-04-05 09:35:00', '2026-04-05 11:35:00'),
(306, 94, 10, '2026-04-05 09:35:00', '2026-04-05 11:35:00', '-', 1.1999999999999999555910790149937383830547332763671875, 0, 10, 0, 'unutar referentnog intervala', '2026-04-05 09:35:00', '2026-04-05 11:35:00'),
(307, 94, 3, '2026-04-05 09:35:00', '2026-04-05 11:35:00', '-', 5.20000000000000017763568394002504646778106689453125, 3.9, 5.5, 0, 'unutar referentnog intervala', '2026-04-05 09:35:00', '2026-04-05 11:35:00'),
(308, 95, 9, '2026-04-08 05:35:00', '2026-04-08 07:35:00', '-', 8, 0, 10, 0, 'unutar referentnog intervala', '2026-04-08 05:35:00', '2026-04-08 07:35:00'),
(309, 95, 11, '2026-04-08 05:35:00', '2026-04-08 07:35:00', '-', 138, 120, 160, 0, 'unutar referentnog intervala', '2026-04-08 05:35:00', '2026-04-08 07:35:00'),
(310, 95, 6, '2026-04-08 05:35:00', '2026-04-08 07:35:00', '-', 12, 0, 10, 1, 'poviseno', '2026-04-08 05:35:00', '2026-04-08 07:35:00'),
(311, 95, 5, '2026-04-08 05:35:00', '2026-04-08 07:35:00', '-', 5.5, 0, 10, 0, 'unutar referentnog intervala', '2026-04-08 05:35:00', '2026-04-08 07:35:00'),
(312, 95, 3, '2026-04-08 05:35:00', '2026-04-08 07:35:00', '-', 6.4000000000000003552713678800500929355621337890625, 3.9, 5.5, 1, 'poviseno', '2026-04-08 05:35:00', '2026-04-08 07:35:00'),
(313, 95, 2, '2026-04-08 05:35:00', '2026-04-08 07:35:00', '-', 8.9000000000000003552713678800500929355621337890625, 0, 5, 1, 'poviseno', '2026-04-08 05:35:00', '2026-04-08 07:35:00'),
(314, 97, 1, '2026-04-10 10:45:00', '2026-04-10 12:45:00', '-', 1.1999999999999999555910790149937383830547332763671875, 0, 10, 0, 'unutar referentnog intervala', '2026-04-10 10:45:00', '2026-04-10 12:45:00'),
(315, 97, 4, '2026-04-10 10:45:00', '2026-04-10 12:45:00', '-', 130, 45, 105, 1, 'poviseno', '2026-04-10 10:45:00', '2026-04-10 12:45:00'),
(316, 97, 9, '2026-04-10 10:45:00', '2026-04-10 12:45:00', '-', 5.5, 0, 10, 0, 'unutar referentnog intervala', '2026-04-10 10:45:00', '2026-04-10 12:45:00'),
(317, 97, 10, '2026-04-10 10:45:00', '2026-04-10 12:45:00', '-', 2.5, 0, 10, 0, 'unutar referentnog intervala', '2026-04-10 10:45:00', '2026-04-10 12:45:00'),
(318, 99, 2, '2026-04-26 10:10:00', '2026-04-26 12:10:00', '-', 35, 0, 5, 1, 'poviseno', '2026-04-26 10:10:00', '2026-04-26 12:10:00'),
(319, 99, 6, '2026-04-26 10:10:00', '2026-04-26 12:10:00', '-', 12, 0, 10, 1, 'poviseno', '2026-04-26 10:10:00', '2026-04-26 12:10:00'),
(320, 99, 4, '2026-04-26 10:10:00', '2026-04-26 12:10:00', '-', 95, 45, 105, 0, 'unutar referentnog intervala', '2026-04-26 10:10:00', '2026-04-26 12:10:00'),
(321, 99, 8, '2026-04-26 10:10:00', '2026-04-26 12:10:00', '-', 12, 0, 10, 1, 'poviseno', '2026-04-26 10:10:00', '2026-04-26 12:10:00'),
(322, 100, 10, '2026-04-29 14:40:00', '2026-04-29 16:40:00', '-', 1.1999999999999999555910790149937383830547332763671875, 0, 10, 0, 'unutar referentnog intervala', '2026-04-29 14:40:00', '2026-04-29 16:40:00'),
(323, 100, 5, '2026-04-29 14:40:00', '2026-04-29 16:40:00', '-', 8, 0, 10, 0, 'unutar referentnog intervala', '2026-04-29 14:40:00', '2026-04-29 16:40:00'),
(324, 100, 7, '2026-04-29 14:40:00', '2026-04-29 16:40:00', '-', 1.1999999999999999555910790149937383830547332763671875, 0, 10, 0, 'unutar referentnog intervala', '2026-04-29 14:40:00', '2026-04-29 16:40:00'),
(325, 100, 6, '2026-04-29 14:40:00', '2026-04-29 16:40:00', '-', 8, 0, 10, 0, 'unutar referentnog intervala', '2026-04-29 14:40:00', '2026-04-29 16:40:00'),
(326, 100, 3, '2026-04-29 14:40:00', '2026-04-29 16:40:00', '-', 5.20000000000000017763568394002504646778106689453125, 3.9, 5.5, 0, 'unutar referentnog intervala', '2026-04-29 14:40:00', '2026-04-29 16:40:00'),
(327, 102, 8, '2026-05-10 05:40:00', '2026-05-10 07:40:00', '-', 8, 0, 10, 0, 'unutar referentnog intervala', '2026-05-10 05:40:00', '2026-05-10 07:40:00'),
(328, 102, 10, '2026-05-10 05:40:00', '2026-05-10 07:40:00', '-', 25, 0, 10, 1, 'poviseno', '2026-05-10 05:40:00', '2026-05-10 07:40:00'),
(329, 102, 4, '2026-05-10 05:40:00', '2026-05-10 07:40:00', '-', 95, 45, 105, 0, 'unutar referentnog intervala', '2026-05-10 05:40:00', '2026-05-10 07:40:00'),
(330, 102, 11, '2026-05-10 05:40:00', '2026-05-10 07:40:00', '-', 150, 120, 160, 0, 'unutar referentnog intervala', '2026-05-10 05:40:00', '2026-05-10 07:40:00'),
(331, 103, 1, '2026-05-12 13:05:00', '2026-05-12 15:05:00', '-', 5.5, 0, 10, 0, 'unutar referentnog intervala', '2026-05-12 13:05:00', '2026-05-12 15:05:00'),
(332, 103, 6, '2026-05-12 13:05:00', '2026-05-12 15:05:00', '-', 1.1999999999999999555910790149937383830547332763671875, 0, 10, 0, 'unutar referentnog intervala', '2026-05-12 13:05:00', '2026-05-12 15:05:00'),
(333, 103, 12, '2026-05-12 13:05:00', '2026-05-12 15:05:00', '-', 12, 0, 10, 1, 'poviseno', '2026-05-12 13:05:00', '2026-05-12 15:05:00'),
(334, 103, 2, '2026-05-12 13:05:00', '2026-05-12 15:05:00', '-', 2.100000000000000088817841970012523233890533447265625, 0, 5, 0, 'unutar referentnog intervala', '2026-05-12 13:05:00', '2026-05-12 15:05:00'),
(335, 104, 4, '2026-02-04 15:10:00', '2026-02-04 17:10:00', '-', 80, 45, 105, 0, 'unutar referentnog intervala', '2026-02-04 15:10:00', '2026-02-04 17:10:00'),
(336, 104, 11, '2026-02-04 15:10:00', '2026-02-04 17:10:00', '-', 125, 120, 160, 0, 'unutar referentnog intervala', '2026-02-04 15:10:00', '2026-02-04 17:10:00'),
(337, 104, 10, '2026-02-04 15:10:00', '2026-02-04 17:10:00', '-', 5.5, 0, 10, 0, 'unutar referentnog intervala', '2026-02-04 15:10:00', '2026-02-04 17:10:00'),
(338, 104, 6, '2026-02-04 15:10:00', '2026-02-04 17:10:00', '-', 2.5, 0, 10, 0, 'unutar referentnog intervala', '2026-02-04 15:10:00', '2026-02-04 17:10:00'),
(339, 104, 1, '2026-02-04 15:10:00', '2026-02-04 17:10:00', '-', 2.5, 0, 10, 0, 'unutar referentnog intervala', '2026-02-04 15:10:00', '2026-02-04 17:10:00'),
(340, 104, 8, '2026-02-04 15:10:00', '2026-02-04 17:10:00', '-', 5.5, 0, 10, 0, 'unutar referentnog intervala', '2026-02-04 15:10:00', '2026-02-04 17:10:00'),
(341, 105, 9, '2026-02-06 10:15:00', '2026-02-06 12:15:00', '-', 2.5, 0, 10, 0, 'unutar referentnog intervala', '2026-02-06 10:15:00', '2026-02-06 12:15:00'),
(342, 105, 4, '2026-02-06 10:15:00', '2026-02-06 12:15:00', '-', 95, 45, 105, 0, 'unutar referentnog intervala', '2026-02-06 10:15:00', '2026-02-06 12:15:00'),
(343, 105, 3, '2026-02-06 10:15:00', '2026-02-06 12:15:00', '-', 4.79999999999999982236431605997495353221893310546875, 3.9, 5.5, 0, 'unutar referentnog intervala', '2026-02-06 10:15:00', '2026-02-06 12:15:00'),
(344, 105, 11, '2026-02-06 10:15:00', '2026-02-06 12:15:00', '-', 110, 120, 160, -1, 'snizeno', '2026-02-06 10:15:00', '2026-02-06 12:15:00'),
(345, 105, 1, '2026-02-06 10:15:00', '2026-02-06 12:15:00', '-', 25, 0, 10, 1, 'poviseno', '2026-02-06 10:15:00', '2026-02-06 12:15:00'),
(346, 106, 6, '2026-02-11 07:05:00', '2026-02-11 09:05:00', '-', 8, 0, 10, 0, 'unutar referentnog intervala', '2026-02-11 07:05:00', '2026-02-11 09:05:00'),
(347, 106, 4, '2026-02-11 07:05:00', '2026-02-11 09:05:00', '-', 80, 45, 105, 0, 'unutar referentnog intervala', '2026-02-11 07:05:00', '2026-02-11 09:05:00'),
(348, 106, 5, '2026-02-11 07:05:00', '2026-02-11 09:05:00', '-', 5.5, 0, 10, 0, 'unutar referentnog intervala', '2026-02-11 07:05:00', '2026-02-11 09:05:00'),
(349, 108, 12, '2026-02-17 14:10:00', '2026-02-17 16:10:00', '-', 2.5, 0, 10, 0, 'unutar referentnog intervala', '2026-02-17 14:10:00', '2026-02-17 16:10:00'),
(350, 108, 2, '2026-02-17 14:10:00', '2026-02-17 16:10:00', '-', 4.5, 0, 5, 0, 'unutar referentnog intervala', '2026-02-17 14:10:00', '2026-02-17 16:10:00'),
(351, 108, 11, '2026-02-17 14:10:00', '2026-02-17 16:10:00', '-', 150, 120, 160, 0, 'unutar referentnog intervala', '2026-02-17 14:10:00', '2026-02-17 16:10:00'),
(352, 108, 3, '2026-02-17 14:10:00', '2026-02-17 16:10:00', '-', 6.4000000000000003552713678800500929355621337890625, 3.9, 5.5, 1, 'poviseno', '2026-02-17 14:10:00', '2026-02-17 16:10:00'),
(353, 108, 9, '2026-02-17 14:10:00', '2026-02-17 16:10:00', '-', 5.5, 0, 10, 0, 'unutar referentnog intervala', '2026-02-17 14:10:00', '2026-02-17 16:10:00'),
(354, 108, 7, '2026-02-17 14:10:00', '2026-02-17 16:10:00', '-', 12, 0, 10, 1, 'poviseno', '2026-02-17 14:10:00', '2026-02-17 16:10:00'),
(355, 109, 1, '2026-02-20 08:10:00', '2026-02-20 10:10:00', '-', 12, 0, 10, 1, 'poviseno', '2026-02-20 08:10:00', '2026-02-20 10:10:00'),
(356, 109, 10, '2026-02-20 08:10:00', '2026-02-20 10:10:00', '-', 5.5, 0, 10, 0, 'unutar referentnog intervala', '2026-02-20 08:10:00', '2026-02-20 10:10:00'),
(357, 109, 11, '2026-02-20 08:10:00', '2026-02-20 10:10:00', '-', 125, 120, 160, 0, 'unutar referentnog intervala', '2026-02-20 08:10:00', '2026-02-20 10:10:00'),
(358, 109, 4, '2026-02-20 08:10:00', '2026-02-20 10:10:00', '-', 95, 45, 105, 0, 'unutar referentnog intervala', '2026-02-20 08:10:00', '2026-02-20 10:10:00'),
(359, 110, 3, '2026-02-25 10:45:00', '2026-02-25 12:45:00', '-', 4.79999999999999982236431605997495353221893310546875, 3.9, 5.5, 0, 'unutar referentnog intervala', '2026-02-25 10:45:00', '2026-02-25 12:45:00'),
(360, 110, 9, '2026-02-25 10:45:00', '2026-02-25 12:45:00', '-', 8, 0, 10, 0, 'unutar referentnog intervala', '2026-02-25 10:45:00', '2026-02-25 12:45:00'),
(361, 110, 10, '2026-02-25 10:45:00', '2026-02-25 12:45:00', '-', 25, 0, 10, 1, 'poviseno', '2026-02-25 10:45:00', '2026-02-25 12:45:00'),
(362, 110, 8, '2026-02-25 10:45:00', '2026-02-25 12:45:00', '-', 12, 0, 10, 1, 'poviseno', '2026-02-25 10:45:00', '2026-02-25 12:45:00'),
(363, 110, 4, '2026-02-25 10:45:00', '2026-02-25 12:45:00', '-', 65, 45, 105, 0, 'unutar referentnog intervala', '2026-02-25 10:45:00', '2026-02-25 12:45:00'),
(364, 111, 11, '2026-02-28 12:35:00', '2026-02-28 14:35:00', '-', 138, 120, 160, 0, 'unutar referentnog intervala', '2026-02-28 12:35:00', '2026-02-28 14:35:00'),
(365, 111, 9, '2026-02-28 12:35:00', '2026-02-28 14:35:00', '-', 25, 0, 10, 1, 'poviseno', '2026-02-28 12:35:00', '2026-02-28 14:35:00'),
(366, 111, 6, '2026-02-28 12:35:00', '2026-02-28 14:35:00', '-', 5.5, 0, 10, 0, 'unutar referentnog intervala', '2026-02-28 12:35:00', '2026-02-28 14:35:00'),
(367, 111, 8, '2026-02-28 12:35:00', '2026-02-28 14:35:00', '-', 12, 0, 10, 1, 'poviseno', '2026-02-28 12:35:00', '2026-02-28 14:35:00'),
(368, 111, 12, '2026-02-28 12:35:00', '2026-02-28 14:35:00', '-', 25, 0, 10, 1, 'poviseno', '2026-02-28 12:35:00', '2026-02-28 14:35:00'),
(369, 111, 2, '2026-02-28 12:35:00', '2026-02-28 14:35:00', '-', 35, 0, 5, 1, 'poviseno', '2026-02-28 12:35:00', '2026-02-28 14:35:00'),
(370, 112, 8, '2026-02-28 07:10:00', '2026-02-28 09:10:00', '-', 2.5, 0, 10, 0, 'unutar referentnog intervala', '2026-02-28 07:10:00', '2026-02-28 09:10:00'),
(371, 112, 5, '2026-02-28 07:10:00', '2026-02-28 09:10:00', '-', 2.5, 0, 10, 0, 'unutar referentnog intervala', '2026-02-28 07:10:00', '2026-02-28 09:10:00'),
(372, 112, 10, '2026-02-28 07:10:00', '2026-02-28 09:10:00', '-', 8, 0, 10, 0, 'unutar referentnog intervala', '2026-02-28 07:10:00', '2026-02-28 09:10:00'),
(373, 112, 7, '2026-02-28 07:10:00', '2026-02-28 09:10:00', '-', 2.5, 0, 10, 0, 'unutar referentnog intervala', '2026-02-28 07:10:00', '2026-02-28 09:10:00'),
(374, 112, 1, '2026-02-28 07:10:00', '2026-02-28 09:10:00', '-', 8, 0, 10, 0, 'unutar referentnog intervala', '2026-02-28 07:10:00', '2026-02-28 09:10:00'),
(375, 112, 2, '2026-02-28 07:10:00', '2026-02-28 09:10:00', '-', 4.5, 0, 5, 0, 'unutar referentnog intervala', '2026-02-28 07:10:00', '2026-02-28 09:10:00');

-- terapija: 127 redaka
INSERT INTO terapija (id, id_pregled, id_nalaz, preporuceno_u, tekst_preporuke, potrebna_kontrola, datum_kontrole, napomena, vrijeme_kreiranja, vrijeme_azuriranja) VALUES
(1, 1, 1, '2026-02-03 08:55:00', 'Uvesti terapiju prema nalazu i pratiti odgovor.', FALSE, NULL, '-', '2026-02-03 08:55:00', '2026-02-03 09:10:00'),
(2, 2, 2, '2026-02-04 12:50:00', 'Uvesti terapiju prema nalazu i pratiti odgovor.', FALSE, NULL, '-', '2026-02-04 12:50:00', '2026-02-04 13:05:00'),
(3, 3, NULL, '2026-02-09 13:20:00', 'Nastaviti dosadasnju terapiju uz kontrolu.', FALSE, NULL, '-', '2026-02-09 13:20:00', '2026-02-09 13:35:00'),
(4, 4, NULL, '2026-02-10 11:55:00', 'Nastaviti dosadasnju terapiju uz kontrolu.', TRUE, '2026-03-01', '-', '2026-02-10 11:55:00', '2026-02-10 12:10:00'),
(5, 5, NULL, '2026-02-11 16:20:00', 'Nastaviti dosadasnju terapiju uz kontrolu.', FALSE, NULL, '-', '2026-02-11 16:20:00', '2026-02-11 16:35:00'),
(6, 6, NULL, '2026-02-12 12:20:00', 'Uvesti terapiju prema nalazu i pratiti odgovor.', FALSE, NULL, '-', '2026-02-12 12:20:00', '2026-02-12 12:35:00'),
(7, 9, 5, '2026-02-18 12:25:00', 'Uvesti terapiju prema nalazu i pratiti odgovor.', FALSE, NULL, '-', '2026-02-18 12:25:00', '2026-02-18 12:40:00'),
(8, 10, 6, '2026-02-20 14:25:00', 'Preporucena promjena zivotnih navika i kontrola nalaza.', FALSE, NULL, '-', '2026-02-20 14:25:00', '2026-02-20 14:40:00'),
(9, 11, 7, '2026-02-23 15:30:00', 'Nastaviti dosadasnju terapiju uz kontrolu.', TRUE, '2026-03-10', '-', '2026-02-23 15:30:00', '2026-02-23 15:45:00'),
(10, 12, NULL, '2026-02-24 13:20:00', 'Nastaviti dosadasnju terapiju uz kontrolu.', FALSE, NULL, '-', '2026-02-24 13:20:00', '2026-02-24 13:35:00'),
(11, 15, 10, '2026-03-02 10:30:00', 'Preporucena simptomatska terapija i kontrola.', FALSE, NULL, '-', '2026-03-02 10:30:00', '2026-03-02 10:45:00'),
(12, 17, 12, '2026-03-05 14:00:00', 'Uvesti terapiju prema nalazu i pratiti odgovor.', TRUE, '2026-04-12', '-', '2026-03-05 14:00:00', '2026-03-05 14:15:00'),
(13, 18, 13, '2026-03-06 09:00:00', 'Preporucena promjena zivotnih navika i kontrola nalaza.', FALSE, NULL, '-', '2026-03-06 09:00:00', '2026-03-06 09:15:00'),
(14, 19, NULL, '2026-03-10 14:50:00', 'Preporucena promjena zivotnih navika i kontrola nalaza.', TRUE, '2026-03-28', '-', '2026-03-10 14:50:00', '2026-03-10 15:05:00'),
(15, 20, 14, '2026-03-11 13:25:00', 'Uvesti terapiju prema nalazu i pratiti odgovor.', TRUE, '2026-03-25', '-', '2026-03-11 13:25:00', '2026-03-11 13:40:00'),
(16, 21, 15, '2026-03-12 13:20:00', 'Preporucena promjena zivotnih navika i kontrola nalaza.', TRUE, '2026-03-30', '-', '2026-03-12 13:20:00', '2026-03-12 13:35:00'),
(17, 23, NULL, '2026-03-16 16:00:00', 'Uvesti terapiju prema nalazu i pratiti odgovor.', TRUE, '2026-04-18', '-', '2026-03-16 16:00:00', '2026-03-16 16:15:00'),
(18, 24, 17, '2026-03-17 14:25:00', 'Preporucena promjena zivotnih navika i kontrola nalaza.', TRUE, '2026-04-21', '-', '2026-03-17 14:25:00', '2026-03-17 14:40:00'),
(19, 25, 18, '2026-03-19 16:55:00', 'Preporucena promjena zivotnih navika i kontrola nalaza.', FALSE, NULL, '-', '2026-03-19 16:55:00', '2026-03-19 17:10:00'),
(20, 26, 19, '2026-03-23 12:55:00', 'Preporucena promjena zivotnih navika i kontrola nalaza.', TRUE, '2026-05-03', '-', '2026-03-23 12:55:00', '2026-03-23 13:10:00'),
(21, 27, NULL, '2026-03-24 16:50:00', 'Nastaviti dosadasnju terapiju uz kontrolu.', FALSE, NULL, '-', '2026-03-24 16:50:00', '2026-03-24 17:05:00'),
(22, 28, 20, '2026-03-27 16:30:00', 'Nastaviti dosadasnju terapiju uz kontrolu.', TRUE, '2026-04-16', '-', '2026-03-27 16:30:00', '2026-03-27 16:45:00'),
(23, 29, NULL, '2026-03-30 10:30:00', 'Preporucena simptomatska terapija i kontrola.', FALSE, NULL, '-', '2026-03-30 10:30:00', '2026-03-30 10:45:00'),
(24, 30, 21, '2026-03-31 16:00:00', 'Nastaviti dosadasnju terapiju uz kontrolu.', TRUE, '2026-04-22', '-', '2026-03-31 16:00:00', '2026-03-31 16:15:00'),
(25, 31, NULL, '2026-04-02 12:25:00', 'Uvesti terapiju prema nalazu i pratiti odgovor.', FALSE, NULL, '-', '2026-04-02 12:25:00', '2026-04-02 12:40:00'),
(26, 32, NULL, '2026-04-08 15:20:00', 'Uvesti terapiju prema nalazu i pratiti odgovor.', FALSE, NULL, '-', '2026-04-08 15:20:00', '2026-04-08 15:35:00'),
(27, 33, 22, '2026-04-10 12:55:00', 'Uvesti terapiju prema nalazu i pratiti odgovor.', TRUE, '2026-04-26', '-', '2026-04-10 12:55:00', '2026-04-10 13:10:00'),
(28, 34, 23, '2026-04-13 13:30:00', 'Preporucena simptomatska terapija i kontrola.', FALSE, NULL, '-', '2026-04-13 13:30:00', '2026-04-13 13:45:00'),
(29, 35, 24, '2026-04-15 14:50:00', 'Preporucena simptomatska terapija i kontrola.', TRUE, '2026-04-30', '-', '2026-04-15 14:50:00', '2026-04-15 15:05:00'),
(30, 38, 26, '2026-04-21 14:20:00', 'Preporucena simptomatska terapija i kontrola.', TRUE, '2026-05-31', '-', '2026-04-21 14:20:00', '2026-04-21 14:35:00'),
(31, 40, 27, '2026-04-23 14:55:00', 'Uvesti terapiju prema nalazu i pratiti odgovor.', TRUE, '2026-05-21', '-', '2026-04-23 14:55:00', '2026-04-23 15:10:00'),
(32, 41, NULL, '2026-04-24 15:55:00', 'Uvesti terapiju prema nalazu i pratiti odgovor.', TRUE, '2026-06-01', '-', '2026-04-24 15:55:00', '2026-04-24 16:10:00'),
(33, 42, 28, '2026-04-28 09:50:00', 'Uvesti terapiju prema nalazu i pratiti odgovor.', TRUE, '2026-05-16', '-', '2026-04-28 09:50:00', '2026-04-28 10:05:00'),
(34, 45, NULL, '2026-05-04 14:25:00', 'Nastaviti dosadasnju terapiju uz kontrolu.', TRUE, '2026-05-24', '-', '2026-05-04 14:25:00', '2026-05-04 14:40:00'),
(35, 46, NULL, '2026-05-05 08:55:00', 'Preporucena promjena zivotnih navika i kontrola nalaza.', FALSE, NULL, '-', '2026-05-05 08:55:00', '2026-05-05 09:10:00'),
(36, 48, 31, '2026-02-03 15:25:00', 'Nastaviti dosadasnju terapiju uz kontrolu.', TRUE, '2026-02-24', '-', '2026-02-03 15:25:00', '2026-02-03 15:40:00'),
(37, 49, NULL, '2026-02-04 09:55:00', 'Uvesti terapiju prema nalazu i pratiti odgovor.', TRUE, '2026-03-08', '-', '2026-02-04 09:55:00', '2026-02-04 10:10:00'),
(38, 50, NULL, '2026-02-05 12:25:00', 'Preporucena promjena zivotnih navika i kontrola nalaza.', FALSE, NULL, '-', '2026-02-05 12:25:00', '2026-02-05 12:40:00'),
(39, 52, 33, '2026-02-09 11:30:00', 'Nastaviti dosadasnju terapiju uz kontrolu.', FALSE, NULL, '-', '2026-02-09 11:30:00', '2026-02-09 11:45:00'),
(40, 55, 34, '2026-02-13 16:20:00', 'Nastaviti dosadasnju terapiju uz kontrolu.', FALSE, NULL, '-', '2026-02-13 16:20:00', '2026-02-13 16:35:00'),
(41, 56, 35, '2026-02-17 12:20:00', 'Uvesti terapiju prema nalazu i pratiti odgovor.', TRUE, '2026-03-12', '-', '2026-02-17 12:20:00', '2026-02-17 12:35:00'),
(42, 59, 37, '2026-02-23 08:55:00', 'Nastaviti dosadasnju terapiju uz kontrolu.', TRUE, '2026-04-07', '-', '2026-02-23 08:55:00', '2026-02-23 09:10:00'),
(43, 60, NULL, '2026-02-25 15:50:00', 'Uvesti terapiju prema nalazu i pratiti odgovor.', TRUE, '2026-04-08', '-', '2026-02-25 15:50:00', '2026-02-25 16:05:00'),
(44, 61, NULL, '2026-02-26 16:50:00', 'Preporucena promjena zivotnih navika i kontrola nalaza.', FALSE, NULL, '-', '2026-02-26 16:50:00', '2026-02-26 17:05:00'),
(45, 64, NULL, '2026-03-09 14:20:00', 'Nastaviti dosadasnju terapiju uz kontrolu.', TRUE, '2026-04-03', '-', '2026-03-09 14:20:00', '2026-03-09 14:35:00'),
(46, 65, 39, '2026-03-10 15:20:00', 'Preporucena simptomatska terapija i kontrola.', FALSE, NULL, '-', '2026-03-10 15:20:00', '2026-03-10 15:35:00'),
(47, 67, NULL, '2026-03-17 15:55:00', 'Nastaviti dosadasnju terapiju uz kontrolu.', FALSE, NULL, '-', '2026-03-17 15:55:00', '2026-03-17 16:10:00'),
(48, 68, NULL, '2026-03-20 11:00:00', 'Preporucena promjena zivotnih navika i kontrola nalaza.', TRUE, '2026-04-07', '-', '2026-03-20 11:00:00', '2026-03-20 11:15:00'),
(49, 69, NULL, '2026-03-27 14:30:00', 'Nastaviti dosadasnju terapiju uz kontrolu.', TRUE, '2026-04-26', '-', '2026-03-27 14:30:00', '2026-03-27 14:45:00'),
(50, 70, 40, '2026-03-30 17:00:00', 'Preporucena simptomatska terapija i kontrola.', TRUE, '2026-05-06', '-', '2026-03-30 17:00:00', '2026-03-30 17:15:00'),
(51, 71, 41, '2026-03-31 15:20:00', 'Uvesti terapiju prema nalazu i pratiti odgovor.', FALSE, NULL, '-', '2026-03-31 15:20:00', '2026-03-31 15:35:00'),
(52, 72, NULL, '2026-04-01 14:00:00', 'Preporucena simptomatska terapija i kontrola.', FALSE, NULL, '-', '2026-04-01 14:00:00', '2026-04-01 14:15:00'),
(53, 73, NULL, '2026-04-03 10:20:00', 'Preporucena promjena zivotnih navika i kontrola nalaza.', TRUE, '2026-05-06', '-', '2026-04-03 10:20:00', '2026-04-03 10:35:00'),
(54, 75, 43, '2026-04-07 09:00:00', 'Preporucena simptomatska terapija i kontrola.', TRUE, '2026-05-22', '-', '2026-04-07 09:00:00', '2026-04-07 09:15:00'),
(55, 76, 44, '2026-04-08 10:50:00', 'Uvesti terapiju prema nalazu i pratiti odgovor.', FALSE, NULL, '-', '2026-04-08 10:50:00', '2026-04-08 11:05:00'),
(56, 77, NULL, '2026-04-09 14:55:00', 'Preporucena promjena zivotnih navika i kontrola nalaza.', TRUE, '2026-04-30', '-', '2026-04-09 14:55:00', '2026-04-09 15:10:00'),
(57, 78, 45, '2026-04-10 15:30:00', 'Preporucena simptomatska terapija i kontrola.', FALSE, NULL, '-', '2026-04-10 15:30:00', '2026-04-10 15:45:00'),
(58, 79, 46, '2026-04-13 10:30:00', 'Preporucena promjena zivotnih navika i kontrola nalaza.', FALSE, NULL, '-', '2026-04-13 10:30:00', '2026-04-13 10:45:00'),
(59, 81, NULL, '2026-04-16 10:55:00', 'Preporucena simptomatska terapija i kontrola.', FALSE, NULL, '-', '2026-04-16 10:55:00', '2026-04-16 11:10:00'),
(60, 82, NULL, '2026-04-17 12:30:00', 'Nastaviti dosadasnju terapiju uz kontrolu.', FALSE, NULL, '-', '2026-04-17 12:30:00', '2026-04-17 12:45:00'),
(61, 83, NULL, '2026-04-23 15:00:00', 'Nastaviti dosadasnju terapiju uz kontrolu.', FALSE, NULL, '-', '2026-04-23 15:00:00', '2026-04-23 15:15:00'),
(62, 84, 48, '2026-04-28 09:50:00', 'Nastaviti dosadasnju terapiju uz kontrolu.', TRUE, '2026-06-03', '-', '2026-04-28 09:50:00', '2026-04-28 10:05:00'),
(63, 87, 49, '2026-05-06 10:20:00', 'Nastaviti dosadasnju terapiju uz kontrolu.', FALSE, NULL, '-', '2026-05-06 10:20:00', '2026-05-06 10:35:00'),
(64, 88, 50, '2026-05-07 12:30:00', 'Nastaviti dosadasnju terapiju uz kontrolu.', FALSE, NULL, '-', '2026-05-07 12:30:00', '2026-05-07 12:45:00'),
(65, 89, NULL, '2026-02-03 11:30:00', 'Preporucena promjena zivotnih navika i kontrola nalaza.', TRUE, '2026-03-20', '-', '2026-02-03 11:30:00', '2026-02-03 11:45:00'),
(66, 90, 51, '2026-02-04 09:55:00', 'Preporucena simptomatska terapija i kontrola.', TRUE, '2026-02-27', '-', '2026-02-04 09:55:00', '2026-02-04 10:10:00'),
(67, 92, NULL, '2026-02-06 08:50:00', 'Preporucena simptomatska terapija i kontrola.', FALSE, NULL, '-', '2026-02-06 08:50:00', '2026-02-06 09:05:00'),
(68, 93, NULL, '2026-02-16 13:25:00', 'Preporucena simptomatska terapija i kontrola.', FALSE, NULL, '-', '2026-02-16 13:25:00', '2026-02-16 13:40:00'),
(69, 96, 54, '2026-02-19 13:00:00', 'Preporucena simptomatska terapija i kontrola.', TRUE, '2026-04-04', '-', '2026-02-19 13:00:00', '2026-02-19 13:15:00'),
(70, 97, NULL, '2026-02-20 09:20:00', 'Preporucena promjena zivotnih navika i kontrola nalaza.', TRUE, '2026-03-30', '-', '2026-02-20 09:20:00', '2026-02-20 09:35:00'),
(71, 98, 55, '2026-02-23 09:30:00', 'Preporucena simptomatska terapija i kontrola.', TRUE, '2026-03-21', '-', '2026-02-23 09:30:00', '2026-02-23 09:45:00'),
(72, 99, 56, '2026-02-24 08:55:00', 'Preporucena promjena zivotnih navika i kontrola nalaza.', TRUE, '2026-04-03', '-', '2026-02-24 08:55:00', '2026-02-24 09:10:00'),
(73, 100, NULL, '2026-02-25 09:00:00', 'Preporucena promjena zivotnih navika i kontrola nalaza.', TRUE, '2026-03-11', '-', '2026-02-25 09:00:00', '2026-02-25 09:15:00'),
(74, 101, 57, '2026-02-26 12:50:00', 'Uvesti terapiju prema nalazu i pratiti odgovor.', TRUE, '2026-03-30', '-', '2026-02-26 12:50:00', '2026-02-26 13:05:00'),
(75, 102, 58, '2026-02-27 10:20:00', 'Preporucena promjena zivotnih navika i kontrola nalaza.', FALSE, NULL, '-', '2026-02-27 10:20:00', '2026-02-27 10:35:00'),
(76, 104, NULL, '2026-03-03 08:55:00', 'Uvesti terapiju prema nalazu i pratiti odgovor.', FALSE, NULL, '-', '2026-03-03 08:55:00', '2026-03-03 09:10:00'),
(77, 106, NULL, '2026-03-05 14:50:00', 'Nastaviti dosadasnju terapiju uz kontrolu.', TRUE, '2026-04-18', '-', '2026-03-05 14:50:00', '2026-03-05 15:05:00'),
(78, 107, NULL, '2026-03-10 16:25:00', 'Preporucena promjena zivotnih navika i kontrola nalaza.', FALSE, NULL, '-', '2026-03-10 16:25:00', '2026-03-10 16:40:00'),
(79, 110, NULL, '2026-03-18 14:50:00', 'Preporucena promjena zivotnih navika i kontrola nalaza.', TRUE, '2026-04-09', '-', '2026-03-18 14:50:00', '2026-03-18 15:05:00'),
(80, 111, NULL, '2026-03-19 12:50:00', 'Preporucena simptomatska terapija i kontrola.', FALSE, NULL, '-', '2026-03-19 12:50:00', '2026-03-19 13:05:00'),
(81, 113, 62, '2026-03-23 10:25:00', 'Preporucena promjena zivotnih navika i kontrola nalaza.', TRUE, '2026-04-27', '-', '2026-03-23 10:25:00', '2026-03-23 10:40:00'),
(82, 114, 63, '2026-03-25 12:00:00', 'Uvesti terapiju prema nalazu i pratiti odgovor.', FALSE, NULL, '-', '2026-03-25 12:00:00', '2026-03-25 12:15:00'),
(83, 115, NULL, '2026-03-30 13:50:00', 'Preporucena simptomatska terapija i kontrola.', TRUE, '2026-04-18', '-', '2026-03-30 13:50:00', '2026-03-30 14:05:00'),
(84, 116, 64, '2026-04-03 11:00:00', 'Nastaviti dosadasnju terapiju uz kontrolu.', FALSE, NULL, '-', '2026-04-03 11:00:00', '2026-04-03 11:15:00'),
(85, 117, 65, '2026-04-06 16:00:00', 'Preporucena promjena zivotnih navika i kontrola nalaza.', TRUE, '2026-05-01', '-', '2026-04-06 16:00:00', '2026-04-06 16:15:00'),
(86, 118, 66, '2026-04-07 15:30:00', 'Uvesti terapiju prema nalazu i pratiti odgovor.', FALSE, NULL, '-', '2026-04-07 15:30:00', '2026-04-07 15:45:00'),
(87, 119, 67, '2026-04-14 12:55:00', 'Uvesti terapiju prema nalazu i pratiti odgovor.', FALSE, NULL, '-', '2026-04-14 12:55:00', '2026-04-14 13:10:00'),
(88, 121, 68, '2026-04-16 09:30:00', 'Preporucena promjena zivotnih navika i kontrola nalaza.', TRUE, '2026-05-10', '-', '2026-04-16 09:30:00', '2026-04-16 09:45:00'),
(89, 122, NULL, '2026-04-22 10:25:00', 'Nastaviti dosadasnju terapiju uz kontrolu.', FALSE, NULL, '-', '2026-04-22 10:25:00', '2026-04-22 10:40:00'),
(90, 123, 69, '2026-04-24 16:55:00', 'Uvesti terapiju prema nalazu i pratiti odgovor.', TRUE, '2026-05-21', '-', '2026-04-24 16:55:00', '2026-04-24 17:10:00'),
(91, 124, 70, '2026-04-27 12:00:00', 'Preporucena promjena zivotnih navika i kontrola nalaza.', TRUE, '2026-05-21', '-', '2026-04-27 12:00:00', '2026-04-27 12:15:00'),
(92, 126, 71, '2026-05-01 14:50:00', 'Uvesti terapiju prema nalazu i pratiti odgovor.', TRUE, '2026-06-01', '-', '2026-05-01 14:50:00', '2026-05-01 15:05:00'),
(93, 127, 72, '2026-05-04 13:25:00', 'Preporucena simptomatska terapija i kontrola.', FALSE, NULL, '-', '2026-05-04 13:25:00', '2026-05-04 13:40:00'),
(94, 128, 73, '2026-05-05 16:00:00', 'Nastaviti dosadasnju terapiju uz kontrolu.', TRUE, '2026-05-24', '-', '2026-05-05 16:00:00', '2026-05-05 16:15:00'),
(95, 129, NULL, '2026-05-07 14:25:00', 'Preporucena promjena zivotnih navika i kontrola nalaza.', TRUE, '2026-06-04', '-', '2026-05-07 14:25:00', '2026-05-07 14:40:00'),
(96, 130, 74, '2026-05-08 11:00:00', 'Preporucena simptomatska terapija i kontrola.', FALSE, NULL, '-', '2026-05-08 11:00:00', '2026-05-08 11:15:00'),
(97, 132, 76, '2026-02-04 12:00:00', 'Preporucena promjena zivotnih navika i kontrola nalaza.', TRUE, '2026-03-15', '-', '2026-02-04 12:00:00', '2026-02-04 12:15:00'),
(98, 133, 77, '2026-02-06 10:30:00', 'Nastaviti dosadasnju terapiju uz kontrolu.', FALSE, NULL, '-', '2026-02-06 10:30:00', '2026-02-06 10:45:00'),
(99, 134, NULL, '2026-02-09 11:25:00', 'Preporucena promjena zivotnih navika i kontrola nalaza.', FALSE, NULL, '-', '2026-02-09 11:25:00', '2026-02-09 11:40:00'),
(100, 135, NULL, '2026-02-10 15:20:00', 'Uvesti terapiju prema nalazu i pratiti odgovor.', FALSE, NULL, '-', '2026-02-10 15:20:00', '2026-02-10 15:35:00'),
(101, 137, 79, '2026-02-19 13:20:00', 'Preporucena simptomatska terapija i kontrola.', TRUE, '2026-03-20', '-', '2026-02-19 13:20:00', '2026-02-19 13:35:00'),
(102, 138, 80, '2026-02-20 10:20:00', 'Preporucena simptomatska terapija i kontrola.', FALSE, NULL, '-', '2026-02-20 10:20:00', '2026-02-20 10:35:00'),
(103, 139, NULL, '2026-02-23 10:55:00', 'Preporucena simptomatska terapija i kontrola.', FALSE, NULL, '-', '2026-02-23 10:55:00', '2026-02-23 11:10:00'),
(104, 143, 84, '2026-03-02 15:20:00', 'Preporucena simptomatska terapija i kontrola.', FALSE, NULL, '-', '2026-03-02 15:20:00', '2026-03-02 15:35:00'),
(105, 144, 85, '2026-03-03 13:20:00', 'Preporucena promjena zivotnih navika i kontrola nalaza.', TRUE, '2026-04-17', '-', '2026-03-03 13:20:00', '2026-03-03 13:35:00'),
(106, 148, 88, '2026-03-12 16:20:00', 'Nastaviti dosadasnju terapiju uz kontrolu.', FALSE, NULL, '-', '2026-03-12 16:20:00', '2026-03-12 16:35:00'),
(107, 151, NULL, '2026-03-23 09:50:00', 'Preporucena promjena zivotnih navika i kontrola nalaza.', FALSE, NULL, '-', '2026-03-23 09:50:00', '2026-03-23 10:05:00'),
(108, 152, 91, '2026-03-24 14:00:00', 'Preporucena promjena zivotnih navika i kontrola nalaza.', TRUE, '2026-04-18', '-', '2026-03-24 14:00:00', '2026-03-24 14:15:00'),
(109, 153, 92, '2026-03-25 08:50:00', 'Uvesti terapiju prema nalazu i pratiti odgovor.', FALSE, NULL, '-', '2026-03-25 08:50:00', '2026-03-25 09:05:00'),
(110, 155, 93, '2026-03-30 09:00:00', 'Nastaviti dosadasnju terapiju uz kontrolu.', FALSE, NULL, '-', '2026-03-30 09:00:00', '2026-03-30 09:15:00'),
(111, 157, 94, '2026-04-03 13:20:00', 'Uvesti terapiju prema nalazu i pratiti odgovor.', TRUE, '2026-05-15', '-', '2026-04-03 13:20:00', '2026-04-03 13:35:00'),
(112, 160, 96, '2026-04-08 09:50:00', 'Preporucena promjena zivotnih navika i kontrola nalaza.', TRUE, '2026-04-30', '-', '2026-04-08 09:50:00', '2026-04-08 10:05:00'),
(113, 164, NULL, '2026-04-22 10:50:00', 'Preporucena promjena zivotnih navika i kontrola nalaza.', FALSE, NULL, '-', '2026-04-22 10:50:00', '2026-04-22 11:05:00'),
(114, 166, 99, '2026-04-24 13:55:00', 'Uvesti terapiju prema nalazu i pratiti odgovor.', TRUE, '2026-05-08', '-', '2026-04-24 13:55:00', '2026-04-24 14:10:00'),
(115, 167, NULL, '2026-04-27 16:25:00', 'Preporucena simptomatska terapija i kontrola.', TRUE, '2026-06-11', '-', '2026-04-27 16:25:00', '2026-04-27 16:40:00'),
(116, 168, NULL, '2026-04-28 16:00:00', 'Nastaviti dosadasnju terapiju uz kontrolu.', TRUE, '2026-05-19', '-', '2026-04-28 16:00:00', '2026-04-28 16:15:00'),
(117, 169, 100, '2026-04-29 14:25:00', 'Uvesti terapiju prema nalazu i pratiti odgovor.', TRUE, '2026-05-20', '-', '2026-04-29 14:25:00', '2026-04-29 14:40:00'),
(118, 170, 101, '2026-04-30 13:20:00', 'Preporucena simptomatska terapija i kontrola.', FALSE, NULL, '-', '2026-04-30 13:20:00', '2026-04-30 13:35:00'),
(119, 173, 103, '2026-05-11 16:50:00', 'Preporucena promjena zivotnih navika i kontrola nalaza.', TRUE, '2026-05-28', '-', '2026-05-11 16:50:00', '2026-05-11 17:05:00'),
(120, 174, 104, '2026-02-04 16:55:00', 'Uvesti terapiju prema nalazu i pratiti odgovor.', FALSE, NULL, '-', '2026-02-04 16:55:00', '2026-02-04 17:10:00'),
(121, 175, 105, '2026-02-06 10:00:00', 'Preporucena simptomatska terapija i kontrola.', FALSE, NULL, '-', '2026-02-06 10:00:00', '2026-02-06 10:15:00'),
(122, 176, 106, '2026-02-10 10:50:00', 'Uvesti terapiju prema nalazu i pratiti odgovor.', TRUE, '2026-02-24', '-', '2026-02-10 10:50:00', '2026-02-10 11:05:00'),
(123, 177, NULL, '2026-02-11 13:55:00', 'Uvesti terapiju prema nalazu i pratiti odgovor.', TRUE, '2026-03-14', '-', '2026-02-11 13:55:00', '2026-02-11 14:10:00'),
(124, 181, 109, '2026-02-20 09:55:00', 'Preporucena simptomatska terapija i kontrola.', TRUE, '2026-03-12', '-', '2026-02-20 09:55:00', '2026-02-20 10:10:00'),
(125, 182, 110, '2026-02-25 10:30:00', 'Nastaviti dosadasnju terapiju uz kontrolu.', TRUE, '2026-03-27', '-', '2026-02-25 10:30:00', '2026-02-25 10:45:00'),
(126, 183, 111, '2026-02-26 16:20:00', 'Preporucena simptomatska terapija i kontrola.', FALSE, NULL, '-', '2026-02-26 16:20:00', '2026-02-26 16:35:00'),
(127, 184, 112, '2026-02-27 10:55:00', 'Preporucena simptomatska terapija i kontrola.', FALSE, NULL, '-', '2026-02-27 10:55:00', '2026-02-27 11:10:00');

-- preporuceni_lijek: 170 redaka
INSERT INTO preporuceni_lijek (id, id_terapija, naziv_lijeka, doziranje, uputa, trajanje_dana, napomena, vrijeme_kreiranja, vrijeme_azuriranja) VALUES
(1, 1, 'Loratadin 10 mg', '1x dnevno', 'Uzimati prema uputi lijecnika.', 5, '-', '2026-02-03 08:55:00', '2026-02-03 09:05:00'),
(2, 2, 'Paracetamol 500 mg', 'po potrebi', 'Prekinuti u slucaju nuspojava.', 14, '-', '2026-02-04 12:50:00', '2026-02-04 13:00:00'),
(3, 2, 'Bisoprolol 2.5 mg', 'ujutro natašte', 'Prekinuti u slucaju nuspojava.', 14, '-', '2026-02-04 12:50:00', '2026-02-04 13:00:00'),
(4, 3, 'Paracetamol 500 mg', '2x dnevno', 'Prekinuti u slucaju nuspojava.', 7, '-', '2026-02-09 13:20:00', '2026-02-09 13:30:00'),
(5, 4, 'Salbutamol inhaler', '1x dnevno', 'Prekinuti u slucaju nuspojava.', 7, '-', '2026-02-10 11:55:00', '2026-02-10 12:05:00'),
(6, 4, 'Vitamin D', '1x dnevno', 'Uzimati prema uputi lijecnika.', 5, '-', '2026-02-10 11:55:00', '2026-02-10 12:05:00'),
(7, 5, 'Metformin 500 mg', 'po potrebi', 'Prekinuti u slucaju nuspojava.', 10, '-', '2026-02-11 16:20:00', '2026-02-11 16:30:00'),
(8, 6, 'Salbutamol inhaler', '1x dnevno', 'Prekinuti u slucaju nuspojava.', 10, '-', '2026-02-12 12:20:00', '2026-02-12 12:30:00'),
(9, 6, 'Loratadin 10 mg', 'po potrebi', 'Prekinuti u slucaju nuspojava.', 14, '-', '2026-02-12 12:20:00', '2026-02-12 12:30:00'),
(10, 7, 'Amoksicilin 875/125 mg', '2x dnevno', 'Kontrola po dogovoru.', 7, '-', '2026-02-18 12:25:00', '2026-02-18 12:35:00'),
(11, 8, 'Bisoprolol 2.5 mg', '1x dnevno', 'Prekinuti u slucaju nuspojava.', 7, '-', '2026-02-20 14:25:00', '2026-02-20 14:35:00'),
(12, 8, 'Metformin 500 mg', 'ujutro natašte', 'Kontrola po dogovoru.', 14, '-', '2026-02-20 14:25:00', '2026-02-20 14:35:00'),
(13, 9, 'Vitamin D', '2x dnevno', 'Prekinuti u slucaju nuspojava.', 5, '-', '2026-02-23 15:30:00', '2026-02-23 15:40:00'),
(14, 10, 'Amoksicilin 875/125 mg', 'ujutro natašte', 'Prekinuti u slucaju nuspojava.', 14, '-', '2026-02-24 13:20:00', '2026-02-24 13:30:00'),
(15, 11, 'Pantoprazol 40 mg', 'po potrebi', 'Kontrola po dogovoru.', 30, '-', '2026-03-02 10:30:00', '2026-03-02 10:40:00'),
(16, 12, 'Ibuprofen 400 mg', 'ujutro natašte', 'Uzimati prema uputi lijecnika.', 14, '-', '2026-03-05 14:00:00', '2026-03-05 14:10:00'),
(17, 13, 'Loratadin 10 mg', '2x dnevno', 'Uzimati prema uputi lijecnika.', 30, '-', '2026-03-06 09:00:00', '2026-03-06 09:10:00'),
(18, 13, 'Ibuprofen 400 mg', '2x dnevno', 'Uzimati prema uputi lijecnika.', 30, '-', '2026-03-06 09:00:00', '2026-03-06 09:10:00'),
(19, 14, 'Amoksicilin 875/125 mg', '2x dnevno', 'Prekinuti u slucaju nuspojava.', 30, '-', '2026-03-10 14:50:00', '2026-03-10 15:00:00'),
(20, 15, 'Atorvastatin 20 mg', 'ujutro natašte', 'Uzimati prema uputi lijecnika.', 5, '-', '2026-03-11 13:25:00', '2026-03-11 13:35:00'),
(21, 16, 'Pantoprazol 40 mg', '2x dnevno', 'Prekinuti u slucaju nuspojava.', 14, '-', '2026-03-12 13:20:00', '2026-03-12 13:30:00'),
(22, 17, 'Bisoprolol 2.5 mg', '2x dnevno', 'Uzimati prema uputi lijecnika.', 7, '-', '2026-03-16 16:00:00', '2026-03-16 16:10:00'),
(23, 17, 'Loratadin 10 mg', 'ujutro natašte', 'Uzimati prema uputi lijecnika.', 14, '-', '2026-03-16 16:00:00', '2026-03-16 16:10:00'),
(24, 18, 'Bisoprolol 2.5 mg', '1x dnevno', 'Kontrola po dogovoru.', 5, '-', '2026-03-17 14:25:00', '2026-03-17 14:35:00'),
(25, 19, 'Loratadin 10 mg', 'ujutro natašte', 'Kontrola po dogovoru.', 7, '-', '2026-03-19 16:55:00', '2026-03-19 17:05:00'),
(26, 20, 'Pantoprazol 40 mg', '1x dnevno', 'Prekinuti u slucaju nuspojava.', 5, '-', '2026-03-23 12:55:00', '2026-03-23 13:05:00'),
(27, 21, 'Salbutamol inhaler', '1x dnevno', 'Kontrola po dogovoru.', 7, '-', '2026-03-24 16:50:00', '2026-03-24 17:00:00'),
(28, 21, 'Loratadin 10 mg', 'ujutro natašte', 'Prekinuti u slucaju nuspojava.', 30, '-', '2026-03-24 16:50:00', '2026-03-24 17:00:00'),
(29, 22, 'Bisoprolol 2.5 mg', '2x dnevno', 'Prekinuti u slucaju nuspojava.', 7, '-', '2026-03-27 16:30:00', '2026-03-27 16:40:00'),
(30, 23, 'Bisoprolol 2.5 mg', 'po potrebi', 'Kontrola po dogovoru.', 14, '-', '2026-03-30 10:30:00', '2026-03-30 10:40:00'),
(31, 23, 'Atorvastatin 20 mg', '2x dnevno', 'Prekinuti u slucaju nuspojava.', 5, '-', '2026-03-30 10:30:00', '2026-03-30 10:40:00'),
(32, 24, 'Bisoprolol 2.5 mg', 'ujutro natašte', 'Uzimati prema uputi lijecnika.', 5, '-', '2026-03-31 16:00:00', '2026-03-31 16:10:00'),
(33, 24, 'Vitamin D', '2x dnevno', 'Kontrola po dogovoru.', 14, '-', '2026-03-31 16:00:00', '2026-03-31 16:10:00'),
(34, 25, 'Paracetamol 500 mg', '1x dnevno', 'Uzimati prema uputi lijecnika.', 10, '-', '2026-04-02 12:25:00', '2026-04-02 12:35:00'),
(35, 26, 'Paracetamol 500 mg', 'po potrebi', 'Uzimati prema uputi lijecnika.', 14, '-', '2026-04-08 15:20:00', '2026-04-08 15:30:00'),
(36, 27, 'Paracetamol 500 mg', '1x dnevno', 'Prekinuti u slucaju nuspojava.', 10, '-', '2026-04-10 12:55:00', '2026-04-10 13:05:00'),
(37, 28, 'Amoksicilin 875/125 mg', '2x dnevno', 'Prekinuti u slucaju nuspojava.', 7, '-', '2026-04-13 13:30:00', '2026-04-13 13:40:00'),
(38, 29, 'Amoksicilin 875/125 mg', '1x dnevno', 'Uzimati prema uputi lijecnika.', 5, '-', '2026-04-15 14:50:00', '2026-04-15 15:00:00'),
(39, 30, 'Metformin 500 mg', '2x dnevno', 'Kontrola po dogovoru.', 7, '-', '2026-04-21 14:20:00', '2026-04-21 14:30:00'),
(40, 31, 'Metformin 500 mg', 'po potrebi', 'Uzimati prema uputi lijecnika.', 5, '-', '2026-04-23 14:55:00', '2026-04-23 15:05:00'),
(41, 32, 'Amoksicilin 875/125 mg', '1x dnevno', 'Kontrola po dogovoru.', 10, '-', '2026-04-24 15:55:00', '2026-04-24 16:05:00'),
(42, 33, 'Loratadin 10 mg', 'ujutro natašte', 'Uzimati prema uputi lijecnika.', 30, '-', '2026-04-28 09:50:00', '2026-04-28 10:00:00'),
(43, 34, 'Atorvastatin 20 mg', 'po potrebi', 'Uzimati prema uputi lijecnika.', 10, '-', '2026-05-04 14:25:00', '2026-05-04 14:35:00'),
(44, 34, 'Pantoprazol 40 mg', 'ujutro natašte', 'Uzimati prema uputi lijecnika.', 10, '-', '2026-05-04 14:25:00', '2026-05-04 14:35:00'),
(45, 35, 'Salbutamol inhaler', '2x dnevno', 'Kontrola po dogovoru.', 30, '-', '2026-05-05 08:55:00', '2026-05-05 09:05:00'),
(46, 36, 'Atorvastatin 20 mg', '2x dnevno', 'Kontrola po dogovoru.', 5, '-', '2026-02-03 15:25:00', '2026-02-03 15:35:00'),
(47, 37, 'Atorvastatin 20 mg', '2x dnevno', 'Kontrola po dogovoru.', 5, '-', '2026-02-04 09:55:00', '2026-02-04 10:05:00'),
(48, 38, 'Metformin 500 mg', 'po potrebi', 'Prekinuti u slucaju nuspojava.', 5, '-', '2026-02-05 12:25:00', '2026-02-05 12:35:00'),
(49, 38, 'Pantoprazol 40 mg', 'ujutro natašte', 'Kontrola po dogovoru.', 10, '-', '2026-02-05 12:25:00', '2026-02-05 12:35:00'),
(50, 39, 'Amoksicilin 875/125 mg', '1x dnevno', 'Kontrola po dogovoru.', 7, '-', '2026-02-09 11:30:00', '2026-02-09 11:40:00'),
(51, 40, 'Bisoprolol 2.5 mg', '1x dnevno', 'Uzimati prema uputi lijecnika.', 14, '-', '2026-02-13 16:20:00', '2026-02-13 16:30:00'),
(52, 41, 'Ibuprofen 400 mg', '2x dnevno', 'Kontrola po dogovoru.', 30, '-', '2026-02-17 12:20:00', '2026-02-17 12:30:00'),
(53, 42, 'Amoksicilin 875/125 mg', '2x dnevno', 'Prekinuti u slucaju nuspojava.', 7, '-', '2026-02-23 08:55:00', '2026-02-23 09:05:00'),
(54, 43, 'Bisoprolol 2.5 mg', '1x dnevno', 'Prekinuti u slucaju nuspojava.', 14, '-', '2026-02-25 15:50:00', '2026-02-25 16:00:00'),
(55, 44, 'Vitamin D', '2x dnevno', 'Prekinuti u slucaju nuspojava.', 5, '-', '2026-02-26 16:50:00', '2026-02-26 17:00:00'),
(56, 44, 'Atorvastatin 20 mg', 'ujutro natašte', 'Prekinuti u slucaju nuspojava.', 5, '-', '2026-02-26 16:50:00', '2026-02-26 17:00:00'),
(57, 45, 'Bisoprolol 2.5 mg', 'po potrebi', 'Prekinuti u slucaju nuspojava.', 10, '-', '2026-03-09 14:20:00', '2026-03-09 14:30:00'),
(58, 46, 'Pantoprazol 40 mg', 'ujutro natašte', 'Uzimati prema uputi lijecnika.', 7, '-', '2026-03-10 15:20:00', '2026-03-10 15:30:00'),
(59, 47, 'Atorvastatin 20 mg', 'ujutro natašte', 'Prekinuti u slucaju nuspojava.', 10, '-', '2026-03-17 15:55:00', '2026-03-17 16:05:00'),
(60, 48, 'Ibuprofen 400 mg', 'ujutro natašte', 'Kontrola po dogovoru.', 7, '-', '2026-03-20 11:00:00', '2026-03-20 11:10:00'),
(61, 49, 'Bisoprolol 2.5 mg', '1x dnevno', 'Kontrola po dogovoru.', 14, '-', '2026-03-27 14:30:00', '2026-03-27 14:40:00'),
(62, 49, 'Metformin 500 mg', 'ujutro natašte', 'Kontrola po dogovoru.', 7, '-', '2026-03-27 14:30:00', '2026-03-27 14:40:00'),
(63, 50, 'Pantoprazol 40 mg', 'ujutro natašte', 'Kontrola po dogovoru.', 7, '-', '2026-03-30 17:00:00', '2026-03-30 17:10:00'),
(64, 50, 'Loratadin 10 mg', 'po potrebi', 'Uzimati prema uputi lijecnika.', 30, '-', '2026-03-30 17:00:00', '2026-03-30 17:10:00'),
(65, 51, 'Ibuprofen 400 mg', '1x dnevno', 'Kontrola po dogovoru.', 14, '-', '2026-03-31 15:20:00', '2026-03-31 15:30:00'),
(66, 52, 'Amoksicilin 875/125 mg', '2x dnevno', 'Prekinuti u slucaju nuspojava.', 10, '-', '2026-04-01 14:00:00', '2026-04-01 14:10:00'),
(67, 52, 'Atorvastatin 20 mg', 'po potrebi', 'Kontrola po dogovoru.', 30, '-', '2026-04-01 14:00:00', '2026-04-01 14:10:00'),
(68, 53, 'Ibuprofen 400 mg', 'po potrebi', 'Uzimati prema uputi lijecnika.', 10, '-', '2026-04-03 10:20:00', '2026-04-03 10:30:00'),
(69, 53, 'Vitamin D', '2x dnevno', 'Kontrola po dogovoru.', 14, '-', '2026-04-03 10:20:00', '2026-04-03 10:30:00'),
(70, 54, 'Ibuprofen 400 mg', 'ujutro natašte', 'Kontrola po dogovoru.', 14, '-', '2026-04-07 09:00:00', '2026-04-07 09:10:00'),
(71, 55, 'Metformin 500 mg', '2x dnevno', 'Kontrola po dogovoru.', 7, '-', '2026-04-08 10:50:00', '2026-04-08 11:00:00'),
(72, 56, 'Amoksicilin 875/125 mg', '2x dnevno', 'Uzimati prema uputi lijecnika.', 7, '-', '2026-04-09 14:55:00', '2026-04-09 15:05:00'),
(73, 56, 'Pantoprazol 40 mg', '2x dnevno', 'Prekinuti u slucaju nuspojava.', 14, '-', '2026-04-09 14:55:00', '2026-04-09 15:05:00'),
(74, 57, 'Pantoprazol 40 mg', 'po potrebi', 'Uzimati prema uputi lijecnika.', 14, '-', '2026-04-10 15:30:00', '2026-04-10 15:40:00'),
(75, 57, 'Ibuprofen 400 mg', '1x dnevno', 'Prekinuti u slucaju nuspojava.', 5, '-', '2026-04-10 15:30:00', '2026-04-10 15:40:00'),
(76, 58, 'Ibuprofen 400 mg', '1x dnevno', 'Uzimati prema uputi lijecnika.', 10, '-', '2026-04-13 10:30:00', '2026-04-13 10:40:00'),
(77, 59, 'Amoksicilin 875/125 mg', '1x dnevno', 'Prekinuti u slucaju nuspojava.', 30, '-', '2026-04-16 10:55:00', '2026-04-16 11:05:00'),
(78, 60, 'Bisoprolol 2.5 mg', 'po potrebi', 'Kontrola po dogovoru.', 14, '-', '2026-04-17 12:30:00', '2026-04-17 12:40:00'),
(79, 61, 'Amoksicilin 875/125 mg', 'po potrebi', 'Kontrola po dogovoru.', 14, '-', '2026-04-23 15:00:00', '2026-04-23 15:10:00'),
(80, 62, 'Paracetamol 500 mg', 'ujutro natašte', 'Kontrola po dogovoru.', 14, '-', '2026-04-28 09:50:00', '2026-04-28 10:00:00'),
(81, 63, 'Amoksicilin 875/125 mg', 'ujutro natašte', 'Kontrola po dogovoru.', 14, '-', '2026-05-06 10:20:00', '2026-05-06 10:30:00'),
(82, 63, 'Metformin 500 mg', 'ujutro natašte', 'Kontrola po dogovoru.', 7, '-', '2026-05-06 10:20:00', '2026-05-06 10:30:00'),
(83, 64, 'Metformin 500 mg', '1x dnevno', 'Kontrola po dogovoru.', 10, '-', '2026-05-07 12:30:00', '2026-05-07 12:40:00'),
(84, 65, 'Vitamin D', 'po potrebi', 'Prekinuti u slucaju nuspojava.', 14, '-', '2026-02-03 11:30:00', '2026-02-03 11:40:00'),
(85, 65, 'Ibuprofen 400 mg', '1x dnevno', 'Kontrola po dogovoru.', 14, '-', '2026-02-03 11:30:00', '2026-02-03 11:40:00'),
(86, 66, 'Bisoprolol 2.5 mg', '1x dnevno', 'Prekinuti u slucaju nuspojava.', 30, '-', '2026-02-04 09:55:00', '2026-02-04 10:05:00'),
(87, 67, 'Salbutamol inhaler', '2x dnevno', 'Uzimati prema uputi lijecnika.', 7, '-', '2026-02-06 08:50:00', '2026-02-06 09:00:00'),
(88, 68, 'Atorvastatin 20 mg', '1x dnevno', 'Uzimati prema uputi lijecnika.', 10, '-', '2026-02-16 13:25:00', '2026-02-16 13:35:00'),
(89, 69, 'Pantoprazol 40 mg', 'ujutro natašte', 'Uzimati prema uputi lijecnika.', 10, '-', '2026-02-19 13:00:00', '2026-02-19 13:10:00'),
(90, 69, 'Salbutamol inhaler', '2x dnevno', 'Kontrola po dogovoru.', 30, '-', '2026-02-19 13:00:00', '2026-02-19 13:10:00'),
(91, 70, 'Amoksicilin 875/125 mg', 'po potrebi', 'Uzimati prema uputi lijecnika.', 10, '-', '2026-02-20 09:20:00', '2026-02-20 09:30:00'),
(92, 71, 'Metformin 500 mg', 'po potrebi', 'Prekinuti u slucaju nuspojava.', 30, '-', '2026-02-23 09:30:00', '2026-02-23 09:40:00'),
(93, 71, 'Pantoprazol 40 mg', '1x dnevno', 'Prekinuti u slucaju nuspojava.', 5, '-', '2026-02-23 09:30:00', '2026-02-23 09:40:00'),
(94, 72, 'Metformin 500 mg', '2x dnevno', 'Kontrola po dogovoru.', 30, '-', '2026-02-24 08:55:00', '2026-02-24 09:05:00'),
(95, 73, 'Pantoprazol 40 mg', 'po potrebi', 'Uzimati prema uputi lijecnika.', 14, '-', '2026-02-25 09:00:00', '2026-02-25 09:10:00'),
(96, 74, 'Paracetamol 500 mg', 'po potrebi', 'Kontrola po dogovoru.', 5, '-', '2026-02-26 12:50:00', '2026-02-26 13:00:00'),
(97, 74, 'Metformin 500 mg', 'po potrebi', 'Kontrola po dogovoru.', 30, '-', '2026-02-26 12:50:00', '2026-02-26 13:00:00'),
(98, 75, 'Atorvastatin 20 mg', '1x dnevno', 'Prekinuti u slucaju nuspojava.', 7, '-', '2026-02-27 10:20:00', '2026-02-27 10:30:00'),
(99, 76, 'Paracetamol 500 mg', 'ujutro natašte', 'Kontrola po dogovoru.', 14, '-', '2026-03-03 08:55:00', '2026-03-03 09:05:00'),
(100, 76, 'Pantoprazol 40 mg', 'po potrebi', 'Kontrola po dogovoru.', 7, '-', '2026-03-03 08:55:00', '2026-03-03 09:05:00'),
(101, 77, 'Atorvastatin 20 mg', '1x dnevno', 'Kontrola po dogovoru.', 10, '-', '2026-03-05 14:50:00', '2026-03-05 15:00:00'),
(102, 78, 'Pantoprazol 40 mg', 'po potrebi', 'Kontrola po dogovoru.', 5, '-', '2026-03-10 16:25:00', '2026-03-10 16:35:00'),
(103, 79, 'Bisoprolol 2.5 mg', '2x dnevno', 'Uzimati prema uputi lijecnika.', 7, '-', '2026-03-18 14:50:00', '2026-03-18 15:00:00'),
(104, 79, 'Loratadin 10 mg', '2x dnevno', 'Kontrola po dogovoru.', 5, '-', '2026-03-18 14:50:00', '2026-03-18 15:00:00'),
(105, 80, 'Pantoprazol 40 mg', 'ujutro natašte', 'Kontrola po dogovoru.', 7, '-', '2026-03-19 12:50:00', '2026-03-19 13:00:00'),
(106, 80, 'Atorvastatin 20 mg', '1x dnevno', 'Uzimati prema uputi lijecnika.', 10, '-', '2026-03-19 12:50:00', '2026-03-19 13:00:00'),
(107, 81, 'Atorvastatin 20 mg', '2x dnevno', 'Uzimati prema uputi lijecnika.', 5, '-', '2026-03-23 10:25:00', '2026-03-23 10:35:00'),
(108, 82, 'Atorvastatin 20 mg', 'ujutro natašte', 'Kontrola po dogovoru.', 14, '-', '2026-03-25 12:00:00', '2026-03-25 12:10:00'),
(109, 82, 'Ibuprofen 400 mg', 'po potrebi', 'Kontrola po dogovoru.', 14, '-', '2026-03-25 12:00:00', '2026-03-25 12:10:00'),
(110, 83, 'Salbutamol inhaler', '2x dnevno', 'Uzimati prema uputi lijecnika.', 30, '-', '2026-03-30 13:50:00', '2026-03-30 14:00:00'),
(111, 84, 'Ibuprofen 400 mg', 'ujutro natašte', 'Prekinuti u slucaju nuspojava.', 14, '-', '2026-04-03 11:00:00', '2026-04-03 11:10:00'),
(112, 84, 'Pantoprazol 40 mg', 'po potrebi', 'Kontrola po dogovoru.', 7, '-', '2026-04-03 11:00:00', '2026-04-03 11:10:00'),
(113, 85, 'Paracetamol 500 mg', 'ujutro natašte', 'Uzimati prema uputi lijecnika.', 30, '-', '2026-04-06 16:00:00', '2026-04-06 16:10:00'),
(114, 85, 'Atorvastatin 20 mg', '1x dnevno', 'Uzimati prema uputi lijecnika.', 5, '-', '2026-04-06 16:00:00', '2026-04-06 16:10:00'),
(115, 86, 'Salbutamol inhaler', 'ujutro natašte', 'Prekinuti u slucaju nuspojava.', 5, '-', '2026-04-07 15:30:00', '2026-04-07 15:40:00'),
(116, 87, 'Salbutamol inhaler', 'po potrebi', 'Uzimati prema uputi lijecnika.', 5, '-', '2026-04-14 12:55:00', '2026-04-14 13:05:00'),
(117, 88, 'Paracetamol 500 mg', 'po potrebi', 'Uzimati prema uputi lijecnika.', 30, '-', '2026-04-16 09:30:00', '2026-04-16 09:40:00'),
(118, 88, 'Amoksicilin 875/125 mg', 'po potrebi', 'Kontrola po dogovoru.', 30, '-', '2026-04-16 09:30:00', '2026-04-16 09:40:00'),
(119, 89, 'Metformin 500 mg', '2x dnevno', 'Kontrola po dogovoru.', 5, '-', '2026-04-22 10:25:00', '2026-04-22 10:35:00'),
(120, 89, 'Salbutamol inhaler', '1x dnevno', 'Uzimati prema uputi lijecnika.', 5, '-', '2026-04-22 10:25:00', '2026-04-22 10:35:00'),
(121, 90, 'Salbutamol inhaler', 'po potrebi', 'Prekinuti u slucaju nuspojava.', 7, '-', '2026-04-24 16:55:00', '2026-04-24 17:05:00'),
(122, 90, 'Amoksicilin 875/125 mg', 'ujutro natašte', 'Uzimati prema uputi lijecnika.', 30, '-', '2026-04-24 16:55:00', '2026-04-24 17:05:00'),
(123, 91, 'Ibuprofen 400 mg', 'po potrebi', 'Kontrola po dogovoru.', 14, '-', '2026-04-27 12:00:00', '2026-04-27 12:10:00'),
(124, 92, 'Metformin 500 mg', '2x dnevno', 'Prekinuti u slucaju nuspojava.', 7, '-', '2026-05-01 14:50:00', '2026-05-01 15:00:00'),
(125, 92, 'Salbutamol inhaler', 'po potrebi', 'Prekinuti u slucaju nuspojava.', 14, '-', '2026-05-01 14:50:00', '2026-05-01 15:00:00'),
(126, 93, 'Ibuprofen 400 mg', '1x dnevno', 'Kontrola po dogovoru.', 30, '-', '2026-05-04 13:25:00', '2026-05-04 13:35:00'),
(127, 94, 'Loratadin 10 mg', '2x dnevno', 'Uzimati prema uputi lijecnika.', 10, '-', '2026-05-05 16:00:00', '2026-05-05 16:10:00'),
(128, 95, 'Ibuprofen 400 mg', '2x dnevno', 'Kontrola po dogovoru.', 10, '-', '2026-05-07 14:25:00', '2026-05-07 14:35:00'),
(129, 96, 'Metformin 500 mg', 'po potrebi', 'Kontrola po dogovoru.', 5, '-', '2026-05-08 11:00:00', '2026-05-08 11:10:00'),
(130, 96, 'Loratadin 10 mg', '1x dnevno', 'Uzimati prema uputi lijecnika.', 10, '-', '2026-05-08 11:00:00', '2026-05-08 11:10:00'),
(131, 97, 'Pantoprazol 40 mg', '1x dnevno', 'Kontrola po dogovoru.', 30, '-', '2026-02-04 12:00:00', '2026-02-04 12:10:00'),
(132, 97, 'Loratadin 10 mg', '2x dnevno', 'Kontrola po dogovoru.', 7, '-', '2026-02-04 12:00:00', '2026-02-04 12:10:00'),
(133, 98, 'Metformin 500 mg', '2x dnevno', 'Kontrola po dogovoru.', 30, '-', '2026-02-06 10:30:00', '2026-02-06 10:40:00'),
(134, 99, 'Bisoprolol 2.5 mg', 'po potrebi', 'Prekinuti u slucaju nuspojava.', 14, '-', '2026-02-09 11:25:00', '2026-02-09 11:35:00'),
(135, 100, 'Ibuprofen 400 mg', 'po potrebi', 'Prekinuti u slucaju nuspojava.', 10, '-', '2026-02-10 15:20:00', '2026-02-10 15:30:00'),
(136, 101, 'Vitamin D', '1x dnevno', 'Uzimati prema uputi lijecnika.', 10, '-', '2026-02-19 13:20:00', '2026-02-19 13:30:00'),
(137, 102, 'Salbutamol inhaler', '2x dnevno', 'Prekinuti u slucaju nuspojava.', 14, '-', '2026-02-20 10:20:00', '2026-02-20 10:30:00'),
(138, 103, 'Paracetamol 500 mg', '2x dnevno', 'Kontrola po dogovoru.', 5, '-', '2026-02-23 10:55:00', '2026-02-23 11:05:00'),
(139, 104, 'Bisoprolol 2.5 mg', '2x dnevno', 'Uzimati prema uputi lijecnika.', 5, '-', '2026-03-02 15:20:00', '2026-03-02 15:30:00'),
(140, 104, 'Pantoprazol 40 mg', 'po potrebi', 'Uzimati prema uputi lijecnika.', 30, '-', '2026-03-02 15:20:00', '2026-03-02 15:30:00'),
(141, 105, 'Metformin 500 mg', '1x dnevno', 'Prekinuti u slucaju nuspojava.', 7, '-', '2026-03-03 13:20:00', '2026-03-03 13:30:00'),
(142, 106, 'Paracetamol 500 mg', 'ujutro natašte', 'Uzimati prema uputi lijecnika.', 10, '-', '2026-03-12 16:20:00', '2026-03-12 16:30:00'),
(143, 107, 'Bisoprolol 2.5 mg', 'po potrebi', 'Uzimati prema uputi lijecnika.', 30, '-', '2026-03-23 09:50:00', '2026-03-23 10:00:00'),
(144, 107, 'Paracetamol 500 mg', 'ujutro natašte', 'Prekinuti u slucaju nuspojava.', 10, '-', '2026-03-23 09:50:00', '2026-03-23 10:00:00'),
(145, 108, 'Paracetamol 500 mg', '1x dnevno', 'Prekinuti u slucaju nuspojava.', 14, '-', '2026-03-24 14:00:00', '2026-03-24 14:10:00'),
(146, 109, 'Ibuprofen 400 mg', 'ujutro natašte', 'Uzimati prema uputi lijecnika.', 7, '-', '2026-03-25 08:50:00', '2026-03-25 09:00:00'),
(147, 110, 'Metformin 500 mg', 'ujutro natašte', 'Uzimati prema uputi lijecnika.', 30, '-', '2026-03-30 09:00:00', '2026-03-30 09:10:00'),
(148, 111, 'Metformin 500 mg', 'ujutro natašte', 'Uzimati prema uputi lijecnika.', 10, '-', '2026-04-03 13:20:00', '2026-04-03 13:30:00'),
(149, 112, 'Metformin 500 mg', '1x dnevno', 'Uzimati prema uputi lijecnika.', 7, '-', '2026-04-08 09:50:00', '2026-04-08 10:00:00'),
(150, 113, 'Pantoprazol 40 mg', 'ujutro natašte', 'Kontrola po dogovoru.', 14, '-', '2026-04-22 10:50:00', '2026-04-22 11:00:00'),
(151, 113, 'Metformin 500 mg', '2x dnevno', 'Uzimati prema uputi lijecnika.', 5, '-', '2026-04-22 10:50:00', '2026-04-22 11:00:00'),
(152, 114, 'Metformin 500 mg', 'ujutro natašte', 'Kontrola po dogovoru.', 5, '-', '2026-04-24 13:55:00', '2026-04-24 14:05:00'),
(153, 115, 'Amoksicilin 875/125 mg', '2x dnevno', 'Kontrola po dogovoru.', 30, '-', '2026-04-27 16:25:00', '2026-04-27 16:35:00'),
(154, 116, 'Amoksicilin 875/125 mg', '2x dnevno', 'Prekinuti u slucaju nuspojava.', 5, '-', '2026-04-28 16:00:00', '2026-04-28 16:10:00'),
(155, 116, 'Atorvastatin 20 mg', '2x dnevno', 'Uzimati prema uputi lijecnika.', 30, '-', '2026-04-28 16:00:00', '2026-04-28 16:10:00'),
(156, 117, 'Paracetamol 500 mg', 'po potrebi', 'Uzimati prema uputi lijecnika.', 7, '-', '2026-04-29 14:25:00', '2026-04-29 14:35:00'),
(157, 118, 'Atorvastatin 20 mg', 'ujutro natašte', 'Kontrola po dogovoru.', 10, '-', '2026-04-30 13:20:00', '2026-04-30 13:30:00'),
(158, 119, 'Paracetamol 500 mg', '1x dnevno', 'Prekinuti u slucaju nuspojava.', 10, '-', '2026-05-11 16:50:00', '2026-05-11 17:00:00'),
(159, 119, 'Loratadin 10 mg', 'po potrebi', 'Prekinuti u slucaju nuspojava.', 14, '-', '2026-05-11 16:50:00', '2026-05-11 17:00:00'),
(160, 120, 'Paracetamol 500 mg', '1x dnevno', 'Kontrola po dogovoru.', 10, '-', '2026-02-04 16:55:00', '2026-02-04 17:05:00'),
(161, 121, 'Pantoprazol 40 mg', 'po potrebi', 'Prekinuti u slucaju nuspojava.', 10, '-', '2026-02-06 10:00:00', '2026-02-06 10:10:00'),
(162, 122, 'Metformin 500 mg', 'po potrebi', 'Kontrola po dogovoru.', 30, '-', '2026-02-10 10:50:00', '2026-02-10 11:00:00'),
(163, 123, 'Atorvastatin 20 mg', '1x dnevno', 'Uzimati prema uputi lijecnika.', 30, '-', '2026-02-11 13:55:00', '2026-02-11 14:05:00'),
(164, 123, 'Ibuprofen 400 mg', '1x dnevno', 'Uzimati prema uputi lijecnika.', 30, '-', '2026-02-11 13:55:00', '2026-02-11 14:05:00'),
(165, 124, 'Vitamin D', 'po potrebi', 'Kontrola po dogovoru.', 14, '-', '2026-02-20 09:55:00', '2026-02-20 10:05:00'),
(166, 124, 'Metformin 500 mg', '2x dnevno', 'Kontrola po dogovoru.', 7, '-', '2026-02-20 09:55:00', '2026-02-20 10:05:00'),
(167, 125, 'Bisoprolol 2.5 mg', '1x dnevno', 'Prekinuti u slucaju nuspojava.', 5, '-', '2026-02-25 10:30:00', '2026-02-25 10:40:00'),
(168, 126, 'Vitamin D', 'po potrebi', 'Kontrola po dogovoru.', 7, '-', '2026-02-26 16:20:00', '2026-02-26 16:30:00'),
(169, 127, 'Amoksicilin 875/125 mg', 'ujutro natašte', 'Kontrola po dogovoru.', 30, '-', '2026-02-27 10:55:00', '2026-02-27 11:05:00'),
(170, 127, 'Atorvastatin 20 mg', '1x dnevno', 'Uzimati prema uputi lijecnika.', 14, '-', '2026-02-27 10:55:00', '2026-02-27 11:05:00');

-- nacin_placanja: 5 redaka
INSERT INTO nacin_placanja (id, sifra, naziv, vrijeme_kreiranja, vrijeme_azuriranja) VALUES
(1, 'GOT', 'Gotovina', '2026-01-07 08:00:00', '2026-01-07 08:10:00'),
(2, 'KAR', 'Kartica', '2026-01-07 08:00:00', '2026-01-07 08:10:00'),
(3, 'TRA', 'Transakcijski racun', '2026-01-07 08:00:00', '2026-01-07 08:10:00'),
(4, 'OSG', 'Osiguranje', '2026-01-07 08:00:00', '2026-01-07 08:10:00'),
(5, 'OBR', 'Obrocno placanje', '2026-01-07 08:00:00', '2026-01-07 08:10:00');

-- racun: 185 redaka
INSERT INTO racun (id, broj_racuna, id_pacijent, id_pregled, status_racuna, datum_izdavanja, datum_dospijeca, valuta, ukupno_bez_poreza, ukupni_porez, ukupni_popust, ukupno_za_placanje, napomena, vrijeme_kreiranja, vrijeme_azuriranja) VALUES
(1, 'R-2026-00001', NULL, 1, 'IZDAN', '2026-02-03', '2026-02-18', 'EUR', 54.00, 0.00, 0.00, 54.00, '-', '2026-02-03 12:00:00', '2026-02-03 12:10:00'),
(2, 'R-2026-00002', NULL, 2, 'IZDAN', '2026-02-04', '2026-02-19', 'EUR', 65.00, 0.00, 0.00, 65.00, '-', '2026-02-04 12:00:00', '2026-02-04 12:10:00'),
(3, 'R-2026-00003', NULL, 3, 'PLACEN', '2026-02-09', '2026-02-24', 'EUR', 87.75, 0.00, 0.00, 87.75, '-', '2026-02-09 12:00:00', '2026-02-09 12:10:00'),
(4, 'R-2026-00004', NULL, 4, 'PLACEN', '2026-02-10', '2026-02-25', 'EUR', 63.00, 0.00, 0.00, 63.00, '-', '2026-02-10 12:00:00', '2026-02-10 12:10:00'),
(5, 'R-2026-00005', NULL, 5, 'PLACEN', '2026-02-11', '2026-02-26', 'EUR', 60.00, 0.00, 0.00, 60.00, '-', '2026-02-11 12:00:00', '2026-02-11 12:10:00'),
(6, 'R-2026-00006', NULL, 6, 'IZDAN', '2026-02-12', '2026-02-27', 'EUR', 80.00, 0.00, 0.00, 80.00, '-', '2026-02-12 12:00:00', '2026-02-12 12:10:00'),
(7, 'R-2026-00007', NULL, 7, 'NACRT', '2026-02-13', '2026-02-28', 'EUR', 66.50, 0.00, 0.00, 66.50, '-', '2026-02-13 12:00:00', '2026-02-13 12:10:00'),
(8, 'R-2026-00008', NULL, 8, 'PLACEN', '2026-02-16', '2026-03-03', 'EUR', 54.00, 0.00, 0.00, 54.00, '-', '2026-02-16 12:00:00', '2026-02-16 12:10:00'),
(9, 'R-2026-00009', NULL, 9, 'PLACEN', '2026-02-18', '2026-03-05', 'EUR', 62.50, 0.00, 0.00, 62.50, '-', '2026-02-18 12:00:00', '2026-02-18 12:10:00'),
(10, 'R-2026-00010', NULL, 10, 'PLACEN', '2026-02-20', '2026-03-07', 'EUR', 160.00, 0.00, 0.00, 160.00, '-', '2026-02-20 12:00:00', '2026-02-20 12:10:00'),
(11, 'R-2026-00011', NULL, 11, 'PLACEN', '2026-02-23', '2026-03-10', 'EUR', 65.00, 0.00, 0.00, 65.00, '-', '2026-02-23 12:00:00', '2026-02-23 12:10:00'),
(12, 'R-2026-00012', NULL, 12, 'PLACEN', '2026-02-24', '2026-03-11', 'EUR', 65.00, 0.00, 0.00, 65.00, '-', '2026-02-24 12:00:00', '2026-02-24 12:10:00'),
(13, 'R-2026-00013', NULL, 13, 'PLACEN', '2026-02-25', '2026-03-12', 'EUR', 45.00, 0.00, 0.00, 45.00, '-', '2026-02-25 12:00:00', '2026-02-25 12:10:00'),
(14, 'R-2026-00014', NULL, 14, 'PLACEN', '2026-02-26', '2026-03-13', 'EUR', 67.50, 0.00, 0.00, 67.50, '-', '2026-02-26 12:00:00', '2026-02-26 12:10:00'),
(15, 'R-2026-00015', NULL, 15, 'PLACEN', '2026-03-02', '2026-03-17', 'EUR', 97.00, 0.00, 0.00, 97.00, '-', '2026-03-02 12:00:00', '2026-03-02 12:10:00'),
(16, 'R-2026-00016', NULL, 16, 'NACRT', '2026-03-03', '2026-03-18', 'EUR', 65.00, 0.00, 0.00, 65.00, '-', '2026-03-03 12:00:00', '2026-03-03 12:10:00'),
(17, 'R-2026-00017', NULL, 17, 'PLACEN', '2026-03-05', '2026-03-20', 'EUR', 40.00, 0.00, 0.00, 40.00, '-', '2026-03-05 12:00:00', '2026-03-05 12:10:00'),
(18, 'R-2026-00018', NULL, 18, 'NACRT', '2026-03-06', '2026-03-21', 'EUR', 100.00, 0.00, 0.00, 100.00, '-', '2026-03-06 12:00:00', '2026-03-06 12:10:00'),
(19, 'R-2026-00019', NULL, 19, 'PLACEN', '2026-03-10', '2026-03-25', 'EUR', 35.00, 0.00, 0.00, 35.00, '-', '2026-03-10 12:00:00', '2026-03-10 12:10:00'),
(20, 'R-2026-00020', NULL, 20, 'NACRT', '2026-03-11', '2026-03-26', 'EUR', 80.00, 0.00, 0.00, 80.00, '-', '2026-03-11 12:00:00', '2026-03-11 12:10:00'),
(21, 'R-2026-00021', NULL, 21, 'PLACEN', '2026-03-12', '2026-03-27', 'EUR', 80.00, 0.00, 0.00, 80.00, '-', '2026-03-12 12:00:00', '2026-03-12 12:10:00'),
(22, 'R-2026-00022', NULL, 22, 'PLACEN', '2026-03-13', '2026-03-28', 'EUR', 40.00, 0.00, 0.00, 40.00, '-', '2026-03-13 12:00:00', '2026-03-13 12:10:00'),
(23, 'R-2026-00023', NULL, 23, 'PLACEN', '2026-03-16', '2026-03-31', 'EUR', 42.75, 0.00, 0.00, 42.75, '-', '2026-03-16 12:00:00', '2026-03-16 12:10:00'),
(24, 'R-2026-00024', NULL, 24, 'PLACEN', '2026-03-17', '2026-04-01', 'EUR', 58.50, 0.00, 0.00, 58.50, '-', '2026-03-17 12:00:00', '2026-03-17 12:10:00'),
(25, 'R-2026-00025', NULL, 25, 'PLACEN', '2026-03-19', '2026-04-03', 'EUR', 65.00, 0.00, 0.00, 65.00, '-', '2026-03-19 12:00:00', '2026-03-19 12:10:00'),
(26, 'R-2026-00026', NULL, 26, 'PLACEN', '2026-03-23', '2026-04-07', 'EUR', 47.50, 0.00, 0.00, 47.50, '-', '2026-03-23 12:00:00', '2026-03-23 12:10:00'),
(27, 'R-2026-00027', NULL, 27, 'PLACEN', '2026-03-24', '2026-04-08', 'EUR', 131.75, 0.00, 0.00, 131.75, '-', '2026-03-24 12:00:00', '2026-03-24 12:10:00'),
(28, 'R-2026-00028', NULL, 28, 'IZDAN', '2026-03-27', '2026-04-11', 'EUR', 76.50, 0.00, 0.00, 76.50, '-', '2026-03-27 12:00:00', '2026-03-27 12:10:00'),
(29, 'R-2026-00029', NULL, 29, 'PLACEN', '2026-03-30', '2026-04-14', 'EUR', 90.00, 0.00, 0.00, 90.00, '-', '2026-03-30 12:00:00', '2026-03-30 12:10:00'),
(30, 'R-2026-00030', NULL, 30, 'PLACEN', '2026-03-31', '2026-04-15', 'EUR', 70.00, 0.00, 0.00, 70.00, '-', '2026-03-31 12:00:00', '2026-03-31 12:10:00'),
(31, 'R-2026-00031', NULL, 31, 'IZDAN', '2026-04-02', '2026-04-17', 'EUR', 63.00, 0.00, 0.00, 63.00, '-', '2026-04-02 12:00:00', '2026-04-02 12:10:00'),
(32, 'R-2026-00032', NULL, 32, 'NACRT', '2026-04-08', '2026-04-23', 'EUR', 82.50, 0.00, 0.00, 82.50, '-', '2026-04-08 12:00:00', '2026-04-08 12:10:00'),
(33, 'R-2026-00033', NULL, 33, 'IZDAN', '2026-04-10', '2026-04-25', 'EUR', 365.00, 0.00, 0.00, 365.00, '-', '2026-04-10 12:00:00', '2026-04-10 12:10:00'),
(34, 'R-2026-00034', NULL, 34, 'PLACEN', '2026-04-13', '2026-04-28', 'EUR', 99.50, 0.00, 0.00, 99.50, '-', '2026-04-13 12:00:00', '2026-04-13 12:10:00'),
(35, 'R-2026-00035', NULL, 35, 'PLACEN', '2026-04-15', '2026-04-30', 'EUR', 23.75, 0.00, 0.00, 23.75, '-', '2026-04-15 12:00:00', '2026-04-15 12:10:00'),
(36, 'R-2026-00036', NULL, 36, 'IZDAN', '2026-04-16', '2026-05-01', 'EUR', 47.50, 0.00, 0.00, 47.50, '-', '2026-04-16 12:00:00', '2026-04-16 12:10:00'),
(37, 'R-2026-00037', NULL, 37, 'PLACEN', '2026-04-17', '2026-05-02', 'EUR', 75.00, 0.00, 0.00, 75.00, '-', '2026-04-17 12:00:00', '2026-04-17 12:10:00'),
(38, 'R-2026-00038', NULL, 38, 'PLACEN', '2026-04-21', '2026-05-06', 'EUR', 123.50, 0.00, 0.00, 123.50, '-', '2026-04-21 12:00:00', '2026-04-21 12:10:00'),
(39, 'R-2026-00039', NULL, 39, 'IZDAN', '2026-04-22', '2026-05-07', 'EUR', 55.00, 0.00, 0.00, 55.00, '-', '2026-04-22 12:00:00', '2026-04-22 12:10:00'),
(40, 'R-2026-00040', NULL, 40, 'IZDAN', '2026-04-23', '2026-05-08', 'EUR', 50.00, 0.00, 0.00, 50.00, '-', '2026-04-23 12:00:00', '2026-04-23 12:10:00'),
(41, 'R-2026-00041', NULL, 41, 'PLACEN', '2026-04-24', '2026-05-09', 'EUR', 76.00, 0.00, 0.00, 76.00, '-', '2026-04-24 12:00:00', '2026-04-24 12:10:00'),
(42, 'R-2026-00042', NULL, 42, 'IZDAN', '2026-04-28', '2026-05-13', 'EUR', 38.75, 0.00, 0.00, 38.75, '-', '2026-04-28 12:00:00', '2026-04-28 12:10:00'),
(43, 'R-2026-00043', NULL, 43, 'PLACEN', '2026-04-30', '2026-05-15', 'EUR', 92.75, 0.00, 0.00, 92.75, '-', '2026-04-30 12:00:00', '2026-04-30 12:10:00'),
(44, 'R-2026-00044', NULL, 44, 'PLACEN', '2026-05-01', '2026-05-16', 'EUR', 45.00, 0.00, 0.00, 45.00, '-', '2026-05-01 12:00:00', '2026-05-01 12:10:00'),
(45, 'R-2026-00045', NULL, 45, 'PLACEN', '2026-05-04', '2026-05-19', 'EUR', 70.00, 0.00, 0.00, 70.00, '-', '2026-05-04 12:00:00', '2026-05-04 12:10:00'),
(46, 'R-2026-00046', NULL, 46, 'NACRT', '2026-05-05', '2026-05-20', 'EUR', 50.00, 0.00, 0.00, 50.00, '-', '2026-05-05 12:00:00', '2026-05-05 12:10:00'),
(47, 'R-2026-00047', NULL, 47, 'PLACEN', '2026-05-07', '2026-05-22', 'EUR', 54.00, 0.00, 0.00, 54.00, '-', '2026-05-07 12:00:00', '2026-05-07 12:10:00'),
(48, 'R-2026-00048', NULL, 48, 'PLACEN', '2026-02-03', '2026-02-18', 'EUR', 108.50, 0.00, 0.00, 108.50, '-', '2026-02-03 12:00:00', '2026-02-03 12:10:00'),
(49, 'R-2026-00049', NULL, 49, 'IZDAN', '2026-02-04', '2026-02-19', 'EUR', 35.00, 0.00, 0.00, 35.00, '-', '2026-02-04 12:00:00', '2026-02-04 12:10:00'),
(50, 'R-2026-00050', NULL, 50, 'PLACEN', '2026-02-05', '2026-02-20', 'EUR', 105.00, 0.00, 0.00, 105.00, '-', '2026-02-05 12:00:00', '2026-02-05 12:10:00'),
(51, 'R-2026-00051', NULL, 51, 'PLACEN', '2026-02-06', '2026-02-21', 'EUR', 99.75, 0.00, 0.00, 99.75, '-', '2026-02-06 12:00:00', '2026-02-06 12:10:00'),
(52, 'R-2026-00052', NULL, 52, 'NACRT', '2026-02-09', '2026-02-24', 'EUR', 36.00, 0.00, 0.00, 36.00, '-', '2026-02-09 12:00:00', '2026-02-09 12:10:00'),
(53, 'R-2026-00053', NULL, 53, 'PLACEN', '2026-02-10', '2026-02-25', 'EUR', 50.00, 0.00, 0.00, 50.00, '-', '2026-02-10 12:00:00', '2026-02-10 12:10:00'),
(54, 'R-2026-00054', NULL, 54, 'PLACEN', '2026-02-12', '2026-02-27', 'EUR', 63.00, 0.00, 0.00, 63.00, '-', '2026-02-12 12:00:00', '2026-02-12 12:10:00'),
(55, 'R-2026-00055', NULL, 55, 'PLACEN', '2026-02-13', '2026-02-28', 'EUR', 65.00, 0.00, 0.00, 65.00, '-', '2026-02-13 12:00:00', '2026-02-13 12:10:00'),
(56, 'R-2026-00056', NULL, 56, 'IZDAN', '2026-02-17', '2026-03-04', 'EUR', 55.00, 0.00, 0.00, 55.00, '-', '2026-02-17 12:00:00', '2026-02-17 12:10:00'),
(57, 'R-2026-00057', NULL, 57, 'PLACEN', '2026-02-18', '2026-03-05', 'EUR', 128.50, 0.00, 0.00, 128.50, '-', '2026-02-18 12:00:00', '2026-02-18 12:10:00'),
(58, 'R-2026-00058', NULL, 58, 'PLACEN', '2026-02-19', '2026-03-06', 'EUR', 88.00, 0.00, 0.00, 88.00, '-', '2026-02-19 12:00:00', '2026-02-19 12:10:00'),
(59, 'R-2026-00059', NULL, 59, 'PLACEN', '2026-02-23', '2026-03-10', 'EUR', 63.00, 0.00, 0.00, 63.00, '-', '2026-02-23 12:00:00', '2026-02-23 12:10:00'),
(60, 'R-2026-00060', NULL, 60, 'IZDAN', '2026-02-25', '2026-03-12', 'EUR', 65.00, 0.00, 0.00, 65.00, '-', '2026-02-25 12:00:00', '2026-02-25 12:10:00'),
(61, 'R-2026-00061', NULL, 61, 'PLACEN', '2026-02-26', '2026-03-13', 'EUR', 65.00, 0.00, 0.00, 65.00, '-', '2026-02-26 12:00:00', '2026-02-26 12:10:00'),
(62, 'R-2026-00062', NULL, 62, 'PLACEN', '2026-02-27', '2026-03-14', 'EUR', 65.00, 0.00, 0.00, 65.00, '-', '2026-02-27 12:00:00', '2026-02-27 12:10:00'),
(63, 'R-2026-00063', NULL, 63, 'PLACEN', '2026-03-06', '2026-03-21', 'EUR', 75.00, 0.00, 0.00, 75.00, '-', '2026-03-06 12:00:00', '2026-03-06 12:10:00'),
(64, 'R-2026-00064', NULL, 64, 'NACRT', '2026-03-09', '2026-03-24', 'EUR', 57.00, 0.00, 0.00, 57.00, '-', '2026-03-09 12:00:00', '2026-03-09 12:10:00'),
(65, 'R-2026-00065', NULL, 65, 'PLACEN', '2026-03-10', '2026-03-25', 'EUR', 57.00, 0.00, 0.00, 57.00, '-', '2026-03-10 12:00:00', '2026-03-10 12:10:00'),
(66, 'R-2026-00066', NULL, 66, 'NACRT', '2026-03-13', '2026-03-28', 'EUR', 106.75, 0.00, 0.00, 106.75, '-', '2026-03-13 12:00:00', '2026-03-13 12:10:00'),
(67, 'R-2026-00067', NULL, 67, 'PLACEN', '2026-03-17', '2026-04-01', 'EUR', 50.00, 0.00, 0.00, 50.00, '-', '2026-03-17 12:00:00', '2026-03-17 12:10:00'),
(68, 'R-2026-00068', NULL, 68, 'PLACEN', '2026-03-20', '2026-04-04', 'EUR', 72.00, 0.00, 0.00, 72.00, '-', '2026-03-20 12:00:00', '2026-03-20 12:10:00'),
(69, 'R-2026-00069', NULL, 69, 'PLACEN', '2026-03-27', '2026-04-11', 'EUR', 90.00, 0.00, 0.00, 90.00, '-', '2026-03-27 12:00:00', '2026-03-27 12:10:00'),
(70, 'R-2026-00070', NULL, 70, 'PLACEN', '2026-03-30', '2026-04-14', 'EUR', 70.00, 0.00, 0.00, 70.00, '-', '2026-03-30 12:00:00', '2026-03-30 12:10:00'),
(71, 'R-2026-00071', NULL, 71, 'PLACEN', '2026-03-31', '2026-04-15', 'EUR', 150.00, 0.00, 0.00, 150.00, '-', '2026-03-31 12:00:00', '2026-03-31 12:10:00'),
(72, 'R-2026-00072', NULL, 72, 'PLACEN', '2026-04-01', '2026-04-16', 'EUR', 70.00, 0.00, 0.00, 70.00, '-', '2026-04-01 12:00:00', '2026-04-01 12:10:00'),
(73, 'R-2026-00073', NULL, 73, 'PLACEN', '2026-04-03', '2026-04-18', 'EUR', 42.75, 0.00, 0.00, 42.75, '-', '2026-04-03 12:00:00', '2026-04-03 12:10:00'),
(74, 'R-2026-00074', NULL, 74, 'IZDAN', '2026-04-06', '2026-04-21', 'EUR', 80.75, 0.00, 0.00, 80.75, '-', '2026-04-06 12:00:00', '2026-04-06 12:10:00'),
(75, 'R-2026-00075', NULL, 75, 'PLACEN', '2026-04-07', '2026-04-22', 'EUR', 65.00, 0.00, 0.00, 65.00, '-', '2026-04-07 12:00:00', '2026-04-07 12:10:00'),
(76, 'R-2026-00076', NULL, 76, 'PLACEN', '2026-04-08', '2026-04-23', 'EUR', 61.75, 0.00, 0.00, 61.75, '-', '2026-04-08 12:00:00', '2026-04-08 12:10:00'),
(77, 'R-2026-00077', NULL, 77, 'PLACEN', '2026-04-09', '2026-04-24', 'EUR', 42.75, 0.00, 0.00, 42.75, '-', '2026-04-09 12:00:00', '2026-04-09 12:10:00'),
(78, 'R-2026-00078', NULL, 78, 'PLACEN', '2026-04-10', '2026-04-25', 'EUR', 47.50, 0.00, 0.00, 47.50, '-', '2026-04-10 12:00:00', '2026-04-10 12:10:00'),
(79, 'R-2026-00079', NULL, 79, 'IZDAN', '2026-04-13', '2026-04-28', 'EUR', 70.00, 0.00, 0.00, 70.00, '-', '2026-04-13 12:00:00', '2026-04-13 12:10:00'),
(80, 'R-2026-00080', NULL, 80, 'IZDAN', '2026-04-14', '2026-04-29', 'EUR', 110.00, 0.00, 0.00, 110.00, '-', '2026-04-14 12:00:00', '2026-04-14 12:10:00'),
(81, 'R-2026-00081', NULL, 81, 'PLACEN', '2026-04-16', '2026-05-01', 'EUR', 70.00, 0.00, 0.00, 70.00, '-', '2026-04-16 12:00:00', '2026-04-16 12:10:00'),
(82, 'R-2026-00082', NULL, 82, 'IZDAN', '2026-04-17', '2026-05-02', 'EUR', 45.00, 0.00, 0.00, 45.00, '-', '2026-04-17 12:00:00', '2026-04-17 12:10:00'),
(83, 'R-2026-00083', NULL, 83, 'IZDAN', '2026-04-23', '2026-05-08', 'EUR', 36.00, 0.00, 0.00, 36.00, '-', '2026-04-23 12:00:00', '2026-04-23 12:10:00'),
(84, 'R-2026-00084', NULL, 84, 'IZDAN', '2026-04-28', '2026-05-13', 'EUR', 40.00, 0.00, 0.00, 40.00, '-', '2026-04-28 12:00:00', '2026-04-28 12:10:00'),
(85, 'R-2026-00085', NULL, 85, 'PLACEN', '2026-05-04', '2026-05-19', 'EUR', 52.25, 0.00, 0.00, 52.25, '-', '2026-05-04 12:00:00', '2026-05-04 12:10:00'),
(86, 'R-2026-00086', NULL, 86, 'NACRT', '2026-05-05', '2026-05-20', 'EUR', 45.00, 0.00, 0.00, 45.00, '-', '2026-05-05 12:00:00', '2026-05-05 12:10:00'),
(87, 'R-2026-00087', NULL, 87, 'IZDAN', '2026-05-06', '2026-05-21', 'EUR', 105.00, 0.00, 0.00, 105.00, '-', '2026-05-06 12:00:00', '2026-05-06 12:10:00'),
(88, 'R-2026-00088', NULL, 88, 'PLACEN', '2026-05-07', '2026-05-22', 'EUR', 65.00, 0.00, 0.00, 65.00, '-', '2026-05-07 12:00:00', '2026-05-07 12:10:00'),
(89, 'R-2026-00089', NULL, 89, 'PLACEN', '2026-02-03', '2026-02-18', 'EUR', 61.75, 0.00, 0.00, 61.75, '-', '2026-02-03 12:00:00', '2026-02-03 12:10:00'),
(90, 'R-2026-00090', NULL, 90, 'PLACEN', '2026-02-04', '2026-02-19', 'EUR', 61.75, 0.00, 0.00, 61.75, '-', '2026-02-04 12:00:00', '2026-02-04 12:10:00'),
(91, 'R-2026-00091', NULL, 91, 'IZDAN', '2026-02-05', '2026-02-20', 'EUR', 66.50, 0.00, 0.00, 66.50, '-', '2026-02-05 12:00:00', '2026-02-05 12:10:00'),
(92, 'R-2026-00092', NULL, 92, 'PLACEN', '2026-02-06', '2026-02-21', 'EUR', 66.50, 0.00, 0.00, 66.50, '-', '2026-02-06 12:00:00', '2026-02-06 12:10:00'),
(93, 'R-2026-00093', NULL, 93, 'PLACEN', '2026-02-16', '2026-03-03', 'EUR', 49.50, 0.00, 0.00, 49.50, '-', '2026-02-16 12:00:00', '2026-02-16 12:10:00'),
(94, 'R-2026-00094', NULL, 94, 'IZDAN', '2026-02-17', '2026-03-04', 'EUR', 82.50, 0.00, 0.00, 82.50, '-', '2026-02-17 12:00:00', '2026-02-17 12:10:00'),
(95, 'R-2026-00095', NULL, 95, 'PLACEN', '2026-02-18', '2026-03-05', 'EUR', 85.00, 0.00, 0.00, 85.00, '-', '2026-02-18 12:00:00', '2026-02-18 12:10:00'),
(96, 'R-2026-00096', NULL, 96, 'PLACEN', '2026-02-19', '2026-03-06', 'EUR', 80.00, 0.00, 0.00, 80.00, '-', '2026-02-19 12:00:00', '2026-02-19 12:10:00'),
(97, 'R-2026-00097', NULL, 97, 'PLACEN', '2026-02-20', '2026-03-07', 'EUR', 130.00, 0.00, 0.00, 130.00, '-', '2026-02-20 12:00:00', '2026-02-20 12:10:00'),
(98, 'R-2026-00098', NULL, 98, 'IZDAN', '2026-02-23', '2026-03-10', 'EUR', 65.00, 0.00, 0.00, 65.00, '-', '2026-02-23 12:00:00', '2026-02-23 12:10:00'),
(99, 'R-2026-00099', NULL, 99, 'NACRT', '2026-02-24', '2026-03-11', 'EUR', 67.50, 0.00, 0.00, 67.50, '-', '2026-02-24 12:00:00', '2026-02-24 12:10:00'),
(100, 'R-2026-00100', NULL, 100, 'PLACEN', '2026-02-25', '2026-03-12', 'EUR', 54.00, 0.00, 0.00, 54.00, '-', '2026-02-25 12:00:00', '2026-02-25 12:10:00'),
(101, 'R-2026-00101', NULL, 101, 'PLACEN', '2026-02-26', '2026-03-13', 'EUR', 115.00, 0.00, 0.00, 115.00, '-', '2026-02-26 12:00:00', '2026-02-26 12:10:00'),
(102, 'R-2026-00102', NULL, 102, 'PLACEN', '2026-02-27', '2026-03-14', 'EUR', 65.00, 0.00, 0.00, 65.00, '-', '2026-02-27 12:00:00', '2026-02-27 12:10:00'),
(103, 'R-2026-00103', NULL, 103, 'PLACEN', '2026-03-02', '2026-03-17', 'EUR', 109.00, 0.00, 0.00, 109.00, '-', '2026-03-02 12:00:00', '2026-03-02 12:10:00'),
(104, 'R-2026-00104', NULL, 104, 'NACRT', '2026-03-03', '2026-03-18', 'EUR', 70.00, 0.00, 0.00, 70.00, '-', '2026-03-03 12:00:00', '2026-03-03 12:10:00'),
(105, 'R-2026-00105', NULL, 105, 'IZDAN', '2026-03-04', '2026-03-19', 'EUR', 50.00, 0.00, 0.00, 50.00, '-', '2026-03-04 12:00:00', '2026-03-04 12:10:00'),
(106, 'R-2026-00106', NULL, 106, 'PLACEN', '2026-03-05', '2026-03-20', 'EUR', 45.00, 0.00, 0.00, 45.00, '-', '2026-03-05 12:00:00', '2026-03-05 12:10:00'),
(107, 'R-2026-00107', NULL, 107, 'IZDAN', '2026-03-10', '2026-03-25', 'EUR', 80.00, 0.00, 0.00, 80.00, '-', '2026-03-10 12:00:00', '2026-03-10 12:10:00'),
(108, 'R-2026-00108', NULL, 108, 'IZDAN', '2026-03-11', '2026-03-26', 'EUR', 70.00, 0.00, 0.00, 70.00, '-', '2026-03-11 12:00:00', '2026-03-11 12:10:00'),
(109, 'R-2026-00109', NULL, 109, 'PLACEN', '2026-03-13', '2026-03-28', 'EUR', 66.50, 0.00, 0.00, 66.50, '-', '2026-03-13 12:00:00', '2026-03-13 12:10:00'),
(110, 'R-2026-00110', NULL, 110, 'PLACEN', '2026-03-18', '2026-04-02', 'EUR', 70.00, 0.00, 0.00, 70.00, '-', '2026-03-18 12:00:00', '2026-03-18 12:10:00'),
(111, 'R-2026-00111', NULL, 111, 'NACRT', '2026-03-19', '2026-04-03', 'EUR', 81.50, 0.00, 0.00, 81.50, '-', '2026-03-19 12:00:00', '2026-03-19 12:10:00'),
(112, 'R-2026-00112', NULL, 112, 'PLACEN', '2026-03-20', '2026-04-04', 'EUR', 65.00, 0.00, 0.00, 65.00, '-', '2026-03-20 12:00:00', '2026-03-20 12:10:00'),
(113, 'R-2026-00113', NULL, 113, 'IZDAN', '2026-03-23', '2026-04-07', 'EUR', 50.00, 0.00, 0.00, 50.00, '-', '2026-03-23 12:00:00', '2026-03-23 12:10:00'),
(114, 'R-2026-00114', NULL, 114, 'IZDAN', '2026-03-25', '2026-04-09', 'EUR', 70.00, 0.00, 0.00, 70.00, '-', '2026-03-25 12:00:00', '2026-03-25 12:10:00'),
(115, 'R-2026-00115', NULL, 115, 'PLACEN', '2026-03-30', '2026-04-14', 'EUR', 115.00, 0.00, 0.00, 115.00, '-', '2026-03-30 12:00:00', '2026-03-30 12:10:00'),
(116, 'R-2026-00116', NULL, 116, 'IZDAN', '2026-04-03', '2026-04-18', 'EUR', 50.00, 0.00, 0.00, 50.00, '-', '2026-04-03 12:00:00', '2026-04-03 12:10:00'),
(117, 'R-2026-00117', NULL, 117, 'PLACEN', '2026-04-06', '2026-04-21', 'EUR', 122.00, 0.00, 0.00, 122.00, '-', '2026-04-06 12:00:00', '2026-04-06 12:10:00'),
(118, 'R-2026-00118', NULL, 118, 'IZDAN', '2026-04-07', '2026-04-22', 'EUR', 65.00, 0.00, 0.00, 65.00, '-', '2026-04-07 12:00:00', '2026-04-07 12:10:00'),
(119, 'R-2026-00119', NULL, 119, 'PLACEN', '2026-04-14', '2026-04-29', 'EUR', 80.00, 0.00, 0.00, 80.00, '-', '2026-04-14 12:00:00', '2026-04-14 12:10:00'),
(120, 'R-2026-00120', NULL, 120, 'NACRT', '2026-04-15', '2026-04-30', 'EUR', 420.00, 0.00, 0.00, 420.00, '-', '2026-04-15 12:00:00', '2026-04-15 12:10:00'),
(121, 'R-2026-00121', NULL, 121, 'PLACEN', '2026-04-16', '2026-05-01', 'EUR', 58.50, 0.00, 0.00, 58.50, '-', '2026-04-16 12:00:00', '2026-04-16 12:10:00'),
(122, 'R-2026-00122', NULL, 122, 'PLACEN', '2026-04-22', '2026-05-07', 'EUR', 121.75, 0.00, 0.00, 121.75, '-', '2026-04-22 12:00:00', '2026-04-22 12:10:00'),
(123, 'R-2026-00123', NULL, 123, 'IZDAN', '2026-04-24', '2026-05-09', 'EUR', 50.00, 0.00, 0.00, 50.00, '-', '2026-04-24 12:00:00', '2026-04-24 12:10:00'),
(124, 'R-2026-00124', NULL, 124, 'IZDAN', '2026-04-27', '2026-05-12', 'EUR', 61.75, 0.00, 0.00, 61.75, '-', '2026-04-27 12:00:00', '2026-04-27 12:10:00'),
(125, 'R-2026-00125', NULL, 125, 'PLACEN', '2026-04-29', '2026-05-14', 'EUR', 15.00, 0.00, 0.00, 15.00, '-', '2026-04-29 12:00:00', '2026-04-29 12:10:00'),
(126, 'R-2026-00126', NULL, 126, 'PLACEN', '2026-05-01', '2026-05-16', 'EUR', 45.00, 0.00, 0.00, 45.00, '-', '2026-05-01 12:00:00', '2026-05-01 12:10:00'),
(127, 'R-2026-00127', NULL, 127, 'NACRT', '2026-05-04', '2026-05-19', 'EUR', 66.50, 0.00, 0.00, 66.50, '-', '2026-05-04 12:00:00', '2026-05-04 12:10:00'),
(128, 'R-2026-00128', NULL, 128, 'PLACEN', '2026-05-05', '2026-05-20', 'EUR', 55.00, 0.00, 0.00, 55.00, '-', '2026-05-05 12:00:00', '2026-05-05 12:10:00'),
(129, 'R-2026-00129', NULL, 129, 'PLACEN', '2026-05-07', '2026-05-22', 'EUR', 45.00, 0.00, 0.00, 45.00, '-', '2026-05-07 12:00:00', '2026-05-07 12:10:00'),
(130, 'R-2026-00130', NULL, 130, 'PLACEN', '2026-05-08', '2026-05-23', 'EUR', 95.00, 0.00, 0.00, 95.00, '-', '2026-05-08 12:00:00', '2026-05-08 12:10:00'),
(131, 'R-2026-00131', NULL, 131, 'NACRT', '2026-05-11', '2026-05-26', 'EUR', 45.00, 0.00, 0.00, 45.00, '-', '2026-05-11 12:00:00', '2026-05-11 12:10:00'),
(132, 'R-2026-00132', NULL, 132, 'PLACEN', '2026-02-04', '2026-02-19', 'EUR', 85.00, 0.00, 0.00, 85.00, '-', '2026-02-04 12:00:00', '2026-02-04 12:10:00'),
(133, 'R-2026-00133', NULL, 133, 'NACRT', '2026-02-06', '2026-02-21', 'EUR', 101.75, 0.00, 0.00, 101.75, '-', '2026-02-06 12:00:00', '2026-02-06 12:10:00'),
(134, 'R-2026-00134', NULL, 134, 'PLACEN', '2026-02-09', '2026-02-24', 'EUR', 117.00, 0.00, 0.00, 117.00, '-', '2026-02-09 12:00:00', '2026-02-09 12:10:00'),
(135, 'R-2026-00135', NULL, 135, 'PLACEN', '2026-02-10', '2026-02-25', 'EUR', 121.75, 0.00, 0.00, 121.75, '-', '2026-02-10 12:00:00', '2026-02-10 12:10:00'),
(136, 'R-2026-00136', NULL, 136, 'NACRT', '2026-02-12', '2026-02-27', 'EUR', 70.00, 0.00, 0.00, 70.00, '-', '2026-02-12 12:00:00', '2026-02-12 12:10:00'),
(137, 'R-2026-00137', NULL, 137, 'PLACEN', '2026-02-19', '2026-03-06', 'EUR', 137.50, 0.00, 0.00, 137.50, '-', '2026-02-19 12:00:00', '2026-02-19 12:10:00'),
(138, 'R-2026-00138', NULL, 138, 'PLACEN', '2026-02-20', '2026-03-07', 'EUR', 58.50, 0.00, 0.00, 58.50, '-', '2026-02-20 12:00:00', '2026-02-20 12:10:00'),
(139, 'R-2026-00139', NULL, 139, 'PLACEN', '2026-02-23', '2026-03-10', 'EUR', 45.00, 0.00, 0.00, 45.00, '-', '2026-02-23 12:00:00', '2026-02-23 12:10:00'),
(140, 'R-2026-00140', NULL, 140, 'PLACEN', '2026-02-24', '2026-03-11', 'EUR', 45.00, 0.00, 0.00, 45.00, '-', '2026-02-24 12:00:00', '2026-02-24 12:10:00'),
(141, 'R-2026-00141', NULL, 141, 'PLACEN', '2026-02-26', '2026-03-13', 'EUR', 45.00, 0.00, 0.00, 45.00, '-', '2026-02-26 12:00:00', '2026-02-26 12:10:00'),
(142, 'R-2026-00142', NULL, 142, 'PLACEN', '2026-02-27', '2026-03-14', 'EUR', 71.25, 0.00, 0.00, 71.25, '-', '2026-02-27 12:00:00', '2026-02-27 12:10:00'),
(143, 'R-2026-00143', NULL, 143, 'PLACEN', '2026-03-02', '2026-03-17', 'EUR', 65.00, 0.00, 0.00, 65.00, '-', '2026-03-02 12:00:00', '2026-03-02 12:10:00'),
(144, 'R-2026-00144', NULL, 144, 'PLACEN', '2026-03-03', '2026-03-18', 'EUR', 135.00, 0.00, 0.00, 135.00, '-', '2026-03-03 12:00:00', '2026-03-03 12:10:00'),
(145, 'R-2026-00145', NULL, 145, 'NACRT', '2026-03-06', '2026-03-21', 'EUR', 45.00, 0.00, 0.00, 45.00, '-', '2026-03-06 12:00:00', '2026-03-06 12:10:00'),
(146, 'R-2026-00146', NULL, 146, 'IZDAN', '2026-03-10', '2026-03-25', 'EUR', 60.00, 0.00, 0.00, 60.00, '-', '2026-03-10 12:00:00', '2026-03-10 12:10:00'),
(147, 'R-2026-00147', NULL, 147, 'PLACEN', '2026-03-11', '2026-03-26', 'EUR', 42.75, 0.00, 0.00, 42.75, '-', '2026-03-11 12:00:00', '2026-03-11 12:10:00'),
(148, 'R-2026-00148', NULL, 148, 'PLACEN', '2026-03-12', '2026-03-27', 'EUR', 71.25, 0.00, 0.00, 71.25, '-', '2026-03-12 12:00:00', '2026-03-12 12:10:00'),
(149, 'R-2026-00149', NULL, 149, 'PLACEN', '2026-03-16', '2026-03-31', 'EUR', 45.00, 0.00, 0.00, 45.00, '-', '2026-03-16 12:00:00', '2026-03-16 12:10:00'),
(150, 'R-2026-00150', NULL, 150, 'PLACEN', '2026-03-20', '2026-04-04', 'EUR', 65.00, 0.00, 0.00, 65.00, '-', '2026-03-20 12:00:00', '2026-03-20 12:10:00'),
(151, 'R-2026-00151', NULL, 151, 'NACRT', '2026-03-23', '2026-04-07', 'EUR', 65.00, 0.00, 0.00, 65.00, '-', '2026-03-23 12:00:00', '2026-03-23 12:10:00'),
(152, 'R-2026-00152', NULL, 152, 'NACRT', '2026-03-24', '2026-04-08', 'EUR', 95.00, 0.00, 0.00, 95.00, '-', '2026-03-24 12:00:00', '2026-03-24 12:10:00'),
(153, 'R-2026-00153', NULL, 153, 'NACRT', '2026-03-25', '2026-04-09', 'EUR', 55.00, 0.00, 0.00, 55.00, '-', '2026-03-25 12:00:00', '2026-03-25 12:10:00'),
(154, 'R-2026-00154', NULL, 154, 'PLACEN', '2026-03-26', '2026-04-10', 'EUR', 45.00, 0.00, 0.00, 45.00, '-', '2026-03-26 12:00:00', '2026-03-26 12:10:00'),
(155, 'R-2026-00155', NULL, 155, 'PLACEN', '2026-03-30', '2026-04-14', 'EUR', 45.00, 0.00, 0.00, 45.00, '-', '2026-03-30 12:00:00', '2026-03-30 12:10:00'),
(156, 'R-2026-00156', NULL, 156, 'NACRT', '2026-04-01', '2026-04-16', 'EUR', 15.00, 0.00, 0.00, 15.00, '-', '2026-04-01 12:00:00', '2026-04-01 12:10:00'),
(157, 'R-2026-00157', NULL, 157, 'IZDAN', '2026-04-03', '2026-04-18', 'EUR', 25.00, 0.00, 0.00, 25.00, '-', '2026-04-03 12:00:00', '2026-04-03 12:10:00'),
(158, 'R-2026-00158', NULL, 158, 'PLACEN', '2026-04-06', '2026-04-21', 'EUR', 146.00, 0.00, 0.00, 146.00, '-', '2026-04-06 12:00:00', '2026-04-06 12:10:00'),
(159, 'R-2026-00159', NULL, 159, 'NACRT', '2026-04-07', '2026-04-22', 'EUR', 95.50, 0.00, 0.00, 95.50, '-', '2026-04-07 12:00:00', '2026-04-07 12:10:00'),
(160, 'R-2026-00160', NULL, 160, 'PLACEN', '2026-04-08', '2026-04-23', 'EUR', 65.00, 0.00, 0.00, 65.00, '-', '2026-04-08 12:00:00', '2026-04-08 12:10:00'),
(161, 'R-2026-00161', NULL, 161, 'IZDAN', '2026-04-09', '2026-04-24', 'EUR', 80.75, 0.00, 0.00, 80.75, '-', '2026-04-09 12:00:00', '2026-04-09 12:10:00'),
(162, 'R-2026-00162', NULL, 162, 'PLACEN', '2026-04-16', '2026-05-01', 'EUR', 50.00, 0.00, 0.00, 50.00, '-', '2026-04-16 12:00:00', '2026-04-16 12:10:00'),
(163, 'R-2026-00163', NULL, 163, 'PLACEN', '2026-04-21', '2026-05-06', 'EUR', 120.00, 0.00, 0.00, 120.00, '-', '2026-04-21 12:00:00', '2026-04-21 12:10:00'),
(164, 'R-2026-00164', NULL, 164, 'PLACEN', '2026-04-22', '2026-05-07', 'EUR', 55.00, 0.00, 0.00, 55.00, '-', '2026-04-22 12:00:00', '2026-04-22 12:10:00'),
(165, 'R-2026-00165', NULL, 165, 'PLACEN', '2026-04-23', '2026-05-08', 'EUR', 45.00, 0.00, 0.00, 45.00, '-', '2026-04-23 12:00:00', '2026-04-23 12:10:00'),
(166, 'R-2026-00166', NULL, 166, 'PLACEN', '2026-04-24', '2026-05-09', 'EUR', 75.00, 0.00, 0.00, 75.00, '-', '2026-04-24 12:00:00', '2026-04-24 12:10:00'),
(167, 'R-2026-00167', NULL, 167, 'PLACEN', '2026-04-27', '2026-05-12', 'EUR', 60.00, 0.00, 0.00, 60.00, '-', '2026-04-27 12:00:00', '2026-04-27 12:10:00'),
(168, 'R-2026-00168', NULL, 168, 'PLACEN', '2026-04-28', '2026-05-13', 'EUR', 42.75, 0.00, 0.00, 42.75, '-', '2026-04-28 12:00:00', '2026-04-28 12:10:00'),
(169, 'R-2026-00169', NULL, 169, 'IZDAN', '2026-04-29', '2026-05-14', 'EUR', 70.00, 0.00, 0.00, 70.00, '-', '2026-04-29 12:00:00', '2026-04-29 12:10:00'),
(170, 'R-2026-00170', NULL, 170, 'PLACEN', '2026-04-30', '2026-05-15', 'EUR', 45.00, 0.00, 0.00, 45.00, '-', '2026-04-30 12:00:00', '2026-04-30 12:10:00'),
(171, 'R-2026-00171', NULL, 171, 'IZDAN', '2026-05-04', '2026-05-19', 'EUR', 45.00, 0.00, 0.00, 45.00, '-', '2026-05-04 12:00:00', '2026-05-04 12:10:00'),
(172, 'R-2026-00172', NULL, 172, 'IZDAN', '2026-05-08', '2026-05-23', 'EUR', 156.25, 0.00, 0.00, 156.25, '-', '2026-05-08 12:00:00', '2026-05-08 12:10:00'),
(173, 'R-2026-00173', NULL, 173, 'PLACEN', '2026-05-11', '2026-05-26', 'EUR', 65.00, 0.00, 0.00, 65.00, '-', '2026-05-11 12:00:00', '2026-05-11 12:10:00'),
(174, 'R-2026-00174', NULL, 174, 'NACRT', '2026-02-04', '2026-02-19', 'EUR', 70.00, 0.00, 0.00, 70.00, '-', '2026-02-04 12:00:00', '2026-02-04 12:10:00'),
(175, 'R-2026-00175', NULL, 175, 'NACRT', '2026-02-06', '2026-02-21', 'EUR', 67.50, 0.00, 0.00, 67.50, '-', '2026-02-06 12:00:00', '2026-02-06 12:10:00'),
(176, 'R-2026-00176', NULL, 176, 'PLACEN', '2026-02-10', '2026-02-25', 'EUR', 61.75, 0.00, 0.00, 61.75, '-', '2026-02-10 12:00:00', '2026-02-10 12:10:00'),
(177, 'R-2026-00177', NULL, 177, 'IZDAN', '2026-02-11', '2026-02-26', 'EUR', 50.00, 0.00, 0.00, 50.00, '-', '2026-02-11 12:00:00', '2026-02-11 12:10:00'),
(178, 'R-2026-00178', NULL, 178, 'PLACEN', '2026-02-16', '2026-03-03', 'EUR', 60.00, 0.00, 0.00, 60.00, '-', '2026-02-16 12:00:00', '2026-02-16 12:10:00'),
(179, 'R-2026-00179', NULL, 179, 'PLACEN', '2026-02-17', '2026-03-04', 'EUR', 71.25, 0.00, 0.00, 71.25, '-', '2026-02-17 12:00:00', '2026-02-17 12:10:00'),
(180, 'R-2026-00180', NULL, 180, 'PLACEN', '2026-02-18', '2026-03-05', 'EUR', 70.00, 0.00, 0.00, 70.00, '-', '2026-02-18 12:00:00', '2026-02-18 12:10:00'),
(181, 'R-2026-00181', NULL, 181, 'PLACEN', '2026-02-20', '2026-03-07', 'EUR', 130.00, 0.00, 0.00, 130.00, '-', '2026-02-20 12:00:00', '2026-02-20 12:10:00'),
(182, 'R-2026-00182', NULL, 182, 'NACRT', '2026-02-25', '2026-03-12', 'EUR', 152.00, 0.00, 0.00, 152.00, '-', '2026-02-25 12:00:00', '2026-02-25 12:10:00'),
(183, 'R-2026-00183', NULL, 183, 'IZDAN', '2026-02-26', '2026-03-13', 'EUR', 65.00, 0.00, 0.00, 65.00, '-', '2026-02-26 12:00:00', '2026-02-26 12:10:00'),
(184, 'R-2026-00184', NULL, 184, 'PLACEN', '2026-02-27', '2026-03-14', 'EUR', 65.00, 0.00, 0.00, 65.00, '-', '2026-02-27 12:00:00', '2026-02-27 12:10:00'),
(185, 'R-2026-00185', NULL, 185, 'PLACEN', '2026-03-02', '2026-03-17', 'EUR', 49.50, 0.00, 0.00, 49.50, '-', '2026-03-02 12:00:00', '2026-03-02 12:10:00');

-- stavka_racuna: 232 redaka
INSERT INTO stavka_racuna (id, id_racun, id_pregled_usluga, id_usluga, opis, kolicina, jedinicna_cijena, stopa_popusta, stopa_poreza, iznos_bez_poreza, iznos_poreza, ukupan_iznos, vrijeme_kreiranja, vrijeme_azuriranja) VALUES
(1, 1, 1, NULL, 'Kontrolni gastroenteroloski pregled', 1.00, 60.00, 10.00, 0.00, 54.00, 0.00, 54.00, '2026-02-03 12:00:00', '2026-02-03 12:05:00'),
(2, 2, 2, NULL, 'Tumacenje PSA nalaza', 1.00, 65.00, 0.00, 0.00, 65.00, 0.00, 65.00, '2026-02-04 12:00:00', '2026-02-04 12:05:00'),
(3, 3, 3, NULL, 'Prvi kardioloski pregled', 1.00, 50.00, 10.00, 0.00, 45.00, 0.00, 45.00, '2026-02-09 12:00:00', '2026-02-09 12:05:00'),
(4, 3, 4, NULL, 'Holter krvnog tlaka', 1.00, 45.00, 5.00, 0.00, 42.75, 0.00, 42.75, '2026-02-09 12:00:00', '2026-02-09 12:05:00'),
(5, 4, 5, NULL, 'Prvi neuroloski pregled', 1.00, 70.00, 10.00, 0.00, 63.00, 0.00, 63.00, '2026-02-10 12:00:00', '2026-02-10 12:05:00'),
(6, 5, 6, NULL, 'Patohistoloska analiza biopsije', 1.00, 60.00, 0.00, 0.00, 60.00, 0.00, 60.00, '2026-02-11 12:00:00', '2026-02-11 12:05:00'),
(7, 6, 7, NULL, 'Procjena bubrezne funkcije', 1.00, 80.00, 0.00, 0.00, 80.00, 0.00, 80.00, '2026-02-12 12:00:00', '2026-02-12 12:05:00'),
(8, 7, 8, NULL, 'Prvi uroloski pregled', 1.00, 70.00, 5.00, 0.00, 66.50, 0.00, 66.50, '2026-02-13 12:00:00', '2026-02-13 12:05:00'),
(9, 8, 9, NULL, 'Ispiranje uha', 1.00, 60.00, 10.00, 0.00, 54.00, 0.00, 54.00, '2026-02-16 12:00:00', '2026-02-16 12:05:00'),
(10, 9, 10, NULL, 'Prvi kardioloski pregled', 1.00, 50.00, 5.00, 0.00, 47.50, 0.00, 47.50, '2026-02-18 12:00:00', '2026-02-18 12:05:00'),
(11, 9, 11, NULL, 'EKG', 1.00, 15.00, 0.00, 0.00, 15.00, 0.00, 15.00, '2026-02-18 12:00:00', '2026-02-18 12:05:00'),
(12, 10, 12, NULL, 'Prosireni sistematski pregled', 1.00, 160.00, 0.00, 0.00, 160.00, 0.00, 160.00, '2026-02-20 12:00:00', '2026-02-20 12:05:00'),
(13, 11, 13, NULL, 'Odredjivanje dioptrije', 1.00, 65.00, 0.00, 0.00, 65.00, 0.00, 65.00, '2026-02-23 12:00:00', '2026-02-23 12:05:00'),
(14, 12, 14, NULL, 'Kontrolni psihijatrijski pregled', 1.00, 65.00, 0.00, 0.00, 65.00, 0.00, 65.00, '2026-02-24 12:00:00', '2026-02-24 12:05:00'),
(15, 13, 15, NULL, 'Procjena anemije', 1.00, 45.00, 0.00, 0.00, 45.00, 0.00, 45.00, '2026-02-25 12:00:00', '2026-02-25 12:05:00'),
(16, 14, 16, NULL, 'Ultrazvuk dojki', 1.00, 75.00, 10.00, 0.00, 67.50, 0.00, 67.50, '2026-02-26 12:00:00', '2026-02-26 12:05:00'),
(17, 15, 17, NULL, 'Bronhodilatacijski test', 1.00, 50.00, 5.00, 0.00, 47.50, 0.00, 47.50, '2026-03-02 12:00:00', '2026-03-02 12:05:00'),
(18, 15, 18, NULL, 'Obrada astme', 1.00, 55.00, 10.00, 0.00, 49.50, 0.00, 49.50, '2026-03-02 12:00:00', '2026-03-02 12:05:00'),
(19, 16, 19, NULL, 'Jednostrana mamografija', 1.00, 65.00, 0.00, 0.00, 65.00, 0.00, 65.00, '2026-03-03 12:00:00', '2026-03-03 12:05:00'),
(20, 17, 20, NULL, 'Uzimanje cervikalnih briseva', 1.00, 40.00, 0.00, 0.00, 40.00, 0.00, 40.00, '2026-03-05 12:00:00', '2026-03-05 12:05:00'),
(21, 18, 21, NULL, 'Kontrolni oftalmoloski pregled', 1.00, 50.00, 10.00, 0.00, 45.00, 0.00, 45.00, '2026-03-06 12:00:00', '2026-03-06 12:05:00'),
(22, 18, 22, NULL, 'Prvi oftalmoloski pregled', 1.00, 55.00, 0.00, 0.00, 55.00, 0.00, 55.00, '2026-03-06 12:00:00', '2026-03-06 12:05:00'),
(23, 19, 23, NULL, 'Prvi reumatoloski pregled', 1.00, 35.00, 0.00, 0.00, 35.00, 0.00, 35.00, '2026-03-10 12:00:00', '2026-03-10 12:05:00'),
(24, 20, 24, NULL, 'Kontrolni internisticki pregled', 1.00, 40.00, 0.00, 0.00, 40.00, 0.00, 40.00, '2026-03-11 12:00:00', '2026-03-11 12:05:00'),
(25, 20, 25, NULL, 'Prvi internisticki pregled', 1.00, 40.00, 0.00, 0.00, 40.00, 0.00, 40.00, '2026-03-11 12:00:00', '2026-03-11 12:05:00'),
(26, 21, 26, NULL, 'Tumacenje krvne slike', 1.00, 80.00, 0.00, 0.00, 80.00, 0.00, 80.00, '2026-03-12 12:00:00', '2026-03-12 12:05:00'),
(27, 22, 27, NULL, 'Kineziterapija', 1.00, 40.00, 0.00, 0.00, 40.00, 0.00, 40.00, '2026-03-13 12:00:00', '2026-03-13 12:05:00'),
(28, 23, 28, NULL, 'Kontrolni kardioloski pregled', 1.00, 45.00, 5.00, 0.00, 42.75, 0.00, 42.75, '2026-03-16 12:00:00', '2026-03-16 12:05:00'),
(29, 24, 29, NULL, 'Prvi psihijatrijski pregled', 1.00, 65.00, 10.00, 0.00, 58.50, 0.00, 58.50, '2026-03-17 12:00:00', '2026-03-17 12:05:00'),
(30, 25, 30, NULL, 'Mamografija obje dojke', 1.00, 65.00, 0.00, 0.00, 65.00, 0.00, 65.00, '2026-03-19 12:00:00', '2026-03-19 12:05:00'),
(31, 26, 31, NULL, 'Kontrolno nutricionisticko savjetovanje', 1.00, 50.00, 5.00, 0.00, 47.50, 0.00, 47.50, '2026-03-23 12:00:00', '2026-03-23 12:05:00'),
(32, 27, 32, NULL, 'Prvi neuroloski pregled', 1.00, 70.00, 0.00, 0.00, 70.00, 0.00, 70.00, '2026-03-24 12:00:00', '2026-03-24 12:05:00'),
(33, 27, 33, NULL, 'Kontrolni neuroloski pregled', 1.00, 65.00, 5.00, 0.00, 61.75, 0.00, 61.75, '2026-03-24 12:00:00', '2026-03-24 12:05:00'),
(34, 28, 34, NULL, 'Predanestezioloska procjena', 1.00, 85.00, 10.00, 0.00, 76.50, 0.00, 76.50, '2026-03-27 12:00:00', '2026-03-27 12:05:00'),
(35, 29, 35, NULL, 'Ginekoloski ultrazvuk', 1.00, 50.00, 0.00, 0.00, 50.00, 0.00, 50.00, '2026-03-30 12:00:00', '2026-03-30 12:05:00'),
(36, 29, 36, NULL, 'Uzimanje cervikalnih briseva', 1.00, 40.00, 0.00, 0.00, 40.00, 0.00, 40.00, '2026-03-30 12:00:00', '2026-03-30 12:05:00'),
(37, 30, 37, NULL, 'Prvi ortopedski pregled', 1.00, 70.00, 0.00, 0.00, 70.00, 0.00, 70.00, '2026-03-31 12:00:00', '2026-03-31 12:05:00'),
(38, 31, 38, NULL, 'Ocitanje mamografskog nalaza', 1.00, 70.00, 10.00, 0.00, 63.00, 0.00, 63.00, '2026-04-02 12:00:00', '2026-04-02 12:05:00'),
(39, 32, 39, NULL, 'Kontrolni reumatoloski pregled', 1.00, 50.00, 5.00, 0.00, 47.50, 0.00, 47.50, '2026-04-08 12:00:00', '2026-04-08 12:05:00'),
(40, 32, 40, NULL, 'Obrada bolova u zglobovima', 1.00, 35.00, 0.00, 0.00, 35.00, 0.00, 35.00, '2026-04-08 12:00:00', '2026-04-08 12:05:00'),
(41, 33, 41, NULL, 'Menadzerski sistematski pregled', 1.00, 260.00, 0.00, 0.00, 260.00, 0.00, 260.00, '2026-04-10 12:00:00', '2026-04-10 12:05:00'),
(42, 33, 42, NULL, 'Osnovni sistematski pregled', 1.00, 105.00, 0.00, 0.00, 105.00, 0.00, 105.00, '2026-04-10 12:00:00', '2026-04-10 12:05:00'),
(43, 34, 43, NULL, 'Prvi pedijatrijski pregled', 1.00, 55.00, 10.00, 0.00, 49.50, 0.00, 49.50, '2026-04-13 12:00:00', '2026-04-13 12:05:00'),
(44, 34, 44, NULL, 'Kontrolni pedijatrijski pregled', 1.00, 50.00, 0.00, 0.00, 50.00, 0.00, 50.00, '2026-04-13 12:00:00', '2026-04-13 12:05:00'),
(45, 35, 45, NULL, 'Analiza urina', 1.00, 25.00, 5.00, 0.00, 23.75, 0.00, 23.75, '2026-04-15 12:00:00', '2026-04-15 12:05:00'),
(46, 36, 46, NULL, 'Ginekoloski ultrazvuk', 1.00, 50.00, 5.00, 0.00, 47.50, 0.00, 47.50, '2026-04-16 12:00:00', '2026-04-16 12:05:00'),
(47, 37, 47, NULL, 'Anestezioloski pregled', 1.00, 75.00, 0.00, 0.00, 75.00, 0.00, 75.00, '2026-04-17 12:00:00', '2026-04-17 12:05:00'),
(48, 38, 48, NULL, 'Uklanjanje lipoma', 1.00, 65.00, 5.00, 0.00, 61.75, 0.00, 61.75, '2026-04-21 12:00:00', '2026-04-21 12:05:00'),
(49, 38, 49, NULL, 'Uklanjanje ateroma', 1.00, 65.00, 5.00, 0.00, 61.75, 0.00, 61.75, '2026-04-21 12:00:00', '2026-04-21 12:05:00'),
(50, 39, 50, NULL, 'Audiometrija', 1.00, 55.00, 0.00, 0.00, 55.00, 0.00, 55.00, '2026-04-22 12:00:00', '2026-04-22 12:05:00'),
(51, 40, 51, NULL, 'Kontrolni pedijatrijski pregled', 1.00, 50.00, 0.00, 0.00, 50.00, 0.00, 50.00, '2026-04-23 12:00:00', '2026-04-23 12:05:00'),
(52, 41, 52, NULL, 'Tumacenje krvne slike', 1.00, 80.00, 5.00, 0.00, 76.00, 0.00, 76.00, '2026-04-24 12:00:00', '2026-04-24 12:05:00'),
(53, 42, 53, NULL, 'Analiza urina', 1.00, 25.00, 5.00, 0.00, 23.75, 0.00, 23.75, '2026-04-28 12:00:00', '2026-04-28 12:05:00'),
(54, 42, 54, NULL, 'CRP', 1.00, 15.00, 0.00, 0.00, 15.00, 0.00, 15.00, '2026-04-28 12:00:00', '2026-04-28 12:05:00'),
(55, 43, 55, NULL, 'Procjena anemije', 1.00, 45.00, 5.00, 0.00, 42.75, 0.00, 42.75, '2026-04-30 12:00:00', '2026-04-30 12:05:00'),
(56, 43, 56, NULL, 'Predoperativna internisticka obrada', 1.00, 50.00, 0.00, 0.00, 50.00, 0.00, 50.00, '2026-04-30 12:00:00', '2026-04-30 12:05:00'),
(57, 44, 57, NULL, 'Bronhodilatacijski test', 1.00, 50.00, 10.00, 0.00, 45.00, 0.00, 45.00, '2026-05-01 12:00:00', '2026-05-01 12:05:00'),
(58, 45, 58, NULL, 'Kontrolni endokrinoloski pregled', 1.00, 70.00, 0.00, 0.00, 70.00, 0.00, 70.00, '2026-05-04 12:00:00', '2026-05-04 12:05:00'),
(59, 46, 59, NULL, 'Pregled za vozace', 1.00, 50.00, 0.00, 0.00, 50.00, 0.00, 50.00, '2026-05-05 12:00:00', '2026-05-05 12:05:00'),
(60, 47, 60, NULL, 'Izrada plana prehrane', 1.00, 60.00, 10.00, 0.00, 54.00, 0.00, 54.00, '2026-05-07 12:00:00', '2026-05-07 12:05:00'),
(61, 48, 61, NULL, 'Prvo nutricionisticko savjetovanje', 1.00, 65.00, 10.00, 0.00, 58.50, 0.00, 58.50, '2026-02-03 12:00:00', '2026-02-03 12:05:00'),
(62, 48, 62, NULL, 'Kontrolno nutricionisticko savjetovanje', 1.00, 50.00, 0.00, 0.00, 50.00, 0.00, 50.00, '2026-02-03 12:00:00', '2026-02-03 12:05:00'),
(63, 49, 63, NULL, 'Prvi reumatoloski pregled', 1.00, 35.00, 0.00, 0.00, 35.00, 0.00, 35.00, '2026-02-04 12:00:00', '2026-02-04 12:05:00'),
(64, 50, 64, NULL, 'Prvi pulmoloski pregled', 1.00, 50.00, 0.00, 0.00, 50.00, 0.00, 50.00, '2026-02-05 12:00:00', '2026-02-05 12:05:00'),
(65, 50, 65, NULL, 'Obrada astme', 1.00, 55.00, 0.00, 0.00, 55.00, 0.00, 55.00, '2026-02-05 12:00:00', '2026-02-05 12:05:00'),
(66, 51, 66, NULL, 'Osnovni sistematski pregled', 1.00, 105.00, 5.00, 0.00, 99.75, 0.00, 99.75, '2026-02-06 12:00:00', '2026-02-06 12:05:00'),
(67, 52, 67, NULL, 'Prvi internisticki pregled', 1.00, 40.00, 10.00, 0.00, 36.00, 0.00, 36.00, '2026-02-09 12:00:00', '2026-02-09 12:05:00'),
(68, 53, 68, NULL, 'Kontrolno nutricionisticko savjetovanje', 1.00, 50.00, 0.00, 0.00, 50.00, 0.00, 50.00, '2026-02-10 12:00:00', '2026-02-10 12:05:00'),
(69, 54, 69, NULL, 'Ultrazvuk abdomena', 1.00, 70.00, 10.00, 0.00, 63.00, 0.00, 63.00, '2026-02-12 12:00:00', '2026-02-12 12:05:00'),
(70, 55, 70, NULL, 'Mamografija obje dojke', 1.00, 65.00, 0.00, 0.00, 65.00, 0.00, 65.00, '2026-02-13 12:00:00', '2026-02-13 12:05:00'),
(71, 56, 71, NULL, 'Prvi pedijatrijski pregled', 1.00, 55.00, 0.00, 0.00, 55.00, 0.00, 55.00, '2026-02-17 12:00:00', '2026-02-17 12:05:00'),
(72, 57, 72, NULL, 'Uklanjanje lipoma', 1.00, 65.00, 10.00, 0.00, 58.50, 0.00, 58.50, '2026-02-18 12:00:00', '2026-02-18 12:05:00'),
(73, 57, 73, NULL, 'Uklanjanje madeza', 1.00, 70.00, 0.00, 0.00, 70.00, 0.00, 70.00, '2026-02-18 12:00:00', '2026-02-18 12:05:00'),
(74, 58, 74, NULL, 'Kontrolni ginekoloski pregled', 1.00, 50.00, 0.00, 0.00, 50.00, 0.00, 50.00, '2026-02-19 12:00:00', '2026-02-19 12:05:00'),
(75, 58, 75, NULL, 'Prvi ginekoloski pregled', 1.00, 40.00, 5.00, 0.00, 38.00, 0.00, 38.00, '2026-02-19 12:00:00', '2026-02-19 12:05:00'),
(76, 59, 76, NULL, 'Kontrolni ortopedski pregled', 1.00, 70.00, 10.00, 0.00, 63.00, 0.00, 63.00, '2026-02-23 12:00:00', '2026-02-23 12:05:00'),
(77, 60, 77, NULL, 'Psihijatrijska procjena', 1.00, 65.00, 0.00, 0.00, 65.00, 0.00, 65.00, '2026-02-25 12:00:00', '2026-02-25 12:05:00'),
(78, 61, 78, NULL, 'Prvo nutricionisticko savjetovanje', 1.00, 65.00, 0.00, 0.00, 65.00, 0.00, 65.00, '2026-02-26 12:00:00', '2026-02-26 12:05:00'),
(79, 62, 79, NULL, 'Obrada bolesti stitnjace', 1.00, 65.00, 0.00, 0.00, 65.00, 0.00, 65.00, '2026-02-27 12:00:00', '2026-02-27 12:05:00'),
(80, 63, 80, NULL, 'Anestezioloski pregled', 1.00, 75.00, 0.00, 0.00, 75.00, 0.00, 75.00, '2026-03-06 12:00:00', '2026-03-06 12:05:00'),
(81, 64, 81, NULL, 'Prvi kirurski pregled', 1.00, 60.00, 5.00, 0.00, 57.00, 0.00, 57.00, '2026-03-09 12:00:00', '2026-03-09 12:05:00'),
(82, 65, 82, NULL, 'Krioterapija kozne promjene', 1.00, 60.00, 5.00, 0.00, 57.00, 0.00, 57.00, '2026-03-10 12:00:00', '2026-03-10 12:05:00'),
(83, 66, 83, NULL, 'Prvo nutricionisticko savjetovanje', 1.00, 65.00, 5.00, 0.00, 61.75, 0.00, 61.75, '2026-03-13 12:00:00', '2026-03-13 12:05:00'),
(84, 66, 84, NULL, 'Kontrolno nutricionisticko savjetovanje', 1.00, 50.00, 10.00, 0.00, 45.00, 0.00, 45.00, '2026-03-13 12:00:00', '2026-03-13 12:05:00'),
(85, 67, 85, NULL, 'Kontrolni ginekoloski pregled', 1.00, 50.00, 0.00, 0.00, 50.00, 0.00, 50.00, '2026-03-17 12:00:00', '2026-03-17 12:05:00'),
(86, 68, 86, NULL, 'Procjena funkcionalnog statusa', 1.00, 80.00, 10.00, 0.00, 72.00, 0.00, 72.00, '2026-03-20 12:00:00', '2026-03-20 12:05:00'),
(87, 69, 87, NULL, 'Ocitanje radioloskog nalaza', 1.00, 45.00, 0.00, 0.00, 45.00, 0.00, 45.00, '2026-03-27 12:00:00', '2026-03-27 12:05:00'),
(88, 69, 88, NULL, 'RTG snimanje', 1.00, 45.00, 0.00, 0.00, 45.00, 0.00, 45.00, '2026-03-27 12:00:00', '2026-03-27 12:05:00'),
(89, 70, 89, NULL, 'Ocitanje mamografskog nalaza', 1.00, 70.00, 0.00, 0.00, 70.00, 0.00, 70.00, '2026-03-30 12:00:00', '2026-03-30 12:05:00'),
(90, 71, 90, NULL, 'Prvi hematoloski pregled', 1.00, 70.00, 0.00, 0.00, 70.00, 0.00, 70.00, '2026-03-31 12:00:00', '2026-03-31 12:05:00'),
(91, 71, 91, NULL, 'Obrada anemije', 1.00, 80.00, 0.00, 0.00, 80.00, 0.00, 80.00, '2026-03-31 12:00:00', '2026-03-31 12:05:00'),
(92, 72, 92, NULL, 'Kontrolni endokrinoloski pregled', 1.00, 70.00, 0.00, 0.00, 70.00, 0.00, 70.00, '2026-04-01 12:00:00', '2026-04-01 12:05:00'),
(93, 73, 93, NULL, 'Procjena anemije', 1.00, 45.00, 5.00, 0.00, 42.75, 0.00, 42.75, '2026-04-03 12:00:00', '2026-04-03 12:05:00'),
(94, 74, 94, NULL, 'Predanestezioloska procjena', 1.00, 85.00, 5.00, 0.00, 80.75, 0.00, 80.75, '2026-04-06 12:00:00', '2026-04-06 12:05:00'),
(95, 75, 95, NULL, 'Kontrolni neuroloski pregled', 1.00, 65.00, 0.00, 0.00, 65.00, 0.00, 65.00, '2026-04-07 12:00:00', '2026-04-07 12:05:00'),
(96, 76, 96, NULL, 'Kontrolni neuroloski pregled', 1.00, 65.00, 5.00, 0.00, 61.75, 0.00, 61.75, '2026-04-08 12:00:00', '2026-04-08 12:05:00'),
(97, 77, 97, NULL, 'Kontrolni kardioloski pregled', 1.00, 45.00, 5.00, 0.00, 42.75, 0.00, 42.75, '2026-04-09 12:00:00', '2026-04-09 12:05:00'),
(98, 78, 98, NULL, 'Periodicki pregled radnika', 1.00, 50.00, 5.00, 0.00, 47.50, 0.00, 47.50, '2026-04-10 12:00:00', '2026-04-10 12:05:00'),
(99, 79, 99, NULL, 'Vadjenje savova', 1.00, 70.00, 0.00, 0.00, 70.00, 0.00, 70.00, '2026-04-13 12:00:00', '2026-04-13 12:05:00'),
(100, 80, 100, NULL, 'Dermatoskopija madeza', 1.00, 60.00, 0.00, 0.00, 60.00, 0.00, 60.00, '2026-04-14 12:00:00', '2026-04-14 12:05:00'),
(101, 80, 101, NULL, 'Kontrolni dermatoloski pregled', 1.00, 50.00, 0.00, 0.00, 50.00, 0.00, 50.00, '2026-04-14 12:00:00', '2026-04-14 12:05:00'),
(102, 81, 102, NULL, 'Savjetovanje o terapiji', 1.00, 70.00, 0.00, 0.00, 70.00, 0.00, 70.00, '2026-04-16 12:00:00', '2026-04-16 12:05:00'),
(103, 82, 103, NULL, 'Predoperativna internisticka obrada', 1.00, 50.00, 10.00, 0.00, 45.00, 0.00, 45.00, '2026-04-17 12:00:00', '2026-04-17 12:05:00'),
(104, 83, 104, NULL, 'Kineziterapija', 1.00, 40.00, 10.00, 0.00, 36.00, 0.00, 36.00, '2026-04-23 12:00:00', '2026-04-23 12:05:00'),
(105, 84, 105, NULL, 'Kompletna krvna slika', 1.00, 40.00, 0.00, 0.00, 40.00, 0.00, 40.00, '2026-04-28 12:00:00', '2026-04-28 12:05:00'),
(106, 85, 106, NULL, 'Citoloska analiza uzorka', 1.00, 55.00, 5.00, 0.00, 52.25, 0.00, 52.25, '2026-05-04 12:00:00', '2026-05-04 12:05:00'),
(107, 86, 107, NULL, 'Kontrolni pedijatrijski pregled', 1.00, 50.00, 10.00, 0.00, 45.00, 0.00, 45.00, '2026-05-05 12:00:00', '2026-05-05 12:05:00'),
(108, 87, 108, NULL, 'Citoloska analiza uzorka', 1.00, 55.00, 0.00, 0.00, 55.00, 0.00, 55.00, '2026-05-06 12:00:00', '2026-05-06 12:05:00'),
(109, 87, 109, NULL, 'Analiza PAPA testa', 1.00, 50.00, 0.00, 0.00, 50.00, 0.00, 50.00, '2026-05-06 12:00:00', '2026-05-06 12:05:00'),
(110, 88, 110, NULL, 'Prvo nutricionisticko savjetovanje', 1.00, 65.00, 0.00, 0.00, 65.00, 0.00, 65.00, '2026-05-07 12:00:00', '2026-05-07 12:05:00'),
(111, 89, 111, NULL, 'Kontrolni kirurski pregled', 1.00, 65.00, 5.00, 0.00, 61.75, 0.00, 61.75, '2026-02-03 12:00:00', '2026-02-03 12:05:00'),
(112, 90, 112, NULL, 'Prvi psihijatrijski pregled', 1.00, 65.00, 5.00, 0.00, 61.75, 0.00, 61.75, '2026-02-04 12:00:00', '2026-02-04 12:05:00'),
(113, 91, 113, NULL, 'Prvi hematoloski pregled', 1.00, 70.00, 5.00, 0.00, 66.50, 0.00, 66.50, '2026-02-05 12:00:00', '2026-02-05 12:05:00'),
(114, 92, 114, NULL, 'Elektroterapija', 1.00, 35.00, 10.00, 0.00, 31.50, 0.00, 31.50, '2026-02-06 12:00:00', '2026-02-06 12:05:00'),
(115, 92, 115, NULL, 'Individualna fizikalna terapija', 1.00, 35.00, 0.00, 0.00, 35.00, 0.00, 35.00, '2026-02-06 12:00:00', '2026-02-06 12:05:00'),
(116, 93, 116, NULL, 'Prvi dermatoloski pregled', 1.00, 55.00, 10.00, 0.00, 49.50, 0.00, 49.50, '2026-02-16 12:00:00', '2026-02-16 12:05:00'),
(117, 94, 117, NULL, 'Obrada bolova u zglobovima', 1.00, 35.00, 0.00, 0.00, 35.00, 0.00, 35.00, '2026-02-17 12:00:00', '2026-02-17 12:05:00'),
(118, 94, 118, NULL, 'Tumacenje imunoloskih nalaza', 1.00, 50.00, 5.00, 0.00, 47.50, 0.00, 47.50, '2026-02-17 12:00:00', '2026-02-17 12:05:00'),
(119, 95, 119, NULL, 'Predanestezioloska procjena', 1.00, 85.00, 0.00, 0.00, 85.00, 0.00, 85.00, '2026-02-18 12:00:00', '2026-02-18 12:05:00'),
(120, 96, 120, NULL, 'Infiltracija zgloba', 1.00, 80.00, 0.00, 0.00, 80.00, 0.00, 80.00, '2026-02-19 12:00:00', '2026-02-19 12:05:00'),
(121, 97, 121, NULL, 'Prvi kirurski pregled', 1.00, 60.00, 0.00, 0.00, 60.00, 0.00, 60.00, '2026-02-20 12:00:00', '2026-02-20 12:05:00'),
(122, 97, 122, NULL, 'Vadjenje savova', 1.00, 70.00, 0.00, 0.00, 70.00, 0.00, 70.00, '2026-02-20 12:00:00', '2026-02-20 12:05:00'),
(123, 98, 123, NULL, 'Ultrazvuk stitnjace', 1.00, 65.00, 0.00, 0.00, 65.00, 0.00, 65.00, '2026-02-23 12:00:00', '2026-02-23 12:05:00'),
(124, 99, 124, NULL, 'EKG', 1.00, 15.00, 10.00, 0.00, 13.50, 0.00, 13.50, '2026-02-24 12:00:00', '2026-02-24 12:05:00'),
(125, 99, 125, NULL, 'Ultrazvuk srca', 1.00, 60.00, 10.00, 0.00, 54.00, 0.00, 54.00, '2026-02-24 12:00:00', '2026-02-24 12:05:00'),
(126, 100, 126, NULL, 'Ispiranje uha', 1.00, 60.00, 10.00, 0.00, 54.00, 0.00, 54.00, '2026-02-25 12:00:00', '2026-02-25 12:05:00'),
(127, 101, 127, NULL, 'Kontrolno nutricionisticko savjetovanje', 1.00, 50.00, 0.00, 0.00, 50.00, 0.00, 50.00, '2026-02-26 12:00:00', '2026-02-26 12:05:00'),
(128, 101, 128, NULL, 'Prvo nutricionisticko savjetovanje', 1.00, 65.00, 0.00, 0.00, 65.00, 0.00, 65.00, '2026-02-26 12:00:00', '2026-02-26 12:05:00'),
(129, 102, 129, NULL, 'Obrada proteinurije', 1.00, 65.00, 0.00, 0.00, 65.00, 0.00, 65.00, '2026-02-27 12:00:00', '2026-02-27 12:05:00'),
(130, 103, 130, NULL, 'Citoloska analiza uzorka', 1.00, 55.00, 0.00, 0.00, 55.00, 0.00, 55.00, '2026-03-02 12:00:00', '2026-03-02 12:05:00'),
(131, 103, 131, NULL, 'Patohistoloska analiza biopsije', 1.00, 60.00, 10.00, 0.00, 54.00, 0.00, 54.00, '2026-03-02 12:00:00', '2026-03-02 12:05:00'),
(132, 104, 132, NULL, 'Savjetovanje o terapiji', 1.00, 70.00, 0.00, 0.00, 70.00, 0.00, 70.00, '2026-03-03 12:00:00', '2026-03-03 12:05:00'),
(133, 105, 133, NULL, 'Analiza PAPA testa', 1.00, 50.00, 0.00, 0.00, 50.00, 0.00, 50.00, '2026-03-04 12:00:00', '2026-03-04 12:05:00'),
(134, 106, 134, NULL, 'Kontrolni reumatoloski pregled', 1.00, 50.00, 10.00, 0.00, 45.00, 0.00, 45.00, '2026-03-05 12:00:00', '2026-03-05 12:05:00'),
(135, 107, 135, NULL, 'Doppler krvnih zila', 1.00, 80.00, 0.00, 0.00, 80.00, 0.00, 80.00, '2026-03-10 12:00:00', '2026-03-10 12:05:00'),
(136, 108, 136, NULL, 'Vadjenje savova', 1.00, 70.00, 0.00, 0.00, 70.00, 0.00, 70.00, '2026-03-11 12:00:00', '2026-03-11 12:05:00'),
(137, 109, 137, NULL, 'Prvi neuroloski pregled', 1.00, 70.00, 5.00, 0.00, 66.50, 0.00, 66.50, '2026-03-13 12:00:00', '2026-03-13 12:05:00'),
(138, 110, 138, NULL, 'Sedacija za endoskopski postupak', 1.00, 70.00, 0.00, 0.00, 70.00, 0.00, 70.00, '2026-03-18 12:00:00', '2026-03-18 12:05:00'),
(139, 111, 139, NULL, 'Kontrolni reumatoloski pregled', 1.00, 50.00, 0.00, 0.00, 50.00, 0.00, 50.00, '2026-03-19 12:00:00', '2026-03-19 12:05:00'),
(140, 111, 140, NULL, 'Prvi reumatoloski pregled', 1.00, 35.00, 10.00, 0.00, 31.50, 0.00, 31.50, '2026-03-19 12:00:00', '2026-03-19 12:05:00'),
(141, 112, 141, NULL, 'Obrada bolesti stitnjace', 1.00, 65.00, 0.00, 0.00, 65.00, 0.00, 65.00, '2026-03-20 12:00:00', '2026-03-20 12:05:00'),
(142, 113, 142, NULL, 'Ginekoloski ultrazvuk', 1.00, 50.00, 0.00, 0.00, 50.00, 0.00, 50.00, '2026-03-23 12:00:00', '2026-03-23 12:05:00'),
(143, 114, 143, NULL, 'Pregled koljena', 1.00, 70.00, 0.00, 0.00, 70.00, 0.00, 70.00, '2026-03-25 12:00:00', '2026-03-25 12:05:00'),
(144, 115, 144, NULL, 'Odredjivanje dioptrije', 1.00, 65.00, 0.00, 0.00, 65.00, 0.00, 65.00, '2026-03-30 12:00:00', '2026-03-30 12:05:00'),
(145, 115, 145, NULL, 'Kontrolni oftalmoloski pregled', 1.00, 50.00, 0.00, 0.00, 50.00, 0.00, 50.00, '2026-03-30 12:00:00', '2026-03-30 12:05:00'),
(146, 116, 146, NULL, 'Pregled za radno mjesto', 1.00, 50.00, 0.00, 0.00, 50.00, 0.00, 50.00, '2026-04-03 12:00:00', '2026-04-03 12:05:00'),
(147, 117, 147, NULL, 'Kontrolni uroloski pregled', 1.00, 65.00, 0.00, 0.00, 65.00, 0.00, 65.00, '2026-04-06 12:00:00', '2026-04-06 12:05:00'),
(148, 117, 148, NULL, 'Ultrazvuk urotrakta', 1.00, 60.00, 5.00, 0.00, 57.00, 0.00, 57.00, '2026-04-06 12:00:00', '2026-04-06 12:05:00'),
(149, 118, 149, NULL, 'Obrada proteinurije', 1.00, 65.00, 0.00, 0.00, 65.00, 0.00, 65.00, '2026-04-07 12:00:00', '2026-04-07 12:05:00'),
(150, 119, 150, NULL, 'Infiltracija zgloba', 1.00, 80.00, 0.00, 0.00, 80.00, 0.00, 80.00, '2026-04-14 12:00:00', '2026-04-14 12:05:00'),
(151, 120, 151, NULL, 'Prosireni sistematski pregled', 1.00, 160.00, 0.00, 0.00, 160.00, 0.00, 160.00, '2026-04-15 12:00:00', '2026-04-15 12:05:00'),
(152, 120, 152, NULL, 'Menadzerski sistematski pregled', 1.00, 260.00, 0.00, 0.00, 260.00, 0.00, 260.00, '2026-04-15 12:00:00', '2026-04-15 12:05:00'),
(153, 121, 153, NULL, 'Odredjivanje dioptrije', 1.00, 65.00, 10.00, 0.00, 58.50, 0.00, 58.50, '2026-04-16 12:00:00', '2026-04-16 12:05:00'),
(154, 122, 154, NULL, 'Prvo nutricionisticko savjetovanje', 1.00, 65.00, 5.00, 0.00, 61.75, 0.00, 61.75, '2026-04-22 12:00:00', '2026-04-22 12:05:00'),
(155, 122, 155, NULL, 'Izrada plana prehrane', 1.00, 60.00, 0.00, 0.00, 60.00, 0.00, 60.00, '2026-04-22 12:00:00', '2026-04-22 12:05:00'),
(156, 123, 156, NULL, 'Periodicki pregled radnika', 1.00, 50.00, 0.00, 0.00, 50.00, 0.00, 50.00, '2026-04-24 12:00:00', '2026-04-24 12:05:00'),
(157, 124, 157, NULL, 'Mamografija obje dojke', 1.00, 65.00, 5.00, 0.00, 61.75, 0.00, 61.75, '2026-04-27 12:00:00', '2026-04-27 12:05:00'),
(158, 125, 158, NULL, 'Vadjenje krvi', 1.00, 15.00, 0.00, 0.00, 15.00, 0.00, 15.00, '2026-04-29 12:00:00', '2026-04-29 12:05:00'),
(159, 126, 159, NULL, 'Pregled za radno mjesto', 1.00, 50.00, 10.00, 0.00, 45.00, 0.00, 45.00, '2026-05-01 12:00:00', '2026-05-01 12:05:00'),
(160, 127, 160, NULL, 'Sedacija za endoskopski postupak', 1.00, 70.00, 5.00, 0.00, 66.50, 0.00, 66.50, '2026-05-04 12:00:00', '2026-05-04 12:05:00'),
(161, 128, 161, NULL, 'Prvi dermatoloski pregled', 1.00, 55.00, 0.00, 0.00, 55.00, 0.00, 55.00, '2026-05-05 12:00:00', '2026-05-05 12:05:00'),
(162, 129, 162, NULL, 'Izdavanje lijecnickog uvjerenja', 1.00, 45.00, 0.00, 0.00, 45.00, 0.00, 45.00, '2026-05-07 12:00:00', '2026-05-07 12:05:00'),
(163, 130, 163, NULL, 'Sistematski pregled djeteta', 1.00, 40.00, 0.00, 0.00, 40.00, 0.00, 40.00, '2026-05-08 12:00:00', '2026-05-08 12:05:00'),
(164, 130, 164, NULL, 'Prvi pedijatrijski pregled', 1.00, 55.00, 0.00, 0.00, 55.00, 0.00, 55.00, '2026-05-08 12:00:00', '2026-05-08 12:05:00'),
(165, 131, 165, NULL, 'Savjetovanje roditelja', 1.00, 45.00, 0.00, 0.00, 45.00, 0.00, 45.00, '2026-05-11 12:00:00', '2026-05-11 12:05:00'),
(166, 132, 166, NULL, 'Prvi reumatoloski pregled', 1.00, 35.00, 0.00, 0.00, 35.00, 0.00, 35.00, '2026-02-04 12:00:00', '2026-02-04 12:05:00'),
(167, 132, 167, NULL, 'Kontrolni reumatoloski pregled', 1.00, 50.00, 0.00, 0.00, 50.00, 0.00, 50.00, '2026-02-04 12:00:00', '2026-02-04 12:05:00'),
(168, 133, 168, NULL, 'Kontrolni pulmoloski pregled', 1.00, 55.00, 10.00, 0.00, 49.50, 0.00, 49.50, '2026-02-06 12:00:00', '2026-02-06 12:05:00'),
(169, 133, 169, NULL, 'Obrada astme', 1.00, 55.00, 5.00, 0.00, 52.25, 0.00, 52.25, '2026-02-06 12:00:00', '2026-02-06 12:05:00'),
(170, 134, 170, NULL, 'Prvi psihijatrijski pregled', 1.00, 65.00, 10.00, 0.00, 58.50, 0.00, 58.50, '2026-02-09 12:00:00', '2026-02-09 12:05:00'),
(171, 134, 171, NULL, 'Psihijatrijska procjena', 1.00, 65.00, 10.00, 0.00, 58.50, 0.00, 58.50, '2026-02-09 12:00:00', '2026-02-09 12:05:00'),
(172, 135, 172, NULL, 'Ultrazvuk urotrakta', 1.00, 60.00, 0.00, 0.00, 60.00, 0.00, 60.00, '2026-02-10 12:00:00', '2026-02-10 12:05:00'),
(173, 135, 173, NULL, 'Tumacenje PSA nalaza', 1.00, 65.00, 5.00, 0.00, 61.75, 0.00, 61.75, '2026-02-10 12:00:00', '2026-02-10 12:05:00'),
(174, 136, 174, NULL, 'Kirurska obrada rane', 1.00, 70.00, 0.00, 0.00, 70.00, 0.00, 70.00, '2026-02-12 12:00:00', '2026-02-12 12:05:00'),
(175, 137, 175, NULL, 'Anestezioloski pregled', 1.00, 75.00, 10.00, 0.00, 67.50, 0.00, 67.50, '2026-02-19 12:00:00', '2026-02-19 12:05:00'),
(176, 137, 176, NULL, 'Sedacija za endoskopski postupak', 1.00, 70.00, 0.00, 0.00, 70.00, 0.00, 70.00, '2026-02-19 12:00:00', '2026-02-19 12:05:00'),
(177, 138, 177, NULL, 'Tumacenje PSA nalaza', 1.00, 65.00, 10.00, 0.00, 58.50, 0.00, 58.50, '2026-02-20 12:00:00', '2026-02-20 12:05:00'),
(178, 139, 178, NULL, 'RTG snimanje', 1.00, 45.00, 0.00, 0.00, 45.00, 0.00, 45.00, '2026-02-23 12:00:00', '2026-02-23 12:05:00'),
(179, 140, 179, NULL, 'Izdavanje lijecnickog uvjerenja', 1.00, 45.00, 0.00, 0.00, 45.00, 0.00, 45.00, '2026-02-24 12:00:00', '2026-02-24 12:05:00'),
(180, 141, 180, NULL, 'Savjetovanje roditelja', 1.00, 45.00, 0.00, 0.00, 45.00, 0.00, 45.00, '2026-02-26 12:00:00', '2026-02-26 12:05:00'),
(181, 142, 181, NULL, 'Incizija apscesa', 1.00, 75.00, 5.00, 0.00, 71.25, 0.00, 71.25, '2026-02-27 12:00:00', '2026-02-27 12:05:00'),
(182, 143, 182, NULL, 'Psihijatrijska procjena', 1.00, 65.00, 0.00, 0.00, 65.00, 0.00, 65.00, '2026-03-02 12:00:00', '2026-03-02 12:05:00'),
(183, 144, 183, NULL, 'Kontrolni kirurski pregled', 1.00, 65.00, 0.00, 0.00, 65.00, 0.00, 65.00, '2026-03-03 12:00:00', '2026-03-03 12:05:00'),
(184, 144, 184, NULL, 'Vadjenje savova', 1.00, 70.00, 0.00, 0.00, 70.00, 0.00, 70.00, '2026-03-03 12:00:00', '2026-03-03 12:05:00'),
(185, 145, 185, NULL, 'Procjena anemije', 1.00, 45.00, 0.00, 0.00, 45.00, 0.00, 45.00, '2026-03-06 12:00:00', '2026-03-06 12:05:00'),
(186, 146, 186, NULL, 'Ultrazvuk srca', 1.00, 60.00, 0.00, 0.00, 60.00, 0.00, 60.00, '2026-03-10 12:00:00', '2026-03-10 12:05:00'),
(187, 147, 187, NULL, 'PAPA test', 1.00, 45.00, 5.00, 0.00, 42.75, 0.00, 42.75, '2026-03-11 12:00:00', '2026-03-11 12:05:00'),
(188, 148, 188, NULL, 'Anestezioloski pregled', 1.00, 75.00, 5.00, 0.00, 71.25, 0.00, 71.25, '2026-03-12 12:00:00', '2026-03-12 12:05:00'),
(189, 149, 189, NULL, 'Procjena anemije', 1.00, 45.00, 0.00, 0.00, 45.00, 0.00, 45.00, '2026-03-16 12:00:00', '2026-03-16 12:05:00'),
(190, 150, 190, NULL, 'Obrada bolesti stitnjace', 1.00, 65.00, 0.00, 0.00, 65.00, 0.00, 65.00, '2026-03-20 12:00:00', '2026-03-20 12:05:00'),
(191, 151, 191, NULL, 'Uklanjanje lipoma', 1.00, 65.00, 0.00, 0.00, 65.00, 0.00, 65.00, '2026-03-23 12:00:00', '2026-03-23 12:05:00'),
(192, 152, 192, NULL, 'Pregled za vozace', 1.00, 50.00, 0.00, 0.00, 50.00, 0.00, 50.00, '2026-03-24 12:00:00', '2026-03-24 12:05:00'),
(193, 152, 193, NULL, 'Pregled za radno mjesto', 1.00, 50.00, 10.00, 0.00, 45.00, 0.00, 45.00, '2026-03-24 12:00:00', '2026-03-24 12:05:00'),
(194, 153, 194, NULL, 'Urea izdisajni test', 1.00, 55.00, 0.00, 0.00, 55.00, 0.00, 55.00, '2026-03-25 12:00:00', '2026-03-25 12:05:00'),
(195, 154, 195, NULL, 'Tumacenje imunoloskih nalaza', 1.00, 50.00, 10.00, 0.00, 45.00, 0.00, 45.00, '2026-03-26 12:00:00', '2026-03-26 12:05:00'),
(196, 155, 196, NULL, 'Kontrolni kardioloski pregled', 1.00, 45.00, 0.00, 0.00, 45.00, 0.00, 45.00, '2026-03-30 12:00:00', '2026-03-30 12:05:00'),
(197, 156, 197, NULL, 'CRP', 1.00, 15.00, 0.00, 0.00, 15.00, 0.00, 15.00, '2026-04-01 12:00:00', '2026-04-01 12:05:00'),
(198, 157, 198, NULL, 'Analiza urina', 1.00, 25.00, 0.00, 0.00, 25.00, 0.00, 25.00, '2026-04-03 12:00:00', '2026-04-03 12:05:00'),
(199, 158, 199, NULL, 'Infiltracija zgloba', 1.00, 80.00, 5.00, 0.00, 76.00, 0.00, 76.00, '2026-04-06 12:00:00', '2026-04-06 12:05:00'),
(200, 158, 200, NULL, 'Prvi ortopedski pregled', 1.00, 70.00, 0.00, 0.00, 70.00, 0.00, 70.00, '2026-04-06 12:00:00', '2026-04-06 12:05:00'),
(201, 159, 201, NULL, 'Prvi pedijatrijski pregled', 1.00, 55.00, 0.00, 0.00, 55.00, 0.00, 55.00, '2026-04-07 12:00:00', '2026-04-07 12:05:00'),
(202, 159, 202, NULL, 'Savjetovanje roditelja', 1.00, 45.00, 10.00, 0.00, 40.50, 0.00, 40.50, '2026-04-07 12:00:00', '2026-04-07 12:05:00'),
(203, 160, 203, NULL, 'Prvi ORL pregled', 1.00, 65.00, 0.00, 0.00, 65.00, 0.00, 65.00, '2026-04-08 12:00:00', '2026-04-08 12:05:00'),
(204, 161, 204, NULL, 'Predanestezioloska procjena', 1.00, 85.00, 5.00, 0.00, 80.75, 0.00, 80.75, '2026-04-09 12:00:00', '2026-04-09 12:05:00'),
(205, 162, 205, NULL, 'Prvi pulmoloski pregled', 1.00, 50.00, 0.00, 0.00, 50.00, 0.00, 50.00, '2026-04-16 12:00:00', '2026-04-16 12:05:00'),
(206, 163, 206, NULL, 'Prvi ORL pregled', 1.00, 65.00, 0.00, 0.00, 65.00, 0.00, 65.00, '2026-04-21 12:00:00', '2026-04-21 12:05:00'),
(207, 163, 207, NULL, 'Kontrolni ORL pregled', 1.00, 55.00, 0.00, 0.00, 55.00, 0.00, 55.00, '2026-04-21 12:00:00', '2026-04-21 12:05:00'),
(208, 164, 208, NULL, 'Obrada astme', 1.00, 55.00, 0.00, 0.00, 55.00, 0.00, 55.00, '2026-04-22 12:00:00', '2026-04-22 12:05:00'),
(209, 165, 209, NULL, 'Savjetovanje roditelja', 1.00, 45.00, 0.00, 0.00, 45.00, 0.00, 45.00, '2026-04-23 12:00:00', '2026-04-23 12:05:00'),
(210, 166, 210, NULL, 'Anestezioloski pregled', 1.00, 75.00, 0.00, 0.00, 75.00, 0.00, 75.00, '2026-04-24 12:00:00', '2026-04-24 12:05:00'),
(211, 167, 211, NULL, 'Ispiranje uha', 1.00, 60.00, 0.00, 0.00, 60.00, 0.00, 60.00, '2026-04-27 12:00:00', '2026-04-27 12:05:00'),
(212, 168, 212, NULL, 'Procjena anemije', 1.00, 45.00, 5.00, 0.00, 42.75, 0.00, 42.75, '2026-04-28 12:00:00', '2026-04-28 12:05:00'),
(213, 169, 213, NULL, 'Kontrolni ortopedski pregled', 1.00, 70.00, 0.00, 0.00, 70.00, 0.00, 70.00, '2026-04-29 12:00:00', '2026-04-29 12:05:00'),
(214, 170, 214, NULL, 'RTG snimanje', 1.00, 45.00, 0.00, 0.00, 45.00, 0.00, 45.00, '2026-04-30 12:00:00', '2026-04-30 12:05:00'),
(215, 171, 215, NULL, 'Kontrolno nutricionisticko savjetovanje', 1.00, 50.00, 10.00, 0.00, 45.00, 0.00, 45.00, '2026-05-04 12:00:00', '2026-05-04 12:05:00'),
(216, 172, 216, NULL, 'Anestezioloski pregled', 1.00, 75.00, 5.00, 0.00, 71.25, 0.00, 71.25, '2026-05-08 12:00:00', '2026-05-08 12:05:00'),
(217, 172, 217, NULL, 'Predanestezioloska procjena', 1.00, 85.00, 0.00, 0.00, 85.00, 0.00, 85.00, '2026-05-08 12:00:00', '2026-05-08 12:05:00'),
(218, 173, 218, NULL, 'Prvo nutricionisticko savjetovanje', 1.00, 65.00, 0.00, 0.00, 65.00, 0.00, 65.00, '2026-05-11 12:00:00', '2026-05-11 12:05:00'),
(219, 174, 219, NULL, 'Ultrazvuk abdomena', 1.00, 70.00, 0.00, 0.00, 70.00, 0.00, 70.00, '2026-02-04 12:00:00', '2026-02-04 12:05:00'),
(220, 175, 220, NULL, 'Ultrazvuk dojki', 1.00, 75.00, 10.00, 0.00, 67.50, 0.00, 67.50, '2026-02-06 12:00:00', '2026-02-06 12:05:00'),
(221, 176, 221, NULL, 'Prvi psihijatrijski pregled', 1.00, 65.00, 5.00, 0.00, 61.75, 0.00, 61.75, '2026-02-10 12:00:00', '2026-02-10 12:05:00'),
(222, 177, 222, NULL, 'Kontrolni dermatoloski pregled', 1.00, 50.00, 0.00, 0.00, 50.00, 0.00, 50.00, '2026-02-11 12:00:00', '2026-02-11 12:05:00'),
(223, 178, 223, NULL, 'Mjerenje ocnog tlaka', 1.00, 60.00, 0.00, 0.00, 60.00, 0.00, 60.00, '2026-02-16 12:00:00', '2026-02-16 12:05:00'),
(224, 179, 224, NULL, 'Plan rehabilitacije', 1.00, 75.00, 5.00, 0.00, 71.25, 0.00, 71.25, '2026-02-17 12:00:00', '2026-02-17 12:05:00'),
(225, 180, 225, NULL, 'Prvi neuroloski pregled', 1.00, 70.00, 0.00, 0.00, 70.00, 0.00, 70.00, '2026-02-18 12:00:00', '2026-02-18 12:05:00'),
(226, 181, 226, NULL, 'Obrada vrtoglavice', 1.00, 60.00, 0.00, 0.00, 60.00, 0.00, 60.00, '2026-02-20 12:00:00', '2026-02-20 12:05:00'),
(227, 181, 227, NULL, 'Prvi neuroloski pregled', 1.00, 70.00, 0.00, 0.00, 70.00, 0.00, 70.00, '2026-02-20 12:00:00', '2026-02-20 12:05:00'),
(228, 182, 228, NULL, 'Prvi pregled fizijatra', 1.00, 85.00, 5.00, 0.00, 80.75, 0.00, 80.75, '2026-02-25 12:00:00', '2026-02-25 12:05:00'),
(229, 182, 229, NULL, 'Plan rehabilitacije', 1.00, 75.00, 5.00, 0.00, 71.25, 0.00, 71.25, '2026-02-25 12:00:00', '2026-02-25 12:05:00'),
(230, 183, 230, NULL, 'Kontrolni psihijatrijski pregled', 1.00, 65.00, 0.00, 0.00, 65.00, 0.00, 65.00, '2026-02-26 12:00:00', '2026-02-26 12:05:00'),
(231, 184, 231, NULL, 'Jednostrana mamografija', 1.00, 65.00, 0.00, 0.00, 65.00, 0.00, 65.00, '2026-02-27 12:00:00', '2026-02-27 12:05:00'),
(232, 185, 232, NULL, 'Audiometrija', 1.00, 55.00, 10.00, 0.00, 49.50, 0.00, 49.50, '2026-03-02 12:00:00', '2026-03-02 12:05:00');

-- uplata: 132 redaka
INSERT INTO uplata (id, id_racun, id_nacin_placanja, placeno_u, iznos, referenca_transakcije, napomena, vrijeme_kreiranja, vrijeme_azuriranja) VALUES
(1, 3, 2, '2026-02-09 12:30:00', 87.75, 'TX-000003', 'Uplata po racunu.', '2026-02-09 12:30:00', '2026-02-09 12:35:00'),
(2, 4, 5, '2026-02-10 12:30:00', 63.00, 'TX-000004', 'Uplata po racunu.', '2026-02-10 12:30:00', '2026-02-10 12:35:00'),
(3, 5, 5, '2026-02-11 12:30:00', 60.00, 'TX-000005', 'Uplata po racunu.', '2026-02-11 12:30:00', '2026-02-11 12:35:00'),
(4, 8, 2, '2026-02-17 12:30:00', 54.00, 'TX-000008', 'Uplata po racunu.', '2026-02-17 12:30:00', '2026-02-17 12:35:00'),
(5, 9, 5, '2026-02-19 12:30:00', 62.50, 'TX-000009', 'Uplata po racunu.', '2026-02-19 12:30:00', '2026-02-19 12:35:00'),
(6, 10, 2, '2026-02-20 12:30:00', 160.00, 'TX-000010', 'Uplata po racunu.', '2026-02-20 12:30:00', '2026-02-20 12:35:00'),
(7, 11, 3, '2026-02-23 12:30:00', 65.00, 'TX-000011', 'Uplata po racunu.', '2026-02-23 12:30:00', '2026-02-23 12:35:00'),
(8, 12, 3, '2026-02-24 12:30:00', 65.00, 'TX-000012', 'Uplata po racunu.', '2026-02-24 12:30:00', '2026-02-24 12:35:00'),
(9, 13, 1, '2026-02-26 12:30:00', 45.00, 'TX-000013', 'Uplata po racunu.', '2026-02-26 12:30:00', '2026-02-26 12:35:00'),
(10, 14, 5, '2026-02-26 12:30:00', 67.50, 'TX-000014', 'Uplata po racunu.', '2026-02-26 12:30:00', '2026-02-26 12:35:00'),
(11, 15, 3, '2026-03-02 12:30:00', 97.00, 'TX-000015', 'Uplata po racunu.', '2026-03-02 12:30:00', '2026-03-02 12:35:00'),
(12, 17, 1, '2026-03-06 12:30:00', 40.00, 'TX-000017', 'Uplata po racunu.', '2026-03-06 12:30:00', '2026-03-06 12:35:00'),
(13, 19, 4, '2026-03-10 12:30:00', 35.00, 'TX-000019', 'Uplata po racunu.', '2026-03-10 12:30:00', '2026-03-10 12:35:00'),
(14, 21, 1, '2026-03-13 12:30:00', 80.00, 'TX-000021', 'Uplata po racunu.', '2026-03-13 12:30:00', '2026-03-13 12:35:00'),
(15, 22, 2, '2026-03-14 12:30:00', 40.00, 'TX-000022', 'Uplata po racunu.', '2026-03-14 12:30:00', '2026-03-14 12:35:00'),
(16, 23, 3, '2026-03-16 12:30:00', 42.75, 'TX-000023', 'Uplata po racunu.', '2026-03-16 12:30:00', '2026-03-16 12:35:00'),
(17, 24, 4, '2026-03-17 12:30:00', 58.50, 'TX-000024', 'Uplata po racunu.', '2026-03-17 12:30:00', '2026-03-17 12:35:00'),
(18, 25, 4, '2026-03-19 12:30:00', 65.00, 'TX-000025', 'Uplata po racunu.', '2026-03-19 12:30:00', '2026-03-19 12:35:00'),
(19, 26, 3, '2026-03-24 12:30:00', 47.50, 'TX-000026', 'Uplata po racunu.', '2026-03-24 12:30:00', '2026-03-24 12:35:00'),
(20, 27, 2, '2026-03-26 12:30:00', 131.75, 'TX-000027', 'Uplata po racunu.', '2026-03-26 12:30:00', '2026-03-26 12:35:00'),
(21, 28, 4, '2026-04-01 12:45:00', 38.25, 'TX-000028P', 'Djelomicna uplata.', '2026-04-01 12:45:00', '2026-04-01 12:50:00'),
(22, 29, 4, '2026-03-30 12:30:00', 90.00, 'TX-000029', 'Uplata po racunu.', '2026-03-30 12:30:00', '2026-03-30 12:35:00'),
(23, 30, 2, '2026-04-02 12:30:00', 70.00, 'TX-000030', 'Uplata po racunu.', '2026-04-02 12:30:00', '2026-04-02 12:35:00'),
(24, 31, 2, '2026-04-03 12:45:00', 31.50, 'TX-000031P', 'Djelomicna uplata.', '2026-04-03 12:45:00', '2026-04-03 12:50:00'),
(25, 34, 1, '2026-04-14 12:30:00', 99.50, 'TX-000034', 'Uplata po racunu.', '2026-04-14 12:30:00', '2026-04-14 12:35:00'),
(26, 35, 2, '2026-04-15 12:30:00', 23.75, 'TX-000035', 'Uplata po racunu.', '2026-04-15 12:30:00', '2026-04-15 12:35:00'),
(27, 37, 2, '2026-04-17 12:30:00', 75.00, 'TX-000037', 'Uplata po racunu.', '2026-04-17 12:30:00', '2026-04-17 12:35:00'),
(28, 38, 2, '2026-04-23 12:30:00', 123.50, 'TX-000038', 'Uplata po racunu.', '2026-04-23 12:30:00', '2026-04-23 12:35:00'),
(29, 40, 2, '2026-04-28 12:45:00', 25.00, 'TX-000040P', 'Djelomicna uplata.', '2026-04-28 12:45:00', '2026-04-28 12:50:00'),
(30, 41, 4, '2026-04-24 12:30:00', 76.00, 'TX-000041', 'Uplata po racunu.', '2026-04-24 12:30:00', '2026-04-24 12:35:00'),
(31, 42, 1, '2026-04-29 12:45:00', 19.38, 'TX-000042P', 'Djelomicna uplata.', '2026-04-29 12:45:00', '2026-04-29 12:50:00'),
(32, 43, 1, '2026-04-30 12:30:00', 92.75, 'TX-000043', 'Uplata po racunu.', '2026-04-30 12:30:00', '2026-04-30 12:35:00'),
(33, 44, 5, '2026-05-01 12:30:00', 45.00, 'TX-000044', 'Uplata po racunu.', '2026-05-01 12:30:00', '2026-05-01 12:35:00'),
(34, 45, 1, '2026-05-04 12:30:00', 70.00, 'TX-000045', 'Uplata po racunu.', '2026-05-04 12:30:00', '2026-05-04 12:35:00'),
(35, 47, 2, '2026-05-07 12:30:00', 54.00, 'TX-000047', 'Uplata po racunu.', '2026-05-07 12:30:00', '2026-05-07 12:35:00'),
(36, 48, 5, '2026-02-05 12:30:00', 108.50, 'TX-000048', 'Uplata po racunu.', '2026-02-05 12:30:00', '2026-02-05 12:35:00'),
(37, 50, 4, '2026-02-06 12:30:00', 105.00, 'TX-000050', 'Uplata po racunu.', '2026-02-06 12:30:00', '2026-02-06 12:35:00'),
(38, 51, 1, '2026-02-06 12:30:00', 99.75, 'TX-000051', 'Uplata po racunu.', '2026-02-06 12:30:00', '2026-02-06 12:35:00'),
(39, 53, 1, '2026-02-10 12:30:00', 50.00, 'TX-000053', 'Uplata po racunu.', '2026-02-10 12:30:00', '2026-02-10 12:35:00'),
(40, 54, 5, '2026-02-12 12:30:00', 63.00, 'TX-000054', 'Uplata po racunu.', '2026-02-12 12:30:00', '2026-02-12 12:35:00'),
(41, 55, 5, '2026-02-13 12:30:00', 65.00, 'TX-000055', 'Uplata po racunu.', '2026-02-13 12:30:00', '2026-02-13 12:35:00'),
(42, 56, 1, '2026-02-18 12:45:00', 27.50, 'TX-000056P', 'Djelomicna uplata.', '2026-02-18 12:45:00', '2026-02-18 12:50:00'),
(43, 57, 4, '2026-02-20 12:30:00', 128.50, 'TX-000057', 'Uplata po racunu.', '2026-02-20 12:30:00', '2026-02-20 12:35:00'),
(44, 58, 3, '2026-02-20 12:30:00', 88.00, 'TX-000058', 'Uplata po racunu.', '2026-02-20 12:30:00', '2026-02-20 12:35:00'),
(45, 59, 1, '2026-02-25 12:30:00', 63.00, 'TX-000059', 'Uplata po racunu.', '2026-02-25 12:30:00', '2026-02-25 12:35:00'),
(46, 60, 2, '2026-02-26 12:45:00', 32.50, 'TX-000060P', 'Djelomicna uplata.', '2026-02-26 12:45:00', '2026-02-26 12:50:00'),
(47, 61, 3, '2026-02-27 12:30:00', 65.00, 'TX-000061', 'Uplata po racunu.', '2026-02-27 12:30:00', '2026-02-27 12:35:00'),
(48, 62, 1, '2026-02-28 12:30:00', 65.00, 'TX-000062', 'Uplata po racunu.', '2026-02-28 12:30:00', '2026-02-28 12:35:00'),
(49, 63, 1, '2026-03-06 12:30:00', 75.00, 'TX-000063', 'Uplata po racunu.', '2026-03-06 12:30:00', '2026-03-06 12:35:00'),
(50, 65, 4, '2026-03-10 12:30:00', 57.00, 'TX-000065', 'Uplata po racunu.', '2026-03-10 12:30:00', '2026-03-10 12:35:00'),
(51, 67, 4, '2026-03-17 12:30:00', 50.00, 'TX-000067', 'Uplata po racunu.', '2026-03-17 12:30:00', '2026-03-17 12:35:00'),
(52, 68, 5, '2026-03-21 12:30:00', 72.00, 'TX-000068', 'Uplata po racunu.', '2026-03-21 12:30:00', '2026-03-21 12:35:00'),
(53, 69, 1, '2026-03-28 12:30:00', 90.00, 'TX-000069', 'Uplata po racunu.', '2026-03-28 12:30:00', '2026-03-28 12:35:00'),
(54, 70, 3, '2026-04-01 12:30:00', 70.00, 'TX-000070', 'Uplata po racunu.', '2026-04-01 12:30:00', '2026-04-01 12:35:00'),
(55, 71, 1, '2026-03-31 12:30:00', 150.00, 'TX-000071', 'Uplata po racunu.', '2026-03-31 12:30:00', '2026-03-31 12:35:00'),
(56, 72, 3, '2026-04-01 12:30:00', 70.00, 'TX-000072', 'Uplata po racunu.', '2026-04-01 12:30:00', '2026-04-01 12:35:00'),
(57, 73, 4, '2026-04-05 12:30:00', 42.75, 'TX-000073', 'Uplata po racunu.', '2026-04-05 12:30:00', '2026-04-05 12:35:00'),
(58, 75, 3, '2026-04-09 12:30:00', 65.00, 'TX-000075', 'Uplata po racunu.', '2026-04-09 12:30:00', '2026-04-09 12:35:00'),
(59, 76, 3, '2026-04-08 12:30:00', 61.75, 'TX-000076', 'Uplata po racunu.', '2026-04-08 12:30:00', '2026-04-08 12:35:00'),
(60, 77, 4, '2026-04-09 12:30:00', 42.75, 'TX-000077', 'Uplata po racunu.', '2026-04-09 12:30:00', '2026-04-09 12:35:00'),
(61, 78, 4, '2026-04-11 12:30:00', 47.50, 'TX-000078', 'Uplata po racunu.', '2026-04-11 12:30:00', '2026-04-11 12:35:00'),
(62, 81, 2, '2026-04-16 12:30:00', 70.00, 'TX-000081', 'Uplata po racunu.', '2026-04-16 12:30:00', '2026-04-16 12:35:00'),
(63, 85, 1, '2026-05-06 12:30:00', 52.25, 'TX-000085', 'Uplata po racunu.', '2026-05-06 12:30:00', '2026-05-06 12:35:00'),
(64, 88, 2, '2026-05-07 12:30:00', 65.00, 'TX-000088', 'Uplata po racunu.', '2026-05-07 12:30:00', '2026-05-07 12:35:00'),
(65, 89, 2, '2026-02-03 12:30:00', 61.75, 'TX-000089', 'Uplata po racunu.', '2026-02-03 12:30:00', '2026-02-03 12:35:00'),
(66, 90, 5, '2026-02-05 12:30:00', 61.75, 'TX-000090', 'Uplata po racunu.', '2026-02-05 12:30:00', '2026-02-05 12:35:00'),
(67, 92, 3, '2026-02-06 12:30:00', 66.50, 'TX-000092', 'Uplata po racunu.', '2026-02-06 12:30:00', '2026-02-06 12:35:00'),
(68, 93, 3, '2026-02-16 12:30:00', 49.50, 'TX-000093', 'Uplata po racunu.', '2026-02-16 12:30:00', '2026-02-16 12:35:00'),
(69, 94, 4, '2026-02-22 12:45:00', 41.25, 'TX-000094P', 'Djelomicna uplata.', '2026-02-22 12:45:00', '2026-02-22 12:50:00'),
(70, 95, 2, '2026-02-18 12:30:00', 85.00, 'TX-000095', 'Uplata po racunu.', '2026-02-18 12:30:00', '2026-02-18 12:35:00'),
(71, 96, 1, '2026-02-19 12:30:00', 80.00, 'TX-000096', 'Uplata po racunu.', '2026-02-19 12:30:00', '2026-02-19 12:35:00'),
(72, 97, 1, '2026-02-22 12:30:00', 130.00, 'TX-000097', 'Uplata po racunu.', '2026-02-22 12:30:00', '2026-02-22 12:35:00'),
(73, 98, 1, '2026-02-28 12:45:00', 32.50, 'TX-000098P', 'Djelomicna uplata.', '2026-02-28 12:45:00', '2026-02-28 12:50:00'),
(74, 100, 5, '2026-02-27 12:30:00', 54.00, 'TX-000100', 'Uplata po racunu.', '2026-02-27 12:30:00', '2026-02-27 12:35:00'),
(75, 101, 2, '2026-02-26 12:30:00', 115.00, 'TX-000101', 'Uplata po racunu.', '2026-02-26 12:30:00', '2026-02-26 12:35:00'),
(76, 102, 1, '2026-02-27 12:30:00', 65.00, 'TX-000102', 'Uplata po racunu.', '2026-02-27 12:30:00', '2026-02-27 12:35:00'),
(77, 103, 1, '2026-03-02 12:30:00', 109.00, 'TX-000103', 'Uplata po racunu.', '2026-03-02 12:30:00', '2026-03-02 12:35:00'),
(78, 105, 4, '2026-03-05 12:45:00', 25.00, 'TX-000105P', 'Djelomicna uplata.', '2026-03-05 12:45:00', '2026-03-05 12:50:00'),
(79, 106, 4, '2026-03-06 12:30:00', 45.00, 'TX-000106', 'Uplata po racunu.', '2026-03-06 12:30:00', '2026-03-06 12:35:00'),
(80, 109, 1, '2026-03-14 12:30:00', 66.50, 'TX-000109', 'Uplata po racunu.', '2026-03-14 12:30:00', '2026-03-14 12:35:00'),
(81, 110, 1, '2026-03-18 12:30:00', 70.00, 'TX-000110', 'Uplata po racunu.', '2026-03-18 12:30:00', '2026-03-18 12:35:00'),
(82, 112, 1, '2026-03-20 12:30:00', 65.00, 'TX-000112', 'Uplata po racunu.', '2026-03-20 12:30:00', '2026-03-20 12:35:00'),
(83, 115, 2, '2026-03-31 12:30:00', 115.00, 'TX-000115', 'Uplata po racunu.', '2026-03-31 12:30:00', '2026-03-31 12:35:00'),
(84, 117, 5, '2026-04-06 12:30:00', 122.00, 'TX-000117', 'Uplata po racunu.', '2026-04-06 12:30:00', '2026-04-06 12:35:00'),
(85, 119, 4, '2026-04-14 12:30:00', 80.00, 'TX-000119', 'Uplata po racunu.', '2026-04-14 12:30:00', '2026-04-14 12:35:00'),
(86, 121, 4, '2026-04-16 12:30:00', 58.50, 'TX-000121', 'Uplata po racunu.', '2026-04-16 12:30:00', '2026-04-16 12:35:00'),
(87, 122, 4, '2026-04-22 12:30:00', 121.75, 'TX-000122', 'Uplata po racunu.', '2026-04-22 12:30:00', '2026-04-22 12:35:00'),
(88, 123, 4, '2026-04-29 12:45:00', 25.00, 'TX-000123P', 'Djelomicna uplata.', '2026-04-29 12:45:00', '2026-04-29 12:50:00'),
(89, 124, 4, '2026-04-30 12:45:00', 30.88, 'TX-000124P', 'Djelomicna uplata.', '2026-04-30 12:45:00', '2026-04-30 12:50:00'),
(90, 125, 1, '2026-04-30 12:30:00', 15.00, 'TX-000125', 'Uplata po racunu.', '2026-04-30 12:30:00', '2026-04-30 12:35:00'),
(91, 126, 3, '2026-05-01 12:30:00', 45.00, 'TX-000126', 'Uplata po racunu.', '2026-05-01 12:30:00', '2026-05-01 12:35:00'),
(92, 128, 2, '2026-05-05 12:30:00', 55.00, 'TX-000128', 'Uplata po racunu.', '2026-05-05 12:30:00', '2026-05-05 12:35:00'),
(93, 129, 5, '2026-05-07 12:30:00', 45.00, 'TX-000129', 'Uplata po racunu.', '2026-05-07 12:30:00', '2026-05-07 12:35:00'),
(94, 130, 2, '2026-05-08 12:30:00', 95.00, 'TX-000130', 'Uplata po racunu.', '2026-05-08 12:30:00', '2026-05-08 12:35:00'),
(95, 132, 2, '2026-02-05 12:30:00', 85.00, 'TX-000132', 'Uplata po racunu.', '2026-02-05 12:30:00', '2026-02-05 12:35:00'),
(96, 134, 2, '2026-02-09 12:30:00', 117.00, 'TX-000134', 'Uplata po racunu.', '2026-02-09 12:30:00', '2026-02-09 12:35:00'),
(97, 135, 5, '2026-02-10 12:30:00', 121.75, 'TX-000135', 'Uplata po racunu.', '2026-02-10 12:30:00', '2026-02-10 12:35:00'),
(98, 137, 1, '2026-02-21 12:30:00', 137.50, 'TX-000137', 'Uplata po racunu.', '2026-02-21 12:30:00', '2026-02-21 12:35:00'),
(99, 138, 1, '2026-02-21 12:30:00', 58.50, 'TX-000138', 'Uplata po racunu.', '2026-02-21 12:30:00', '2026-02-21 12:35:00'),
(100, 139, 3, '2026-02-23 12:30:00', 45.00, 'TX-000139', 'Uplata po racunu.', '2026-02-23 12:30:00', '2026-02-23 12:35:00'),
(101, 140, 5, '2026-02-26 12:30:00', 45.00, 'TX-000140', 'Uplata po racunu.', '2026-02-26 12:30:00', '2026-02-26 12:35:00'),
(102, 141, 4, '2026-02-27 12:30:00', 45.00, 'TX-000141', 'Uplata po racunu.', '2026-02-27 12:30:00', '2026-02-27 12:35:00'),
(103, 142, 1, '2026-02-27 12:30:00', 71.25, 'TX-000142', 'Uplata po racunu.', '2026-02-27 12:30:00', '2026-02-27 12:35:00'),
(104, 143, 5, '2026-03-04 12:30:00', 65.00, 'TX-000143', 'Uplata po racunu.', '2026-03-04 12:30:00', '2026-03-04 12:35:00'),
(105, 144, 1, '2026-03-03 12:30:00', 135.00, 'TX-000144', 'Uplata po racunu.', '2026-03-03 12:30:00', '2026-03-03 12:35:00'),
(106, 147, 2, '2026-03-12 12:30:00', 42.75, 'TX-000147', 'Uplata po racunu.', '2026-03-12 12:30:00', '2026-03-12 12:35:00'),
(107, 148, 1, '2026-03-14 12:30:00', 71.25, 'TX-000148', 'Uplata po racunu.', '2026-03-14 12:30:00', '2026-03-14 12:35:00'),
(108, 149, 2, '2026-03-16 12:30:00', 45.00, 'TX-000149', 'Uplata po racunu.', '2026-03-16 12:30:00', '2026-03-16 12:35:00'),
(109, 150, 5, '2026-03-20 12:30:00', 65.00, 'TX-000150', 'Uplata po racunu.', '2026-03-20 12:30:00', '2026-03-20 12:35:00'),
(110, 154, 2, '2026-03-28 12:30:00', 45.00, 'TX-000154', 'Uplata po racunu.', '2026-03-28 12:30:00', '2026-03-28 12:35:00'),
(111, 155, 3, '2026-03-31 12:30:00', 45.00, 'TX-000155', 'Uplata po racunu.', '2026-03-31 12:30:00', '2026-03-31 12:35:00'),
(112, 157, 4, '2026-04-08 12:45:00', 12.50, 'TX-000157P', 'Djelomicna uplata.', '2026-04-08 12:45:00', '2026-04-08 12:50:00'),
(113, 158, 5, '2026-04-06 12:30:00', 146.00, 'TX-000158', 'Uplata po racunu.', '2026-04-06 12:30:00', '2026-04-06 12:35:00'),
(114, 160, 5, '2026-04-08 12:30:00', 65.00, 'TX-000160', 'Uplata po racunu.', '2026-04-08 12:30:00', '2026-04-08 12:35:00'),
(115, 161, 2, '2026-04-10 12:45:00', 40.38, 'TX-000161P', 'Djelomicna uplata.', '2026-04-10 12:45:00', '2026-04-10 12:50:00'),
(116, 162, 4, '2026-04-16 12:30:00', 50.00, 'TX-000162', 'Uplata po racunu.', '2026-04-16 12:30:00', '2026-04-16 12:35:00'),
(117, 163, 3, '2026-04-23 12:30:00', 120.00, 'TX-000163', 'Uplata po racunu.', '2026-04-23 12:30:00', '2026-04-23 12:35:00'),
(118, 164, 2, '2026-04-23 12:30:00', 55.00, 'TX-000164', 'Uplata po racunu.', '2026-04-23 12:30:00', '2026-04-23 12:35:00'),
(119, 165, 5, '2026-04-24 12:30:00', 45.00, 'TX-000165', 'Uplata po racunu.', '2026-04-24 12:30:00', '2026-04-24 12:35:00'),
(120, 166, 1, '2026-04-25 12:30:00', 75.00, 'TX-000166', 'Uplata po racunu.', '2026-04-25 12:30:00', '2026-04-25 12:35:00'),
(121, 167, 4, '2026-04-27 12:30:00', 60.00, 'TX-000167', 'Uplata po racunu.', '2026-04-27 12:30:00', '2026-04-27 12:35:00'),
(122, 168, 3, '2026-04-30 12:30:00', 42.75, 'TX-000168', 'Uplata po racunu.', '2026-04-30 12:30:00', '2026-04-30 12:35:00'),
(123, 170, 5, '2026-04-30 12:30:00', 45.00, 'TX-000170', 'Uplata po racunu.', '2026-04-30 12:30:00', '2026-04-30 12:35:00'),
(124, 171, 4, '2026-05-07 12:45:00', 22.50, 'TX-000171P', 'Djelomicna uplata.', '2026-05-07 12:45:00', '2026-05-07 12:50:00'),
(125, 173, 3, '2026-05-13 12:30:00', 65.00, 'TX-000173', 'Uplata po racunu.', '2026-05-13 12:30:00', '2026-05-13 12:35:00'),
(126, 176, 1, '2026-02-11 12:30:00', 61.75, 'TX-000176', 'Uplata po racunu.', '2026-02-11 12:30:00', '2026-02-11 12:35:00'),
(127, 178, 5, '2026-02-16 12:30:00', 60.00, 'TX-000178', 'Uplata po racunu.', '2026-02-16 12:30:00', '2026-02-16 12:35:00'),
(128, 179, 5, '2026-02-17 12:30:00', 71.25, 'TX-000179', 'Uplata po racunu.', '2026-02-17 12:30:00', '2026-02-17 12:35:00'),
(129, 180, 1, '2026-02-18 12:30:00', 70.00, 'TX-000180', 'Uplata po racunu.', '2026-02-18 12:30:00', '2026-02-18 12:35:00'),
(130, 181, 2, '2026-02-22 12:30:00', 130.00, 'TX-000181', 'Uplata po racunu.', '2026-02-22 12:30:00', '2026-02-22 12:35:00'),
(131, 184, 4, '2026-03-01 12:30:00', 65.00, 'TX-000184', 'Uplata po racunu.', '2026-03-01 12:30:00', '2026-03-01 12:35:00'),
(132, 185, 4, '2026-03-03 12:30:00', 49.50, 'TX-000185', 'Uplata po racunu.', '2026-03-03 12:30:00', '2026-03-03 12:35:00');
